{
  "type": "FeatureCollection",
  "generated_at": "2026-09-01T21:04:03.785394+00:00",
  "count": 285,
  "features": [
    {
      "type": "Feature",
      "geometry": {
        "type": "Polygon",
        "coordinates": [
          [
            [
              108.037066,
              12.528653
            ],
            [
              108.20312,
              12.528653
            ],
            [
              108.20312,
              12.697726
            ],
            [
              108.037066,
              12.697726
            ],
            [
              108.037066,
              12.528653
            ]
          ]
        ]
      },
      "properties": {
        "id": "B020001100D92B10",
        "source": "MGP",
        "sensor": "WV01",
        "type": "optical",
        "datetime": "2026-09-01T06:26:36.334422Z",
        "cloud_cover": 81.82815153749314,
        "name": "B020001100D92B10",
        "thumbnail_url": "https://api.maxar.com/discovery/v1/collections/wv01/items/B020001100D92B10/assets/collections/dg-archive/assets/browse/B020001100D92B10.browse.tif",
        "metadata_url": "https://api.maxar.com/discovery/v1/collections/wv01/items/B020001100D92B10",
        "download_url": null,
        "links": [
          {
            "label": "Vantor Hub（旧MGP Pro）で開く",
            "url": "https://pro.maxar.com"
          }
        ],
        "first_seen": "2026-09-01T21:01:55.948965+00:00"
      }
    },
    {
      "type": "Feature",
      "geometry": {
        "type": "Polygon",
        "coordinates": [
          [
            [
              107.933393,
              13.870867
            ],
            [
              108.096086,
              13.870867
            ],
            [
              108.096086,
              14.03133
            ],
            [
              107.933393,
              14.03133
            ],
            [
              107.933393,
              13.870867
            ]
          ]
        ]
      },
      "properties": {
        "id": "B020001100D92A10",
        "source": "MGP",
        "sensor": "WV01",
        "type": "optical",
        "datetime": "2026-09-01T06:26:27.384173Z",
        "cloud_cover": 99.98706277229613,
        "name": "B020001100D92A10",
        "thumbnail_url": "https://api.maxar.com/discovery/v1/collections/wv01/items/B020001100D92A10/assets/collections/dg-archive/assets/browse/B020001100D92A10.browse.tif",
        "metadata_url": "https://api.maxar.com/discovery/v1/collections/wv01/items/B020001100D92A10",
        "download_url": null,
        "links": [
          {
            "label": "Vantor Hub（旧MGP Pro）で開く",
            "url": "https://pro.maxar.com"
          }
        ],
        "first_seen": "2026-09-01T21:01:55.948965+00:00"
      }
    },
    {
      "type": "Feature",
      "geometry": {
        "type": "Polygon",
        "coordinates": [
          [
            [
              108.10692,
              15.870605
            ],
            [
              108.289934,
              15.870605
            ],
            [
              108.289934,
              16.077401
            ],
            [
              108.10692,
              16.077401
            ],
            [
              108.10692,
              15.870605
            ]
          ]
        ]
      },
      "properties": {
        "id": "B020001100D92910",
        "source": "MGP",
        "sensor": "WV01",
        "type": "optical",
        "datetime": "2026-09-01T06:25:22.434514Z",
        "cloud_cover": 99.94791718413943,
        "name": "B020001100D92910",
        "thumbnail_url": "https://api.maxar.com/discovery/v1/collections/wv01/items/B020001100D92910/assets/collections/dg-archive/assets/browse/B020001100D92910.browse.tif",
        "metadata_url": "https://api.maxar.com/discovery/v1/collections/wv01/items/B020001100D92910",
        "download_url": null,
        "links": [
          {
            "label": "Vantor Hub（旧MGP Pro）で開く",
            "url": "https://pro.maxar.com"
          }
        ],
        "first_seen": "2026-09-01T21:01:55.948965+00:00"
      }
    },
    {
      "type": "Feature",
      "geometry": {
        "type": "Polygon",
        "coordinates": [
          [
            [
              107.250248,
              13.991837
            ],
            [
              107.35067,
              13.991837
            ],
            [
              107.35067,
              15.537465
            ],
            [
              107.250248,
              15.537465
            ],
            [
              107.250248,
              13.991837
            ]
          ]
        ]
      },
      "properties": {
        "id": "B160001101D13810",
        "source": "MGP",
        "sensor": "WORLDVIEW-LEGION-06",
        "type": "optical",
        "datetime": "2026-09-01T05:59:37.874689Z",
        "cloud_cover": 99.95560278837354,
        "name": "B160001101D13810",
        "thumbnail_url": "https://api.maxar.com/discovery/v1/collections/lg06/items/B160001101D13810/assets/collections/dg-archive/assets/browse/B160001101D13810.browse.tif",
        "metadata_url": "https://api.maxar.com/discovery/v1/collections/lg06/items/B160001101D13810",
        "download_url": null,
        "links": [
          {
            "label": "Vantor Hub（旧MGP Pro）で開く",
            "url": "https://pro.maxar.com"
          }
        ],
        "first_seen": "2026-09-01T21:01:55.948965+00:00"
      }
    },
    {
      "type": "Feature",
      "geometry": {
        "type": "Polygon",
        "coordinates": [
          [
            [
              106.628017,
              10.755196
            ],
            [
              106.739273,
              10.755196
            ],
            [
              106.739273,
              10.937425
            ],
            [
              106.628017,
              10.937425
            ],
            [
              106.628017,
              10.755196
            ]
          ]
        ]
      },
      "properties": {
        "id": "B160001101D12D10",
        "source": "MGP",
        "sensor": "WORLDVIEW-LEGION-06",
        "type": "optical",
        "datetime": "2026-09-01T05:58:47.874605Z",
        "cloud_cover": 99.90412620050564,
        "name": "B160001101D12D10",
        "thumbnail_url": "https://api.maxar.com/discovery/v1/collections/lg06/items/B160001101D12D10/assets/collections/dg-archive/assets/browse/B160001101D12D10.browse.tif",
        "metadata_url": "https://api.maxar.com/discovery/v1/collections/lg06/items/B160001101D12D10",
        "download_url": null,
        "links": [
          {
            "label": "Vantor Hub（旧MGP Pro）で開く",
            "url": "https://pro.maxar.com"
          }
        ],
        "first_seen": "2026-09-01T21:01:55.948965+00:00"
      }
    },
    {
      "type": "Feature",
      "geometry": {
        "type": "Polygon",
        "coordinates": [
          [
            [
              106.573109,
              9.472795
            ],
            [
              106.679076,
              9.472795
            ],
            [
              106.679076,
              10.019319
            ],
            [
              106.573109,
              10.019319
            ],
            [
              106.573109,
              9.472795
            ]
          ]
        ]
      },
      "properties": {
        "id": "B1200011011D1410",
        "source": "MGP",
        "sensor": "WORLDVIEW-LEGION-02",
        "type": "optical",
        "datetime": "2026-09-01T03:35:46.882000Z",
        "cloud_cover": 48.759334330386075,
        "name": "B1200011011D1410",
        "thumbnail_url": "https://api.maxar.com/discovery/v1/collections/lg02/items/B1200011011D1410/assets/collections/dg-archive/assets/browse/B1200011011D1410.browse.tif",
        "metadata_url": "https://api.maxar.com/discovery/v1/collections/lg02/items/B1200011011D1410",
        "download_url": null,
        "links": [
          {
            "label": "Vantor Hub（旧MGP Pro）で開く",
            "url": "https://pro.maxar.com"
          }
        ],
        "first_seen": "2026-09-01T21:01:55.948965+00:00"
      }
    },
    {
      "type": "Feature",
      "geometry": {
        "type": "Polygon",
        "coordinates": [
          [
            [
              106.629093,
              10.766396
            ],
            [
              106.737492,
              10.766396
            ],
            [
              106.737492,
              10.932411
            ],
            [
              106.629093,
              10.932411
            ],
            [
              106.629093,
              10.766396
            ]
          ]
        ]
      },
      "properties": {
        "id": "B1200011011CF910",
        "source": "MGP",
        "sensor": "WORLDVIEW-LEGION-02",
        "type": "optical",
        "datetime": "2026-09-01T03:35:30.132000Z",
        "cloud_cover": 40.15259130520292,
        "name": "B1200011011CF910",
        "thumbnail_url": "https://api.maxar.com/discovery/v1/collections/lg02/items/B1200011011CF910/assets/collections/dg-archive/assets/browse/B1200011011CF910.browse.tif",
        "metadata_url": "https://api.maxar.com/discovery/v1/collections/lg02/items/B1200011011CF910",
        "download_url": null,
        "links": [
          {
            "label": "Vantor Hub（旧MGP Pro）で開く",
            "url": "https://pro.maxar.com"
          }
        ],
        "first_seen": "2026-09-01T21:01:55.948965+00:00"
      }
    },
    {
      "type": "Feature",
      "geometry": {
        "type": "Polygon",
        "coordinates": [
          [
            [
              102.616319,
              18.064957
            ],
            [
              102.799399,
              18.064957
            ],
            [
              102.799399,
              18.11646
            ],
            [
              102.616319,
              18.11646
            ],
            [
              102.616319,
              18.064957
            ]
          ]
        ]
      },
      "properties": {
        "id": "B050001100687810",
        "source": "MGP",
        "sensor": "GE01",
        "type": "optical",
        "datetime": "2026-09-01T03:35:16.485627Z",
        "cloud_cover": 59.54244992348394,
        "name": "B050001100687810",
        "thumbnail_url": "https://api.maxar.com/discovery/v1/collections/ge01/items/B050001100687810/assets/collections/dg-archive/assets/browse/B050001100687810.browse.tif",
        "metadata_url": "https://api.maxar.com/discovery/v1/collections/ge01/items/B050001100687810",
        "download_url": null,
        "links": [
          {
            "label": "Vantor Hub（旧MGP Pro）で開く",
            "url": "https://pro.maxar.com"
          }
        ],
        "first_seen": "2026-09-01T21:01:55.948965+00:00"
      }
    },
    {
      "type": "Feature",
      "geometry": {
        "type": "Polygon",
        "coordinates": [
          [
            [
              107.843751,
              12.969186
            ],
            [
              107.946089,
              12.969186
            ],
            [
              107.946089,
              14.019746
            ],
            [
              107.843751,
              14.019746
            ],
            [
              107.843751,
              12.969186
            ]
          ]
        ]
      },
      "properties": {
        "id": "B1200011011CF410",
        "source": "MGP",
        "sensor": "WORLDVIEW-LEGION-02",
        "type": "optical",
        "datetime": "2026-09-01T03:34:49.624678Z",
        "cloud_cover": 98.56125569886952,
        "name": "B1200011011CF410",
        "thumbnail_url": "https://api.maxar.com/discovery/v1/collections/lg02/items/B1200011011CF410/assets/collections/dg-archive/assets/browse/B1200011011CF410.browse.tif",
        "metadata_url": "https://api.maxar.com/discovery/v1/collections/lg02/items/B1200011011CF410",
        "download_url": null,
        "links": [
          {
            "label": "Vantor Hub（旧MGP Pro）で開く",
            "url": "https://pro.maxar.com"
          }
        ],
        "first_seen": "2026-09-01T21:01:55.948965+00:00"
      }
    },
    {
      "type": "Feature",
      "geometry": {
        "type": "Polygon",
        "coordinates": [
          [
            [
              109.109527,
              19.27341
            ],
            [
              109.228063,
              19.27341
            ],
            [
              109.228063,
              19.404434
            ],
            [
              109.109527,
              19.404434
            ],
            [
              109.109527,
              19.27341
            ]
          ]
        ]
      },
      "properties": {
        "id": "B1400011010AE910",
        "source": "MGP",
        "sensor": "WORLDVIEW-LEGION-04",
        "type": "optical",
        "datetime": "2026-09-01T09:47:01.874662Z",
        "cloud_cover": 99.18850771846549,
        "name": "B1400011010AE910",
        "thumbnail_url": "https://api.maxar.com/discovery/v1/collections/lg04/items/B1400011010AE910/assets/collections/dg-archive/assets/browse/B1400011010AE910.browse.tif",
        "metadata_url": "https://api.maxar.com/discovery/v1/collections/lg04/items/B1400011010AE910",
        "download_url": null,
        "links": [
          {
            "label": "Vantor Hub（旧MGP Pro）で開く",
            "url": "https://pro.maxar.com"
          }
        ],
        "first_seen": "2026-09-01T21:01:55.948965+00:00"
      }
    },
    {
      "type": "Feature",
      "geometry": {
        "type": "Polygon",
        "coordinates": [
          [
            [
              111.914336,
              16.308438
            ],
            [
              112.228168,
              16.308438
            ],
            [
              112.228168,
              16.634966
            ],
            [
              111.914336,
              16.634966
            ],
            [
              111.914336,
              16.308438
            ]
          ]
        ]
      },
      "properties": {
        "id": "B020001100D90610",
        "source": "MGP",
        "sensor": "WV01",
        "type": "optical",
        "datetime": "2026-09-01T06:26:01.634260Z",
        "cloud_cover": 99.95104234670629,
        "name": "B020001100D90610",
        "thumbnail_url": "https://api.maxar.com/discovery/v1/collections/wv01/items/B020001100D90610/assets/collections/dg-archive/assets/browse/B020001100D90610.browse.tif",
        "metadata_url": "https://api.maxar.com/discovery/v1/collections/wv01/items/B020001100D90610",
        "download_url": null,
        "links": [
          {
            "label": "Vantor Hub（旧MGP Pro）で開く",
            "url": "https://pro.maxar.com"
          }
        ],
        "first_seen": "2026-09-01T21:01:55.948965+00:00"
      }
    },
    {
      "type": "Feature",
      "geometry": {
        "type": "Polygon",
        "coordinates": [
          [
            [
              111.649415,
              16.329665
            ],
            [
              111.93579,
              16.329665
            ],
            [
              111.93579,
              16.618281
            ],
            [
              111.649415,
              16.618281
            ],
            [
              111.649415,
              16.329665
            ]
          ]
        ]
      },
      "properties": {
        "id": "B020001100D90410",
        "source": "MGP",
        "sensor": "WV01",
        "type": "optical",
        "datetime": "2026-09-01T06:25:54.784345Z",
        "cloud_cover": 99.91909185844892,
        "name": "B020001100D90410",
        "thumbnail_url": "https://api.maxar.com/discovery/v1/collections/wv01/items/B020001100D90410/assets/collections/dg-archive/assets/browse/B020001100D90410.browse.tif",
        "metadata_url": "https://api.maxar.com/discovery/v1/collections/wv01/items/B020001100D90410",
        "download_url": null,
        "links": [
          {
            "label": "Vantor Hub（旧MGP Pro）で開く",
            "url": "https://pro.maxar.com"
          }
        ],
        "first_seen": "2026-09-01T21:01:55.948965+00:00"
      }
    },
    {
      "type": "Feature",
      "geometry": {
        "type": "Polygon",
        "coordinates": [
          [
            [
              111.40845,
              16.340127
            ],
            [
              111.670205,
              16.340127
            ],
            [
              111.670205,
              16.600152
            ],
            [
              111.40845,
              16.600152
            ],
            [
              111.40845,
              16.340127
            ]
          ]
        ]
      },
      "properties": {
        "id": "B020001100D90310",
        "source": "MGP",
        "sensor": "WV01",
        "type": "optical",
        "datetime": "2026-09-01T06:25:48.034429Z",
        "cloud_cover": 83.95680036566084,
        "name": "B020001100D90310",
        "thumbnail_url": "https://api.maxar.com/discovery/v1/collections/wv01/items/B020001100D90310/assets/collections/dg-archive/assets/browse/B020001100D90310.browse.tif",
        "metadata_url": "https://api.maxar.com/discovery/v1/collections/wv01/items/B020001100D90310",
        "download_url": null,
        "links": [
          {
            "label": "Vantor Hub（旧MGP Pro）で開く",
            "url": "https://pro.maxar.com"
          }
        ],
        "first_seen": "2026-09-01T21:01:55.948965+00:00"
      }
    },
    {
      "type": "Feature",
      "geometry": {
        "type": "Polygon",
        "coordinates": [
          [
            [
              109.075381,
              18.552839
            ],
            [
              109.243537,
              18.552839
            ],
            [
              109.243537,
              18.718642
            ],
            [
              109.075381,
              18.718642
            ],
            [
              109.075381,
              18.552839
            ]
          ]
        ]
      },
      "properties": {
        "id": "B020001100D92810",
        "source": "MGP",
        "sensor": "WV01",
        "type": "optical",
        "datetime": "2026-09-01T06:25:06.484268Z",
        "cloud_cover": 99.98317339882621,
        "name": "B020001100D92810",
        "thumbnail_url": "https://api.maxar.com/discovery/v1/collections/wv01/items/B020001100D92810/assets/collections/dg-archive/assets/browse/B020001100D92810.browse.tif",
        "metadata_url": "https://api.maxar.com/discovery/v1/collections/wv01/items/B020001100D92810",
        "download_url": null,
        "links": [
          {
            "label": "Vantor Hub（旧MGP Pro）で開く",
            "url": "https://pro.maxar.com"
          }
        ],
        "first_seen": "2026-09-01T21:01:55.948965+00:00"
      }
    },
    {
      "type": "Feature",
      "geometry": {
        "type": "Polygon",
        "coordinates": [
          [
            [
              110.368398,
              19.801011
            ],
            [
              110.555853,
              19.801011
            ],
            [
              110.555853,
              19.972393
            ],
            [
              110.368398,
              19.972393
            ],
            [
              110.368398,
              19.801011
            ]
          ]
        ]
      },
      "properties": {
        "id": "B020001100D92710",
        "source": "MGP",
        "sensor": "WV01",
        "type": "optical",
        "datetime": "2026-09-01T06:24:54.534688Z",
        "cloud_cover": 99.99664324874931,
        "name": "B020001100D92710",
        "thumbnail_url": "https://api.maxar.com/discovery/v1/collections/wv01/items/B020001100D92710/assets/collections/dg-archive/assets/browse/B020001100D92710.browse.tif",
        "metadata_url": "https://api.maxar.com/discovery/v1/collections/wv01/items/B020001100D92710",
        "download_url": null,
        "links": [
          {
            "label": "Vantor Hub（旧MGP Pro）で開く",
            "url": "https://pro.maxar.com"
          }
        ],
        "first_seen": "2026-09-01T21:01:55.948965+00:00"
      }
    },
    {
      "type": "Feature",
      "geometry": {
        "type": "Polygon",
        "coordinates": [
          [
            [
              110.508772,
              18.480922
            ],
            [
              110.610766,
              18.480922
            ],
            [
              110.610766,
              19.015977
            ],
            [
              110.508772,
              19.015977
            ],
            [
              110.508772,
              18.480922
            ]
          ]
        ]
      },
      "properties": {
        "id": "B160001101D13710",
        "source": "MGP",
        "sensor": "WORLDVIEW-LEGION-06",
        "type": "optical",
        "datetime": "2026-09-01T06:00:54.499655Z",
        "cloud_cover": 99.91660523992829,
        "name": "B160001101D13710",
        "thumbnail_url": "https://api.maxar.com/discovery/v1/collections/lg06/items/B160001101D13710/assets/collections/dg-archive/assets/browse/B160001101D13710.browse.tif",
        "metadata_url": "https://api.maxar.com/discovery/v1/collections/lg06/items/B160001101D13710",
        "download_url": null,
        "links": [
          {
            "label": "Vantor Hub（旧MGP Pro）で開く",
            "url": "https://pro.maxar.com"
          }
        ],
        "first_seen": "2026-09-01T21:01:55.948965+00:00"
      }
    },
    {
      "type": "Feature",
      "geometry": {
        "type": "Polygon",
        "coordinates": [
          [
            [
              116.487607,
              9.695611
            ],
            [
              116.665915,
              9.695611
            ],
            [
              116.665915,
              9.849097
            ],
            [
              116.487607,
              9.849097
            ],
            [
              116.487607,
              9.695611
            ]
          ]
        ]
      },
      "properties": {
        "id": "B13000110116A810",
        "source": "MGP",
        "sensor": "WORLDVIEW-LEGION-03",
        "type": "optical",
        "datetime": "2026-09-01T03:31:30.749832Z",
        "cloud_cover": 12.693198076318565,
        "name": "B13000110116A810",
        "thumbnail_url": "https://api.maxar.com/discovery/v1/collections/lg03/items/B13000110116A810/assets/collections/dg-archive/assets/browse/B13000110116A810.browse.tif",
        "metadata_url": "https://api.maxar.com/discovery/v1/collections/lg03/items/B13000110116A810",
        "download_url": null,
        "links": [
          {
            "label": "Vantor Hub（旧MGP Pro）で開く",
            "url": "https://pro.maxar.com"
          }
        ],
        "first_seen": "2026-09-01T21:01:55.948965+00:00"
      }
    },
    {
      "type": "Feature",
      "geometry": {
        "type": "Polygon",
        "coordinates": [
          [
            [
              115.800724,
              9.685161
            ],
            [
              115.960586,
              9.685161
            ],
            [
              115.960586,
              9.836439
            ],
            [
              115.800724,
              9.836439
            ],
            [
              115.800724,
              9.685161
            ]
          ]
        ]
      },
      "properties": {
        "id": "B13000110116A710",
        "source": "MGP",
        "sensor": "WORLDVIEW-LEGION-03",
        "type": "optical",
        "datetime": "2026-09-01T03:31:02.624937Z",
        "cloud_cover": 18.64561943874059,
        "name": "B13000110116A710",
        "thumbnail_url": "https://api.maxar.com/discovery/v1/collections/lg03/items/B13000110116A710/assets/collections/dg-archive/assets/browse/B13000110116A710.browse.tif",
        "metadata_url": "https://api.maxar.com/discovery/v1/collections/lg03/items/B13000110116A710",
        "download_url": null,
        "links": [
          {
            "label": "Vantor Hub（旧MGP Pro）で開く",
            "url": "https://pro.maxar.com"
          }
        ],
        "first_seen": "2026-09-01T21:01:55.948965+00:00"
      }
    },
    {
      "type": "Feature",
      "geometry": {
        "type": "Polygon",
        "coordinates": [
          [
            [
              116.118448,
              10.565234
            ],
            [
              116.241815,
              10.565234
            ],
            [
              116.241815,
              10.712349
            ],
            [
              116.118448,
              10.712349
            ],
            [
              116.118448,
              10.565234
            ]
          ]
        ]
      },
      "properties": {
        "id": "B13000110116A610",
        "source": "MGP",
        "sensor": "WORLDVIEW-LEGION-03",
        "type": "optical",
        "datetime": "2026-09-01T03:30:40.499785Z",
        "cloud_cover": 0.0,
        "name": "B13000110116A610",
        "thumbnail_url": "https://api.maxar.com/discovery/v1/collections/lg03/items/B13000110116A610/assets/collections/dg-archive/assets/browse/B13000110116A610.browse.tif",
        "metadata_url": "https://api.maxar.com/discovery/v1/collections/lg03/items/B13000110116A610",
        "download_url": null,
        "links": [
          {
            "label": "Vantor Hub（旧MGP Pro）で開く",
            "url": "https://pro.maxar.com"
          }
        ],
        "first_seen": "2026-09-01T21:01:55.948965+00:00"
      }
    },
    {
      "type": "Feature",
      "geometry": {
        "type": "Polygon",
        "coordinates": [
          [
            [
              114.553925,
              9.866489
            ],
            [
              114.697272,
              9.866489
            ],
            [
              114.697272,
              10.075417
            ],
            [
              114.553925,
              10.075417
            ],
            [
              114.553925,
              9.866489
            ]
          ]
        ]
      },
      "properties": {
        "id": "B13000110116A510",
        "source": "MGP",
        "sensor": "WORLDVIEW-LEGION-03",
        "type": "optical",
        "datetime": "2026-09-01T03:30:05.374693Z",
        "cloud_cover": 10.005359957120342,
        "name": "B13000110116A510",
        "thumbnail_url": "https://api.maxar.com/discovery/v1/collections/lg03/items/B13000110116A510/assets/collections/dg-archive/assets/browse/B13000110116A510.browse.tif",
        "metadata_url": "https://api.maxar.com/discovery/v1/collections/lg03/items/B13000110116A510",
        "download_url": null,
        "links": [
          {
            "label": "Vantor Hub（旧MGP Pro）で開く",
            "url": "https://pro.maxar.com"
          }
        ],
        "first_seen": "2026-09-01T21:01:55.948965+00:00"
      }
    },
    {
      "type": "Feature",
      "geometry": {
        "type": "Polygon",
        "coordinates": [
          [
            [
              118.597198,
              11.424833
            ],
            [
              118.769587,
              11.424833
            ],
            [
              118.769587,
              11.673908
            ],
            [
              118.597198,
              11.673908
            ],
            [
              118.597198,
              11.424833
            ]
          ]
        ]
      },
      "properties": {
        "id": "B13000110116A410",
        "source": "MGP",
        "sensor": "WORLDVIEW-LEGION-03",
        "type": "optical",
        "datetime": "2026-09-01T03:29:21.249690Z",
        "cloud_cover": 91.8158337971721,
        "name": "B13000110116A410",
        "thumbnail_url": "https://api.maxar.com/discovery/v1/collections/lg03/items/B13000110116A410/assets/collections/dg-archive/assets/browse/B13000110116A410.browse.tif",
        "metadata_url": "https://api.maxar.com/discovery/v1/collections/lg03/items/B13000110116A410",
        "download_url": null,
        "links": [
          {
            "label": "Vantor Hub（旧MGP Pro）で開く",
            "url": "https://pro.maxar.com"
          }
        ],
        "first_seen": "2026-09-01T21:01:55.948965+00:00"
      }
    },
    {
      "type": "Feature",
      "geometry": {
        "type": "Polygon",
        "coordinates": [
          [
            [
              109.609259,
              18.141239
            ],
            [
              109.738815,
              18.141239
            ],
            [
              109.738815,
              18.293174
            ],
            [
              109.609259,
              18.293174
            ],
            [
              109.609259,
              18.141239
            ]
          ]
        ]
      },
      "properties": {
        "id": "B13000110116E610",
        "source": "MGP",
        "sensor": "WORLDVIEW-LEGION-03",
        "type": "optical",
        "datetime": "2026-09-01T03:28:15.499831Z",
        "cloud_cover": 98.57913351379995,
        "name": "B13000110116E610",
        "thumbnail_url": "https://api.maxar.com/discovery/v1/collections/lg03/items/B13000110116E610/assets/collections/dg-archive/assets/browse/B13000110116E610.browse.tif",
        "metadata_url": "https://api.maxar.com/discovery/v1/collections/lg03/items/B13000110116E610",
        "download_url": null,
        "links": [
          {
            "label": "Vantor Hub（旧MGP Pro）で開く",
            "url": "https://pro.maxar.com"
          }
        ],
        "first_seen": "2026-09-01T21:01:55.948965+00:00"
      }
    },
    {
      "type": "Feature",
      "geometry": {
        "type": "Polygon",
        "coordinates": [
          [
            [
              114.514516,
              9.858495
            ],
            [
              114.736776,
              9.858495
            ],
            [
              114.736776,
              10.076279
            ],
            [
              114.514516,
              10.076279
            ],
            [
              114.514516,
              9.858495
            ]
          ]
        ]
      },
      "properties": {
        "id": "B04000110090CB10",
        "source": "MGP",
        "sensor": "WV03",
        "type": "optical",
        "datetime": "2026-09-01T03:13:34.857986Z",
        "cloud_cover": 1.042176777261635,
        "name": "B04000110090CB10",
        "thumbnail_url": "https://api.maxar.com/discovery/v1/collections/wv03-vnir/items/B04000110090CB10/assets/collections/dg-archive/assets/browse/B04000110090CB10.browse.tif",
        "metadata_url": "https://api.maxar.com/discovery/v1/collections/wv03-vnir/items/B04000110090CB10",
        "download_url": null,
        "links": [
          {
            "label": "Vantor Hub（旧MGP Pro）で開く",
            "url": "https://pro.maxar.com"
          }
        ],
        "first_seen": "2026-09-01T21:01:55.948965+00:00"
      }
    },
    {
      "type": "Feature",
      "geometry": {
        "type": "Polygon",
        "coordinates": [
          [
            [
              116.046888,
              10.538469
            ],
            [
              116.316589,
              10.538469
            ],
            [
              116.316589,
              10.734188
            ],
            [
              116.046888,
              10.734188
            ],
            [
              116.046888,
              10.538469
            ]
          ]
        ]
      },
      "properties": {
        "id": "B04000110090C810",
        "source": "MGP",
        "sensor": "WV03",
        "type": "optical",
        "datetime": "2026-09-01T03:13:07.007662Z",
        "cloud_cover": 0.5092402535503309,
        "name": "B04000110090C810",
        "thumbnail_url": "https://api.maxar.com/discovery/v1/collections/wv03-vnir/items/B04000110090C810/assets/collections/dg-archive/assets/browse/B04000110090C810.browse.tif",
        "metadata_url": "https://api.maxar.com/discovery/v1/collections/wv03-vnir/items/B04000110090C810",
        "download_url": null,
        "links": [
          {
            "label": "Vantor Hub（旧MGP Pro）で開く",
            "url": "https://pro.maxar.com"
          }
        ],
        "first_seen": "2026-09-01T21:01:55.948965+00:00"
      }
    },
    {
      "type": "Feature",
      "geometry": {
        "type": "Polygon",
        "coordinates": [
          [
            [
              115.763628,
              9.689132
            ],
            [
              115.999636,
              9.689132
            ],
            [
              115.999636,
              9.85523
            ],
            [
              115.763628,
              9.85523
            ],
            [
              115.763628,
              9.689132
            ]
          ]
        ]
      },
      "properties": {
        "id": "B04000110090C710",
        "source": "MGP",
        "sensor": "WV03",
        "type": "optical",
        "datetime": "2026-09-01T03:12:47.707714Z",
        "cloud_cover": 25.296610552858763,
        "name": "B04000110090C710",
        "thumbnail_url": "https://api.maxar.com/discovery/v1/collections/wv03-vnir/items/B04000110090C710/assets/collections/dg-archive/assets/browse/B04000110090C710.browse.tif",
        "metadata_url": "https://api.maxar.com/discovery/v1/collections/wv03-vnir/items/B04000110090C710",
        "download_url": null,
        "links": [
          {
            "label": "Vantor Hub（旧MGP Pro）で開く",
            "url": "https://pro.maxar.com"
          }
        ],
        "first_seen": "2026-09-01T21:01:55.948965+00:00"
      }
    },
    {
      "type": "Feature",
      "geometry": {
        "type": "Polygon",
        "coordinates": [
          [
            [
              116.511386,
              9.674912
            ],
            [
              116.643454,
              9.674912
            ],
            [
              116.643454,
              9.870154
            ],
            [
              116.511386,
              9.870154
            ],
            [
              116.511386,
              9.674912
            ]
          ]
        ]
      },
      "properties": {
        "id": "B1100011011B9310",
        "source": "MGP",
        "sensor": "WORLDVIEW-LEGION-01",
        "type": "optical",
        "datetime": "2026-09-01T02:51:49.881000Z",
        "cloud_cover": 3.1428533567733985,
        "name": "B1100011011B9310",
        "thumbnail_url": "https://api.maxar.com/discovery/v1/collections/lg01/items/B1100011011B9310/assets/collections/dg-archive/assets/browse/B1100011011B9310.browse.tif",
        "metadata_url": "https://api.maxar.com/discovery/v1/collections/lg01/items/B1100011011B9310",
        "download_url": null,
        "links": [
          {
            "label": "Vantor Hub（旧MGP Pro）で開く",
            "url": "https://pro.maxar.com"
          }
        ],
        "first_seen": "2026-09-01T21:01:55.948965+00:00"
      }
    },
    {
      "type": "Feature",
      "geometry": {
        "type": "Polygon",
        "coordinates": [
          [
            [
              114.525144,
              9.885351
            ],
            [
              114.723739,
              9.885351
            ],
            [
              114.723739,
              10.052121
            ],
            [
              114.525144,
              10.052121
            ],
            [
              114.525144,
              9.885351
            ]
          ]
        ]
      },
      "properties": {
        "id": "B1100011011B9110",
        "source": "MGP",
        "sensor": "WORLDVIEW-LEGION-01",
        "type": "optical",
        "datetime": "2026-09-01T02:51:15.381000Z",
        "cloud_cover": 4.783425826668281,
        "name": "B1100011011B9110",
        "thumbnail_url": "https://api.maxar.com/discovery/v1/collections/lg01/items/B1100011011B9110/assets/collections/dg-archive/assets/browse/B1100011011B9110.browse.tif",
        "metadata_url": "https://api.maxar.com/discovery/v1/collections/lg01/items/B1100011011B9110",
        "download_url": null,
        "links": [
          {
            "label": "Vantor Hub（旧MGP Pro）で開く",
            "url": "https://pro.maxar.com"
          }
        ],
        "first_seen": "2026-09-01T21:01:55.948965+00:00"
      }
    },
    {
      "type": "Feature",
      "geometry": {
        "type": "Polygon",
        "coordinates": [
          [
            [
              115.796927,
              9.663121
            ],
            [
              115.964997,
              9.663121
            ],
            [
              115.964997,
              9.852962
            ],
            [
              115.796927,
              9.852962
            ],
            [
              115.796927,
              9.663121
            ]
          ]
        ]
      },
      "properties": {
        "id": "B1100011011B9210",
        "source": "MGP",
        "sensor": "WORLDVIEW-LEGION-01",
        "type": "optical",
        "datetime": "2026-09-01T02:50:40.757000Z",
        "cloud_cover": 5.8597985672037165,
        "name": "B1100011011B9210",
        "thumbnail_url": "https://api.maxar.com/discovery/v1/collections/lg01/items/B1100011011B9210/assets/collections/dg-archive/assets/browse/B1100011011B9210.browse.tif",
        "metadata_url": "https://api.maxar.com/discovery/v1/collections/lg01/items/B1100011011B9210",
        "download_url": null,
        "links": [
          {
            "label": "Vantor Hub（旧MGP Pro）で開く",
            "url": "https://pro.maxar.com"
          }
        ],
        "first_seen": "2026-09-01T21:01:55.948965+00:00"
      }
    },
    {
      "type": "Feature",
      "geometry": {
        "type": "Polygon",
        "coordinates": [
          [
            [
              118.6294885953299,
              11.47236117539081
            ],
            [
              118.73821206090372,
              11.47236117539081
            ],
            [
              118.73821206090372,
              11.627383258895232
            ],
            [
              118.6294885953299,
              11.627383258895232
            ],
            [
              118.6294885953299,
              11.47236117539081
            ]
          ]
        ]
      },
      "properties": {
        "id": "B1100011011B9010",
        "source": "MGP",
        "sensor": "MAXAR",
        "type": "optical",
        "datetime": "2026-09-01T02:50:09.256Z",
        "cloud_cover": 54,
        "name": "B1100011011B9010",
        "thumbnail_url": "https://api.maxar.com/analytics/v1/raster/browse/geotiff?function=browse&p=collect_identifier=%22B1100011011B9010%22",
        "metadata_url": "https://api.maxar.com/discovery/v1/collections/cloud-optimized-archive/items/B1100011011B9010",
        "download_url": null,
        "links": [
          {
            "label": "Vantor Hub（旧MGP Pro）で開く",
            "url": "https://pro.maxar.com"
          }
        ],
        "first_seen": "2026-09-01T21:01:55.948965+00:00"
      }
    },
    {
      "type": "Feature",
      "geometry": {
        "type": "Polygon",
        "coordinates": [
          [
            [
              121.113667,
              18.480349
            ],
            [
              121.214197,
              18.480349
            ],
            [
              121.214197,
              19.016542
            ],
            [
              121.113667,
              19.016542
            ],
            [
              121.113667,
              18.480349
            ]
          ]
        ]
      },
      "properties": {
        "id": "B1100011011B9C10",
        "source": "MGP",
        "sensor": "WORLDVIEW-LEGION-01",
        "type": "optical",
        "datetime": "2026-09-01T02:48:17.749577Z",
        "cloud_cover": 80.7343243105742,
        "name": "B1100011011B9C10",
        "thumbnail_url": "https://api.maxar.com/discovery/v1/collections/lg01/items/B1100011011B9C10/assets/collections/dg-archive/assets/browse/B1100011011B9C10.browse.tif",
        "metadata_url": "https://api.maxar.com/discovery/v1/collections/lg01/items/B1100011011B9C10",
        "download_url": null,
        "links": [
          {
            "label": "Vantor Hub（旧MGP Pro）で開く",
            "url": "https://pro.maxar.com"
          }
        ],
        "first_seen": "2026-09-01T21:01:55.948965+00:00"
      }
    },
    {
      "type": "Feature",
      "geometry": {
        "type": "Polygon",
        "coordinates": [
          [
            [
              116.495503,
              9.712449
            ],
            [
              116.66044,
              9.712449
            ],
            [
              116.66044,
              9.866585
            ],
            [
              116.495503,
              9.866585
            ],
            [
              116.495503,
              9.712449
            ]
          ]
        ]
      },
      "properties": {
        "id": "B030001100DA8010",
        "source": "MGP",
        "sensor": "WV02",
        "type": "optical",
        "datetime": "2026-09-01T02:45:38.208755Z",
        "cloud_cover": 1.941887841218822,
        "name": "B030001100DA8010",
        "thumbnail_url": "https://api.maxar.com/discovery/v1/collections/wv02/items/B030001100DA8010/assets/collections/dg-archive/assets/browse/B030001100DA8010.browse.tif",
        "metadata_url": "https://api.maxar.com/discovery/v1/collections/wv02/items/B030001100DA8010",
        "download_url": null,
        "links": [
          {
            "label": "Vantor Hub（旧MGP Pro）で開く",
            "url": "https://pro.maxar.com"
          }
        ],
        "first_seen": "2026-09-01T21:01:55.948965+00:00"
      }
    },
    {
      "type": "Feature",
      "geometry": {
        "type": "Polygon",
        "coordinates": [
          [
            [
              118.587952,
              11.468406
            ],
            [
              118.77989,
              11.468406
            ],
            [
              118.77989,
              11.661308
            ],
            [
              118.587952,
              11.661308
            ],
            [
              118.587952,
              11.468406
            ]
          ]
        ]
      },
      "properties": {
        "id": "B030001100DA7F10",
        "source": "MGP",
        "sensor": "WV02",
        "type": "optical",
        "datetime": "2026-09-01T02:45:15.257571Z",
        "cloud_cover": 41.87034576235972,
        "name": "B030001100DA7F10",
        "thumbnail_url": "https://api.maxar.com/discovery/v1/collections/wv02/items/B030001100DA7F10/assets/collections/dg-archive/assets/browse/B030001100DA7F10.browse.tif",
        "metadata_url": "https://api.maxar.com/discovery/v1/collections/wv02/items/B030001100DA7F10",
        "download_url": null,
        "links": [
          {
            "label": "Vantor Hub（旧MGP Pro）で開く",
            "url": "https://pro.maxar.com"
          }
        ],
        "first_seen": "2026-09-01T21:01:55.948965+00:00"
      }
    },
    {
      "type": "Feature",
      "geometry": {
        "type": "Polygon",
        "coordinates": [
          [
            [
              116.39645,
              9.717342
            ],
            [
              116.546118,
              9.717342
            ],
            [
              116.546118,
              9.839975
            ],
            [
              116.39645,
              9.839975
            ],
            [
              116.39645,
              9.717342
            ]
          ]
        ]
      },
      "properties": {
        "id": "B030001100DBCA10",
        "source": "MGP",
        "sensor": "WV02",
        "type": "optical",
        "datetime": "2026-09-01T02:44:56.307982Z",
        "cloud_cover": 1.4167289150337663,
        "name": "B030001100DBCA10",
        "thumbnail_url": "https://api.maxar.com/discovery/v1/collections/wv02/items/B030001100DBCA10/assets/collections/dg-archive/assets/browse/B030001100DBCA10.browse.tif",
        "metadata_url": "https://api.maxar.com/discovery/v1/collections/wv02/items/B030001100DBCA10",
        "download_url": null,
        "links": [
          {
            "label": "Vantor Hub（旧MGP Pro）で開く",
            "url": "https://pro.maxar.com"
          }
        ],
        "first_seen": "2026-09-01T21:01:55.948965+00:00"
      }
    },
    {
      "type": "Feature",
      "geometry": {
        "type": "Polygon",
        "coordinates": [
          [
            [
              116.104861,
              10.585473
            ],
            [
              116.255587,
              10.585473
            ],
            [
              116.255587,
              10.709173
            ],
            [
              116.104861,
              10.709173
            ],
            [
              116.104861,
              10.585473
            ]
          ]
        ]
      },
      "properties": {
        "id": "B030001100DA7D10",
        "source": "MGP",
        "sensor": "WV02",
        "type": "optical",
        "datetime": "2026-09-01T02:44:41.807987Z",
        "cloud_cover": 0.0015044803424598453,
        "name": "B030001100DA7D10",
        "thumbnail_url": "https://api.maxar.com/discovery/v1/collections/wv02/items/B030001100DA7D10/assets/collections/dg-archive/assets/browse/B030001100DA7D10.browse.tif",
        "metadata_url": "https://api.maxar.com/discovery/v1/collections/wv02/items/B030001100DA7D10",
        "download_url": null,
        "links": [
          {
            "label": "Vantor Hub（旧MGP Pro）で開く",
            "url": "https://pro.maxar.com"
          }
        ],
        "first_seen": "2026-09-01T21:01:55.948965+00:00"
      }
    },
    {
      "type": "Feature",
      "geometry": {
        "type": "Polygon",
        "coordinates": [
          [
            [
              115.437412,
              9.825806
            ],
            [
              115.596895,
              9.825806
            ],
            [
              115.596895,
              9.965004
            ],
            [
              115.437412,
              9.965004
            ],
            [
              115.437412,
              9.825806
            ]
          ]
        ]
      },
      "properties": {
        "id": "B030001100DBC910",
        "source": "MGP",
        "sensor": "WV02",
        "type": "optical",
        "datetime": "2026-09-01T02:44:25.408795Z",
        "cloud_cover": 6.299257253343778,
        "name": "B030001100DBC910",
        "thumbnail_url": "https://api.maxar.com/discovery/v1/collections/wv02/items/B030001100DBC910/assets/collections/dg-archive/assets/browse/B030001100DBC910.browse.tif",
        "metadata_url": "https://api.maxar.com/discovery/v1/collections/wv02/items/B030001100DBC910",
        "download_url": null,
        "links": [
          {
            "label": "Vantor Hub（旧MGP Pro）で開く",
            "url": "https://pro.maxar.com"
          }
        ],
        "first_seen": "2026-09-01T21:01:55.948965+00:00"
      }
    },
    {
      "type": "Feature",
      "geometry": {
        "type": "Polygon",
        "coordinates": [
          [
            [
              115.797569,
              9.672491
            ],
            [
              115.962497,
              9.672491
            ],
            [
              115.962497,
              9.828567
            ],
            [
              115.797569,
              9.828567
            ],
            [
              115.797569,
              9.672491
            ]
          ]
        ]
      },
      "properties": {
        "id": "B030001100DA7C10",
        "source": "MGP",
        "sensor": "WV02",
        "type": "optical",
        "datetime": "2026-09-01T02:44:10.408002Z",
        "cloud_cover": 1.086920818545694,
        "name": "B030001100DA7C10",
        "thumbnail_url": "https://api.maxar.com/discovery/v1/collections/wv02/items/B030001100DA7C10/assets/collections/dg-archive/assets/browse/B030001100DA7C10.browse.tif",
        "metadata_url": "https://api.maxar.com/discovery/v1/collections/wv02/items/B030001100DA7C10",
        "download_url": null,
        "links": [
          {
            "label": "Vantor Hub（旧MGP Pro）で開く",
            "url": "https://pro.maxar.com"
          }
        ],
        "first_seen": "2026-09-01T21:01:55.948965+00:00"
      }
    },
    {
      "type": "Feature",
      "geometry": {
        "type": "Polygon",
        "coordinates": [
          [
            [
              114.527799,
              9.86262
            ],
            [
              114.718814,
              9.86262
            ],
            [
              114.718814,
              10.058989
            ],
            [
              114.527799,
              10.058989
            ],
            [
              114.527799,
              9.86262
            ]
          ]
        ]
      },
      "properties": {
        "id": "B030001100DA7B10",
        "source": "MGP",
        "sensor": "WV02",
        "type": "optical",
        "datetime": "2026-09-01T02:43:55.959208Z",
        "cloud_cover": 6.853980648692935,
        "name": "B030001100DA7B10",
        "thumbnail_url": "https://api.maxar.com/discovery/v1/collections/wv02/items/B030001100DA7B10/assets/collections/dg-archive/assets/browse/B030001100DA7B10.browse.tif",
        "metadata_url": "https://api.maxar.com/discovery/v1/collections/wv02/items/B030001100DA7B10",
        "download_url": null,
        "links": [
          {
            "label": "Vantor Hub（旧MGP Pro）で開く",
            "url": "https://pro.maxar.com"
          }
        ],
        "first_seen": "2026-09-01T21:01:55.948965+00:00"
      }
    },
    {
      "type": "Feature",
      "geometry": {
        "type": "Polygon",
        "coordinates": [
          [
            [
              89.586218,
              31.994464
            ],
            [
              89.707958,
              31.994464
            ],
            [
              89.707958,
              33.529484
            ],
            [
              89.586218,
              33.529484
            ],
            [
              89.586218,
              31.994464
            ]
          ]
        ]
      },
      "properties": {
        "id": "B1400011010B3D10",
        "source": "MGP",
        "sensor": "WORLDVIEW-LEGION-04",
        "type": "optical",
        "datetime": "2026-09-01T09:39:52.257000Z",
        "cloud_cover": 54.76862144595047,
        "name": "B1400011010B3D10",
        "thumbnail_url": "https://api.maxar.com/discovery/v1/collections/lg04/items/B1400011010B3D10/assets/collections/dg-archive/assets/browse/B1400011010B3D10.browse.tif",
        "metadata_url": "https://api.maxar.com/discovery/v1/collections/lg04/items/B1400011010B3D10",
        "download_url": null,
        "links": [
          {
            "label": "Vantor Hub（旧MGP Pro）で開く",
            "url": "https://pro.maxar.com"
          }
        ],
        "first_seen": "2026-09-01T21:01:55.948965+00:00"
      }
    },
    {
      "type": "Feature",
      "geometry": {
        "type": "Polygon",
        "coordinates": [
          [
            [
              85.19243,
              29.968565
            ],
            [
              85.427718,
              29.968565
            ],
            [
              85.427718,
              31.049551
            ],
            [
              85.19243,
              31.049551
            ],
            [
              85.19243,
              29.968565
            ]
          ]
        ]
      },
      "properties": {
        "id": "B020001100D98010",
        "source": "MGP",
        "sensor": "WV01",
        "type": "optical",
        "datetime": "2026-09-01T07:56:59.184123Z",
        "cloud_cover": 99.06120997140991,
        "name": "B020001100D98010",
        "thumbnail_url": "https://api.maxar.com/discovery/v1/collections/wv01/items/B020001100D98010/assets/collections/dg-archive/assets/browse/B020001100D98010.browse.tif",
        "metadata_url": "https://api.maxar.com/discovery/v1/collections/wv01/items/B020001100D98010",
        "download_url": null,
        "links": [
          {
            "label": "Vantor Hub（旧MGP Pro）で開く",
            "url": "https://pro.maxar.com"
          }
        ],
        "first_seen": "2026-09-01T21:01:55.948965+00:00"
      }
    },
    {
      "type": "Feature",
      "geometry": {
        "type": "Polygon",
        "coordinates": [
          [
            [
              84.988348,
              29.986784
            ],
            [
              85.226008,
              29.986784
            ],
            [
              85.226008,
              31.037369
            ],
            [
              84.988348,
              31.037369
            ],
            [
              84.988348,
              29.986784
            ]
          ]
        ]
      },
      "properties": {
        "id": "B020001100D97F10",
        "source": "MGP",
        "sensor": "WV01",
        "type": "optical",
        "datetime": "2026-09-01T07:56:45.185044Z",
        "cloud_cover": 97.3361421745225,
        "name": "B020001100D97F10",
        "thumbnail_url": "https://api.maxar.com/discovery/v1/collections/wv01/items/B020001100D97F10/assets/collections/dg-archive/assets/browse/B020001100D97F10.browse.tif",
        "metadata_url": "https://api.maxar.com/discovery/v1/collections/wv01/items/B020001100D97F10",
        "download_url": null,
        "links": [
          {
            "label": "Vantor Hub（旧MGP Pro）で開く",
            "url": "https://pro.maxar.com"
          }
        ],
        "first_seen": "2026-09-01T21:01:55.948965+00:00"
      }
    },
    {
      "type": "Feature",
      "geometry": {
        "type": "Polygon",
        "coordinates": [
          [
            [
              77.091202,
              32.972519
            ],
            [
              77.207883,
              32.972519
            ],
            [
              77.207883,
              33.517374
            ],
            [
              77.091202,
              33.517374
            ],
            [
              77.091202,
              32.972519
            ]
          ]
        ]
      },
      "properties": {
        "id": "B1100011011C0710",
        "source": "MGP",
        "sensor": "WORLDVIEW-LEGION-01",
        "type": "optical",
        "datetime": "2026-09-01T05:54:18.381000Z",
        "cloud_cover": 38.09899583598468,
        "name": "B1100011011C0710",
        "thumbnail_url": "https://api.maxar.com/discovery/v1/collections/lg01/items/B1100011011C0710/assets/collections/dg-archive/assets/browse/B1100011011C0710.browse.tif",
        "metadata_url": "https://api.maxar.com/discovery/v1/collections/lg01/items/B1100011011C0710",
        "download_url": null,
        "links": [
          {
            "label": "Vantor Hub（旧MGP Pro）で開く",
            "url": "https://pro.maxar.com"
          }
        ],
        "first_seen": "2026-09-01T21:01:55.948965+00:00"
      }
    },
    {
      "type": "Feature",
      "geometry": {
        "type": "Polygon",
        "coordinates": [
          [
            [
              89.994922,
              33.477221
            ],
            [
              90.104799,
              33.477221
            ],
            [
              90.104799,
              34.014483
            ],
            [
              89.994922,
              34.014483
            ],
            [
              89.994922,
              33.477221
            ]
          ]
        ]
      },
      "properties": {
        "id": "B1200011011D0310",
        "source": "MGP",
        "sensor": "WORLDVIEW-LEGION-02",
        "type": "optical",
        "datetime": "2026-09-01T05:04:01.132000Z",
        "cloud_cover": 31.18279489830374,
        "name": "B1200011011D0310",
        "thumbnail_url": "https://api.maxar.com/discovery/v1/collections/lg02/items/B1200011011D0310/assets/collections/dg-archive/assets/browse/B1200011011D0310.browse.tif",
        "metadata_url": "https://api.maxar.com/discovery/v1/collections/lg02/items/B1200011011D0310",
        "download_url": null,
        "links": [
          {
            "label": "Vantor Hub（旧MGP Pro）で開く",
            "url": "https://pro.maxar.com"
          }
        ],
        "first_seen": "2026-09-01T21:01:55.948965+00:00"
      }
    },
    {
      "type": "Feature",
      "geometry": {
        "type": "Polygon",
        "coordinates": [
          [
            [
              88.876035,
              35.453588
            ],
            [
              89.005456,
              35.453588
            ],
            [
              89.005456,
              37.023693
            ],
            [
              88.876035,
              37.023693
            ],
            [
              88.876035,
              35.453588
            ]
          ]
        ]
      },
      "properties": {
        "id": "B1200011011D0110",
        "source": "MGP",
        "sensor": "WORLDVIEW-LEGION-02",
        "type": "optical",
        "datetime": "2026-09-01T05:03:16.507000Z",
        "cloud_cover": 42.82170321128883,
        "name": "B1200011011D0110",
        "thumbnail_url": "https://api.maxar.com/discovery/v1/collections/lg02/items/B1200011011D0110/assets/collections/dg-archive/assets/browse/B1200011011D0110.browse.tif",
        "metadata_url": "https://api.maxar.com/discovery/v1/collections/lg02/items/B1200011011D0110",
        "download_url": null,
        "links": [
          {
            "label": "Vantor Hub（旧MGP Pro）で開く",
            "url": "https://pro.maxar.com"
          }
        ],
        "first_seen": "2026-09-01T21:01:55.948965+00:00"
      }
    },
    {
      "type": "Feature",
      "geometry": {
        "type": "Polygon",
        "coordinates": [
          [
            [
              90.990871,
              29.591671
            ],
            [
              91.135425,
              29.591671
            ],
            [
              91.135425,
              29.722734
            ],
            [
              90.990871,
              29.722734
            ],
            [
              90.990871,
              29.591671
            ]
          ]
        ]
      },
      "properties": {
        "id": "B04000110090E110",
        "source": "MGP",
        "sensor": "WV03",
        "type": "optical",
        "datetime": "2026-09-01T04:44:04.607670Z",
        "cloud_cover": 28.934458883106533,
        "name": "B04000110090E110",
        "thumbnail_url": "https://api.maxar.com/discovery/v1/collections/wv03-vnir/items/B04000110090E110/assets/collections/dg-archive/assets/browse/B04000110090E110.browse.tif",
        "metadata_url": "https://api.maxar.com/discovery/v1/collections/wv03-vnir/items/B04000110090E110",
        "download_url": null,
        "links": [
          {
            "label": "Vantor Hub（旧MGP Pro）で開く",
            "url": "https://pro.maxar.com"
          }
        ],
        "first_seen": "2026-09-01T21:01:55.948965+00:00"
      }
    },
    {
      "type": "Feature",
      "geometry": {
        "type": "Polygon",
        "coordinates": [
          [
            [
              90.14213,
              32.97708
            ],
            [
              90.303822,
              32.97708
            ],
            [
              90.303822,
              33.539517
            ],
            [
              90.14213,
              33.539517
            ],
            [
              90.14213,
              32.97708
            ]
          ]
        ]
      },
      "properties": {
        "id": "B04000110090EE10",
        "source": "MGP",
        "sensor": "WV03",
        "type": "optical",
        "datetime": "2026-09-01T04:43:09.607811Z",
        "cloud_cover": 24.710932217272262,
        "name": "B04000110090EE10",
        "thumbnail_url": "https://api.maxar.com/discovery/v1/collections/wv03-vnir/items/B04000110090EE10/assets/collections/dg-archive/assets/browse/B04000110090EE10.browse.tif",
        "metadata_url": "https://api.maxar.com/discovery/v1/collections/wv03-vnir/items/B04000110090EE10",
        "download_url": null,
        "links": [
          {
            "label": "Vantor Hub（旧MGP Pro）で開く",
            "url": "https://pro.maxar.com"
          }
        ],
        "first_seen": "2026-09-01T21:01:55.948965+00:00"
      }
    },
    {
      "type": "Feature",
      "geometry": {
        "type": "Polygon",
        "coordinates": [
          [
            [
              90.889595,
              31.985555
            ],
            [
              91.007623,
              31.985555
            ],
            [
              91.007623,
              33.015054
            ],
            [
              90.889595,
              33.015054
            ],
            [
              90.889595,
              31.985555
            ]
          ]
        ]
      },
      "properties": {
        "id": "B130001101170310",
        "source": "MGP",
        "sensor": "WORLDVIEW-LEGION-03",
        "type": "optical",
        "datetime": "2026-09-01T03:21:31.882000Z",
        "cloud_cover": 0.5454358667245154,
        "name": "B130001101170310",
        "thumbnail_url": "https://api.maxar.com/discovery/v1/collections/lg03/items/B130001101170310/assets/collections/dg-archive/assets/browse/B130001101170310.browse.tif",
        "metadata_url": "https://api.maxar.com/discovery/v1/collections/lg03/items/B130001101170310",
        "download_url": null,
        "links": [
          {
            "label": "Vantor Hub（旧MGP Pro）で開く",
            "url": "https://pro.maxar.com"
          }
        ],
        "first_seen": "2026-09-01T21:01:55.948965+00:00"
      }
    },
    {
      "type": "Feature",
      "geometry": {
        "type": "Polygon",
        "coordinates": [
          [
            [
              88.993666,
              32.985644
            ],
            [
              89.108935,
              32.985644
            ],
            [
              89.108935,
              34.018332
            ],
            [
              88.993666,
              34.018332
            ],
            [
              88.993666,
              32.985644
            ]
          ]
        ]
      },
      "properties": {
        "id": "B13000110116FF10",
        "source": "MGP",
        "sensor": "WORLDVIEW-LEGION-03",
        "type": "optical",
        "datetime": "2026-09-01T03:20:40.132000Z",
        "cloud_cover": 0.45784679483080876,
        "name": "B13000110116FF10",
        "thumbnail_url": "https://api.maxar.com/discovery/v1/collections/lg03/items/B13000110116FF10/assets/collections/dg-archive/assets/browse/B13000110116FF10.browse.tif",
        "metadata_url": "https://api.maxar.com/discovery/v1/collections/lg03/items/B13000110116FF10",
        "download_url": null,
        "links": [
          {
            "label": "Vantor Hub（旧MGP Pro）で開く",
            "url": "https://pro.maxar.com"
          }
        ],
        "first_seen": "2026-09-01T21:01:55.948965+00:00"
      }
    },
    {
      "type": "Feature",
      "geometry": {
        "type": "Polygon",
        "coordinates": [
          [
            [
              105.380859375,
              32.255859375
            ],
            [
              111.181640625,
              32.255859375
            ],
            [
              111.181640625,
              38.056640625
            ],
            [
              105.380859375,
              38.056640625
            ],
            [
              105.380859375,
              32.255859375
            ]
          ]
        ]
      },
      "properties": {
        "id": "Vivid_Standard_30_CN19_26Q3",
        "source": "MGP",
        "sensor": "-",
        "type": "optical",
        "datetime": "2026-09-01T19:25:46Z",
        "cloud_cover": null,
        "name": "Vivid_Standard_30_CN19_26Q3",
        "thumbnail_url": "https://api.maxar.com/discovery/v1/collections/mosaics/items/Vivid_Standard_30_CN19_26Q3/assets/Vivid_Standard_30_CN19_26Q3/browse.tif",
        "metadata_url": "https://api.maxar.com/discovery/v1/collections/mosaics/items/Vivid_Standard_30_CN19_26Q3",
        "download_url": null,
        "links": [
          {
            "label": "Vantor Hub（旧MGP Pro）で開く",
            "url": "https://pro.maxar.com"
          }
        ],
        "first_seen": "2026-09-01T21:01:55.948965+00:00"
      }
    },
    {
      "type": "Feature",
      "geometry": {
        "type": "Polygon",
        "coordinates": [
          [
            [
              105.335302,
              20.927603
            ],
            [
              105.435088,
              20.927603
            ],
            [
              105.435088,
              21.008988
            ],
            [
              105.335302,
              21.008988
            ],
            [
              105.335302,
              20.927603
            ]
          ]
        ]
      },
      "properties": {
        "id": "B1400011010AC510",
        "source": "MGP",
        "sensor": "WORLDVIEW-LEGION-04",
        "type": "optical",
        "datetime": "2026-09-01T09:45:12.124641Z",
        "cloud_cover": 0.0,
        "name": "B1400011010AC510",
        "thumbnail_url": "https://api.maxar.com/discovery/v1/collections/lg04/items/B1400011010AC510/assets/collections/dg-archive/assets/browse/B1400011010AC510.browse.tif",
        "metadata_url": "https://api.maxar.com/discovery/v1/collections/lg04/items/B1400011010AC510",
        "download_url": null,
        "links": [
          {
            "label": "Vantor Hub（旧MGP Pro）で開く",
            "url": "https://pro.maxar.com"
          }
        ],
        "first_seen": "2026-09-01T21:01:55.948965+00:00"
      }
    },
    {
      "type": "Feature",
      "geometry": {
        "type": "Polygon",
        "coordinates": [
          [
            [
              101.989479,
              21.983484
            ],
            [
              102.093477,
              21.983484
            ],
            [
              102.093477,
              22.517839
            ],
            [
              101.989479,
              22.517839
            ],
            [
              101.989479,
              21.983484
            ]
          ]
        ]
      },
      "properties": {
        "id": "B1400011010ACA10",
        "source": "MGP",
        "sensor": "WORLDVIEW-LEGION-04",
        "type": "optical",
        "datetime": "2026-09-01T09:44:08.124653Z",
        "cloud_cover": 0.3833862091668925,
        "name": "B1400011010ACA10",
        "thumbnail_url": "https://api.maxar.com/discovery/v1/collections/lg04/items/B1400011010ACA10/assets/collections/dg-archive/assets/browse/B1400011010ACA10.browse.tif",
        "metadata_url": "https://api.maxar.com/discovery/v1/collections/lg04/items/B1400011010ACA10",
        "download_url": null,
        "links": [
          {
            "label": "Vantor Hub（旧MGP Pro）で開く",
            "url": "https://pro.maxar.com"
          }
        ],
        "first_seen": "2026-09-01T21:01:55.948965+00:00"
      }
    },
    {
      "type": "Feature",
      "geometry": {
        "type": "Polygon",
        "coordinates": [
          [
            [
              94.518049,
              29.433464
            ],
            [
              94.646855,
              29.433464
            ],
            [
              94.646855,
              29.57706
            ],
            [
              94.518049,
              29.57706
            ],
            [
              94.518049,
              29.433464
            ]
          ]
        ]
      },
      "properties": {
        "id": "B1400011010B2210",
        "source": "MGP",
        "sensor": "WORLDVIEW-LEGION-04",
        "type": "optical",
        "datetime": "2026-09-01T09:42:24.874735Z",
        "cloud_cover": 98.27447109406884,
        "name": "B1400011010B2210",
        "thumbnail_url": "https://api.maxar.com/discovery/v1/collections/lg04/items/B1400011010B2210/assets/collections/dg-archive/assets/browse/B1400011010B2210.browse.tif",
        "metadata_url": "https://api.maxar.com/discovery/v1/collections/lg04/items/B1400011010B2210",
        "download_url": null,
        "links": [
          {
            "label": "Vantor Hub（旧MGP Pro）で開く",
            "url": "https://pro.maxar.com"
          }
        ],
        "first_seen": "2026-09-01T21:01:55.948965+00:00"
      }
    },
    {
      "type": "Feature",
      "geometry": {
        "type": "Polygon",
        "coordinates": [
          [
            [
              93.33519,
              28.544661
            ],
            [
              93.453207,
              28.544661
            ],
            [
              93.453207,
              28.716664
            ],
            [
              93.33519,
              28.716664
            ],
            [
              93.33519,
              28.544661
            ]
          ]
        ]
      },
      "properties": {
        "id": "B1400011010AC410",
        "source": "MGP",
        "sensor": "WORLDVIEW-LEGION-04",
        "type": "optical",
        "datetime": "2026-09-01T09:41:59.374731Z",
        "cloud_cover": 93.18379400809575,
        "name": "B1400011010AC410",
        "thumbnail_url": "https://api.maxar.com/discovery/v1/collections/lg04/items/B1400011010AC410/assets/collections/dg-archive/assets/browse/B1400011010AC410.browse.tif",
        "metadata_url": "https://api.maxar.com/discovery/v1/collections/lg04/items/B1400011010AC410",
        "download_url": null,
        "links": [
          {
            "label": "Vantor Hub（旧MGP Pro）で開く",
            "url": "https://pro.maxar.com"
          }
        ],
        "first_seen": "2026-09-01T21:01:55.948965+00:00"
      }
    },
    {
      "type": "Feature",
      "geometry": {
        "type": "Polygon",
        "coordinates": [
          [
            [
              92.866189,
              28.505976
            ],
            [
              92.974443,
              28.505976
            ],
            [
              92.974443,
              28.619453
            ],
            [
              92.866189,
              28.619453
            ],
            [
              92.866189,
              28.505976
            ]
          ]
        ]
      },
      "properties": {
        "id": "B1400011010AC310",
        "source": "MGP",
        "sensor": "WORLDVIEW-LEGION-04",
        "type": "optical",
        "datetime": "2026-09-01T09:41:32.875356Z",
        "cloud_cover": 72.06444320219796,
        "name": "B1400011010AC310",
        "thumbnail_url": "https://api.maxar.com/discovery/v1/collections/lg04/items/B1400011010AC310/assets/collections/dg-archive/assets/browse/B1400011010AC310.browse.tif",
        "metadata_url": "https://api.maxar.com/discovery/v1/collections/lg04/items/B1400011010AC310",
        "download_url": null,
        "links": [
          {
            "label": "Vantor Hub（旧MGP Pro）で開く",
            "url": "https://pro.maxar.com"
          }
        ],
        "first_seen": "2026-09-01T21:01:55.948965+00:00"
      }
    },
    {
      "type": "Feature",
      "geometry": {
        "type": "Polygon",
        "coordinates": [
          [
            [
              92.779191,
              28.503037
            ],
            [
              92.888943,
              28.503037
            ],
            [
              92.888943,
              28.612551
            ],
            [
              92.779191,
              28.612551
            ],
            [
              92.779191,
              28.503037
            ]
          ]
        ]
      },
      "properties": {
        "id": "B1400011010AC210",
        "source": "MGP",
        "sensor": "WORLDVIEW-LEGION-04",
        "type": "optical",
        "datetime": "2026-09-01T09:41:15.249753Z",
        "cloud_cover": 28.290246234499005,
        "name": "B1400011010AC210",
        "thumbnail_url": "https://api.maxar.com/discovery/v1/collections/lg04/items/B1400011010AC210/assets/collections/dg-archive/assets/browse/B1400011010AC210.browse.tif",
        "metadata_url": "https://api.maxar.com/discovery/v1/collections/lg04/items/B1400011010AC210",
        "download_url": null,
        "links": [
          {
            "label": "Vantor Hub（旧MGP Pro）で開く",
            "url": "https://pro.maxar.com"
          }
        ],
        "first_seen": "2026-09-01T21:01:55.948965+00:00"
      }
    },
    {
      "type": "Feature",
      "geometry": {
        "type": "Polygon",
        "coordinates": [
          [
            [
              91.260406,
              29.603371
            ],
            [
              91.370881,
              29.603371
            ],
            [
              91.370881,
              29.706335
            ],
            [
              91.260406,
              29.706335
            ],
            [
              91.260406,
              29.603371
            ]
          ]
        ]
      },
      "properties": {
        "id": "B1400011010AC110",
        "source": "MGP",
        "sensor": "WORLDVIEW-LEGION-04",
        "type": "optical",
        "datetime": "2026-09-01T09:40:46.874753Z",
        "cloud_cover": 0.0,
        "name": "B1400011010AC110",
        "thumbnail_url": "https://api.maxar.com/discovery/v1/collections/lg04/items/B1400011010AC110/assets/collections/dg-archive/assets/browse/B1400011010AC110.browse.tif",
        "metadata_url": "https://api.maxar.com/discovery/v1/collections/lg04/items/B1400011010AC110",
        "download_url": null,
        "links": [
          {
            "label": "Vantor Hub（旧MGP Pro）で開く",
            "url": "https://pro.maxar.com"
          }
        ],
        "first_seen": "2026-09-01T21:01:55.948965+00:00"
      }
    },
    {
      "type": "Feature",
      "geometry": {
        "type": "Polygon",
        "coordinates": [
          [
            [
              108.787706,
              32.980751
            ],
            [
              108.904794,
              32.980751
            ],
            [
              108.904794,
              33.516578
            ],
            [
              108.787706,
              33.516578
            ],
            [
              108.787706,
              32.980751
            ]
          ]
        ]
      },
      "properties": {
        "id": "B1400011010AAE10",
        "source": "MGP",
        "sensor": "WORLDVIEW-LEGION-04",
        "type": "optical",
        "datetime": "2026-09-01T08:04:14.124735Z",
        "cloud_cover": 19.927654880060448,
        "name": "B1400011010AAE10",
        "thumbnail_url": "https://api.maxar.com/discovery/v1/collections/lg04/items/B1400011010AAE10/assets/collections/dg-archive/assets/browse/B1400011010AAE10.browse.tif",
        "metadata_url": "https://api.maxar.com/discovery/v1/collections/lg04/items/B1400011010AAE10",
        "download_url": null,
        "links": [
          {
            "label": "Vantor Hub（旧MGP Pro）で開く",
            "url": "https://pro.maxar.com"
          }
        ],
        "first_seen": "2026-09-01T21:01:55.948965+00:00"
      }
    },
    {
      "type": "Feature",
      "geometry": {
        "type": "Polygon",
        "coordinates": [
          [
            [
              106.889109,
              33.987479
            ],
            [
              107.005751,
              33.987479
            ],
            [
              107.005751,
              35.015858
            ],
            [
              106.889109,
              35.015858
            ],
            [
              106.889109,
              33.987479
            ]
          ]
        ]
      },
      "properties": {
        "id": "B1400011010AAD10",
        "source": "MGP",
        "sensor": "WORLDVIEW-LEGION-04",
        "type": "optical",
        "datetime": "2026-09-01T08:03:29.874758Z",
        "cloud_cover": 5.008295976878261,
        "name": "B1400011010AAD10",
        "thumbnail_url": "https://api.maxar.com/discovery/v1/collections/lg04/items/B1400011010AAD10/assets/collections/dg-archive/assets/browse/B1400011010AAD10.browse.tif",
        "metadata_url": "https://api.maxar.com/discovery/v1/collections/lg04/items/B1400011010AAD10",
        "download_url": null,
        "links": [
          {
            "label": "Vantor Hub（旧MGP Pro）で開く",
            "url": "https://pro.maxar.com"
          }
        ],
        "first_seen": "2026-09-01T21:01:55.948965+00:00"
      }
    },
    {
      "type": "Feature",
      "geometry": {
        "type": "Polygon",
        "coordinates": [
          [
            [
              103.505192,
              35.984618
            ],
            [
              103.626588,
              35.984618
            ],
            [
              103.626588,
              36.516992
            ],
            [
              103.505192,
              36.516992
            ],
            [
              103.505192,
              35.984618
            ]
          ]
        ]
      },
      "properties": {
        "id": "B1400011010AAC10",
        "source": "MGP",
        "sensor": "WORLDVIEW-LEGION-04",
        "type": "optical",
        "datetime": "2026-09-01T08:02:29.499796Z",
        "cloud_cover": 0.0,
        "name": "B1400011010AAC10",
        "thumbnail_url": "https://api.maxar.com/discovery/v1/collections/lg04/items/B1400011010AAC10/assets/collections/dg-archive/assets/browse/B1400011010AAC10.browse.tif",
        "metadata_url": "https://api.maxar.com/discovery/v1/collections/lg04/items/B1400011010AAC10",
        "download_url": null,
        "links": [
          {
            "label": "Vantor Hub（旧MGP Pro）で開く",
            "url": "https://pro.maxar.com"
          }
        ],
        "first_seen": "2026-09-01T21:01:55.948965+00:00"
      }
    },
    {
      "type": "Feature",
      "geometry": {
        "type": "Polygon",
        "coordinates": [
          [
            [
              106.778391,
              32.980939
            ],
            [
              106.900148,
              32.980939
            ],
            [
              106.900148,
              33.519177
            ],
            [
              106.778391,
              33.519177
            ],
            [
              106.778391,
              32.980939
            ]
          ]
        ]
      },
      "properties": {
        "id": "B160001101D15010",
        "source": "MGP",
        "sensor": "WORLDVIEW-LEGION-06",
        "type": "optical",
        "datetime": "2026-09-01T07:42:50.124625Z",
        "cloud_cover": 0.024630833210990917,
        "name": "B160001101D15010",
        "thumbnail_url": "https://api.maxar.com/discovery/v1/collections/lg06/items/B160001101D15010/assets/collections/dg-archive/assets/browse/B160001101D15010.browse.tif",
        "metadata_url": "https://api.maxar.com/discovery/v1/collections/lg06/items/B160001101D15010",
        "download_url": null,
        "links": [
          {
            "label": "Vantor Hub（旧MGP Pro）で開く",
            "url": "https://pro.maxar.com"
          }
        ],
        "first_seen": "2026-09-01T21:01:55.948965+00:00"
      }
    },
    {
      "type": "Feature",
      "geometry": {
        "type": "Polygon",
        "coordinates": [
          [
            [
              106.690646,
              32.987803
            ],
            [
              106.800577,
              32.987803
            ],
            [
              106.800577,
              33.513465
            ],
            [
              106.690646,
              33.513465
            ],
            [
              106.690646,
              32.987803
            ]
          ]
        ]
      },
      "properties": {
        "id": "B160001101D14F10",
        "source": "MGP",
        "sensor": "WORLDVIEW-LEGION-06",
        "type": "optical",
        "datetime": "2026-09-01T07:42:25.124597Z",
        "cloud_cover": 0.06801316540558923,
        "name": "B160001101D14F10",
        "thumbnail_url": "https://api.maxar.com/discovery/v1/collections/lg06/items/B160001101D14F10/assets/collections/dg-archive/assets/browse/B160001101D14F10.browse.tif",
        "metadata_url": "https://api.maxar.com/discovery/v1/collections/lg06/items/B160001101D14F10",
        "download_url": null,
        "links": [
          {
            "label": "Vantor Hub（旧MGP Pro）で開く",
            "url": "https://pro.maxar.com"
          }
        ],
        "first_seen": "2026-09-01T21:01:55.948965+00:00"
      }
    },
    {
      "type": "Feature",
      "geometry": {
        "type": "Polygon",
        "coordinates": [
          [
            [
              106.592349,
              32.980362
            ],
            [
              106.714384,
              32.980362
            ],
            [
              106.714384,
              33.522046
            ],
            [
              106.592349,
              33.522046
            ],
            [
              106.592349,
              32.980362
            ]
          ]
        ]
      },
      "properties": {
        "id": "B160001101D14910",
        "source": "MGP",
        "sensor": "WORLDVIEW-LEGION-06",
        "type": "optical",
        "datetime": "2026-09-01T07:42:00.999698Z",
        "cloud_cover": 0.12456388085843248,
        "name": "B160001101D14910",
        "thumbnail_url": "https://api.maxar.com/discovery/v1/collections/lg06/items/B160001101D14910/assets/collections/dg-archive/assets/browse/B160001101D14910.browse.tif",
        "metadata_url": "https://api.maxar.com/discovery/v1/collections/lg06/items/B160001101D14910",
        "download_url": null,
        "links": [
          {
            "label": "Vantor Hub（旧MGP Pro）で開く",
            "url": "https://pro.maxar.com"
          }
        ],
        "first_seen": "2026-09-01T21:01:55.948965+00:00"
      }
    },
    {
      "type": "Feature",
      "geometry": {
        "type": "Polygon",
        "coordinates": [
          [
            [
              102.194016,
              30.985434
            ],
            [
              102.307452,
              30.985434
            ],
            [
              102.307452,
              32.015611
            ],
            [
              102.194016,
              32.015611
            ],
            [
              102.194016,
              30.985434
            ]
          ]
        ]
      },
      "properties": {
        "id": "B160001101D14E10",
        "source": "MGP",
        "sensor": "WORLDVIEW-LEGION-06",
        "type": "optical",
        "datetime": "2026-09-01T07:41:08.374674Z",
        "cloud_cover": 39.6118288023561,
        "name": "B160001101D14E10",
        "thumbnail_url": "https://api.maxar.com/discovery/v1/collections/lg06/items/B160001101D14E10/assets/collections/dg-archive/assets/browse/B160001101D14E10.browse.tif",
        "metadata_url": "https://api.maxar.com/discovery/v1/collections/lg06/items/B160001101D14E10",
        "download_url": null,
        "links": [
          {
            "label": "Vantor Hub（旧MGP Pro）で開く",
            "url": "https://pro.maxar.com"
          }
        ],
        "first_seen": "2026-09-01T21:01:55.948965+00:00"
      }
    },
    {
      "type": "Feature",
      "geometry": {
        "type": "Polygon",
        "coordinates": [
          [
            [
              101.988861,
              28.98442
            ],
            [
              102.109114,
              28.98442
            ],
            [
              102.109114,
              30.006235
            ],
            [
              101.988861,
              30.006235
            ],
            [
              101.988861,
              28.98442
            ]
          ]
        ]
      },
      "properties": {
        "id": "B160001101D14B10",
        "source": "MGP",
        "sensor": "WORLDVIEW-LEGION-06",
        "type": "optical",
        "datetime": "2026-09-01T07:40:37.249613Z",
        "cloud_cover": 98.93527845943903,
        "name": "B160001101D14B10",
        "thumbnail_url": "https://api.maxar.com/discovery/v1/collections/lg06/items/B160001101D14B10/assets/collections/dg-archive/assets/browse/B160001101D14B10.browse.tif",
        "metadata_url": "https://api.maxar.com/discovery/v1/collections/lg06/items/B160001101D14B10",
        "download_url": null,
        "links": [
          {
            "label": "Vantor Hub（旧MGP Pro）で開く",
            "url": "https://pro.maxar.com"
          }
        ],
        "first_seen": "2026-09-01T21:01:55.948965+00:00"
      }
    },
    {
      "type": "Feature",
      "geometry": {
        "type": "Polygon",
        "coordinates": [
          [
            [
              108.943989,
              22.484394
            ],
            [
              109.119531,
              22.484394
            ],
            [
              109.119531,
              23.006539
            ],
            [
              108.943989,
              23.006539
            ],
            [
              108.943989,
              22.484394
            ]
          ]
        ]
      },
      "properties": {
        "id": "B020001100DA6410",
        "source": "MGP",
        "sensor": "WV01",
        "type": "optical",
        "datetime": "2026-09-01T06:24:01.584281Z",
        "cloud_cover": 97.40849940913691,
        "name": "B020001100DA6410",
        "thumbnail_url": "https://api.maxar.com/discovery/v1/collections/wv01/items/B020001100DA6410/assets/collections/dg-archive/assets/browse/B020001100DA6410.browse.tif",
        "metadata_url": "https://api.maxar.com/discovery/v1/collections/wv01/items/B020001100DA6410",
        "download_url": null,
        "links": [
          {
            "label": "Vantor Hub（旧MGP Pro）で開く",
            "url": "https://pro.maxar.com"
          }
        ],
        "first_seen": "2026-09-01T21:01:55.948965+00:00"
      }
    },
    {
      "type": "Feature",
      "geometry": {
        "type": "Polygon",
        "coordinates": [
          [
            [
              99.26775222743326,
              21.929020708382424
            ],
            [
              99.37072524947837,
              21.929020708382424
            ],
            [
              99.37072524947837,
              22.0105479993894
            ],
            [
              99.26775222743326,
              22.0105479993894
            ],
            [
              99.26775222743326,
              21.929020708382424
            ]
          ]
        ]
      },
      "properties": {
        "id": "B1100011011BB110",
        "source": "MGP",
        "sensor": "MAXAR",
        "type": "optical",
        "datetime": "2026-09-01T04:22:55.131Z",
        "cloud_cover": 94,
        "name": "B1100011011BB110",
        "thumbnail_url": "https://api.maxar.com/analytics/v1/raster/browse/geotiff?function=browse&p=collect_identifier=%22B1100011011BB110%22",
        "metadata_url": "https://api.maxar.com/discovery/v1/collections/cloud-optimized-archive/items/B1100011011BB110",
        "download_url": null,
        "links": [
          {
            "label": "Vantor Hub（旧MGP Pro）で開く",
            "url": "https://pro.maxar.com"
          }
        ],
        "first_seen": "2026-09-01T21:01:55.948965+00:00"
      }
    },
    {
      "type": "Feature",
      "geometry": {
        "type": "Polygon",
        "coordinates": [
          [
            [
              99.823494,
              25.230449
            ],
            [
              99.927942,
              25.230449
            ],
            [
              99.927942,
              25.766019
            ],
            [
              99.823494,
              25.766019
            ],
            [
              99.823494,
              25.230449
            ]
          ]
        ]
      },
      "properties": {
        "id": "B1100011011BC810",
        "source": "MGP",
        "sensor": "WORLDVIEW-LEGION-01",
        "type": "optical",
        "datetime": "2026-09-01T04:21:51.374598Z",
        "cloud_cover": 90.17524648886366,
        "name": "B1100011011BC810",
        "thumbnail_url": "https://api.maxar.com/discovery/v1/collections/lg01/items/B1100011011BC810/assets/collections/dg-archive/assets/browse/B1100011011BC810.browse.tif",
        "metadata_url": "https://api.maxar.com/discovery/v1/collections/lg01/items/B1100011011BC810",
        "download_url": null,
        "links": [
          {
            "label": "Vantor Hub（旧MGP Pro）で開く",
            "url": "https://pro.maxar.com"
          }
        ],
        "first_seen": "2026-09-01T21:01:55.948965+00:00"
      }
    },
    {
      "type": "Feature",
      "geometry": {
        "type": "Polygon",
        "coordinates": [
          [
            [
              101.189151,
              27.974206
            ],
            [
              101.309027,
              27.974206
            ],
            [
              101.309027,
              28.517293
            ],
            [
              101.189151,
              28.517293
            ],
            [
              101.189151,
              27.974206
            ]
          ]
        ]
      },
      "properties": {
        "id": "B1100011011BEA10",
        "source": "MGP",
        "sensor": "WORLDVIEW-LEGION-01",
        "type": "optical",
        "datetime": "2026-09-01T04:21:18.124582Z",
        "cloud_cover": 38.486823879508435,
        "name": "B1100011011BEA10",
        "thumbnail_url": "https://api.maxar.com/discovery/v1/collections/lg01/items/B1100011011BEA10/assets/collections/dg-archive/assets/browse/B1100011011BEA10.browse.tif",
        "metadata_url": "https://api.maxar.com/discovery/v1/collections/lg01/items/B1100011011BEA10",
        "download_url": null,
        "links": [
          {
            "label": "Vantor Hub（旧MGP Pro）で開く",
            "url": "https://pro.maxar.com"
          }
        ],
        "first_seen": "2026-09-01T21:01:55.948965+00:00"
      }
    },
    {
      "type": "Feature",
      "geometry": {
        "type": "Polygon",
        "coordinates": [
          [
            [
              102.18377856251699,
              29.977883307321406
            ],
            [
              102.31261125985735,
              29.977883307321406
            ],
            [
              102.31261125985735,
              30.517382743836972
            ],
            [
              102.18377856251699,
              30.517382743836972
            ],
            [
              102.18377856251699,
              29.977883307321406
            ]
          ]
        ]
      },
      "properties": {
        "id": "B1100011011BC010",
        "source": "MGP",
        "sensor": "MAXAR",
        "type": "optical",
        "datetime": "2026-09-01T04:20:33.507Z",
        "cloud_cover": 32,
        "name": "B1100011011BC010",
        "thumbnail_url": "https://api.maxar.com/analytics/v1/raster/browse/geotiff?function=browse&p=collect_identifier=%22B1100011011BC010%22",
        "metadata_url": "https://api.maxar.com/discovery/v1/collections/cloud-optimized-archive/items/B1100011011BC010",
        "download_url": null,
        "links": [
          {
            "label": "Vantor Hub（旧MGP Pro）で開く",
            "url": "https://pro.maxar.com"
          }
        ],
        "first_seen": "2026-09-01T21:01:55.948965+00:00"
      }
    },
    {
      "type": "Feature",
      "geometry": {
        "type": "Polygon",
        "coordinates": [
          [
            [
              102.086773,
              33.485077
            ],
            [
              102.205644,
              33.485077
            ],
            [
              102.205644,
              34.026112
            ],
            [
              102.086773,
              34.026112
            ],
            [
              102.086773,
              33.485077
            ]
          ]
        ]
      },
      "properties": {
        "id": "B1100011011BBF10",
        "source": "MGP",
        "sensor": "WORLDVIEW-LEGION-01",
        "type": "optical",
        "datetime": "2026-09-01T04:19:51.007000Z",
        "cloud_cover": 1.471183719309335,
        "name": "B1100011011BBF10",
        "thumbnail_url": "https://api.maxar.com/discovery/v1/collections/lg01/items/B1100011011BBF10/assets/collections/dg-archive/assets/browse/B1100011011BBF10.browse.tif",
        "metadata_url": "https://api.maxar.com/discovery/v1/collections/lg01/items/B1100011011BBF10",
        "download_url": null,
        "links": [
          {
            "label": "Vantor Hub（旧MGP Pro）で開く",
            "url": "https://pro.maxar.com"
          }
        ],
        "first_seen": "2026-09-01T21:01:55.948965+00:00"
      }
    },
    {
      "type": "Feature",
      "geometry": {
        "type": "Polygon",
        "coordinates": [
          [
            [
              101.995669,
              33.477023
            ],
            [
              102.108703,
              33.477023
            ],
            [
              102.108703,
              34.018043
            ],
            [
              101.995669,
              34.018043
            ],
            [
              101.995669,
              33.477023
            ]
          ]
        ]
      },
      "properties": {
        "id": "B1100011011BBE10",
        "source": "MGP",
        "sensor": "WORLDVIEW-LEGION-01",
        "type": "optical",
        "datetime": "2026-09-01T04:19:24.256000Z",
        "cloud_cover": 1.8126749542340508,
        "name": "B1100011011BBE10",
        "thumbnail_url": "https://api.maxar.com/discovery/v1/collections/lg01/items/B1100011011BBE10/assets/collections/dg-archive/assets/browse/B1100011011BBE10.browse.tif",
        "metadata_url": "https://api.maxar.com/discovery/v1/collections/lg01/items/B1100011011BBE10",
        "download_url": null,
        "links": [
          {
            "label": "Vantor Hub（旧MGP Pro）で開く",
            "url": "https://pro.maxar.com"
          }
        ],
        "first_seen": "2026-09-01T21:01:55.948965+00:00"
      }
    },
    {
      "type": "Feature",
      "geometry": {
        "type": "Polygon",
        "coordinates": [
          [
            [
              92.135844,
              31.213292
            ],
            [
              92.371289,
              31.213292
            ],
            [
              92.371289,
              32.025982
            ],
            [
              92.135844,
              32.025982
            ],
            [
              92.135844,
              31.213292
            ]
          ]
        ]
      },
      "properties": {
        "id": "B030001100DAC810",
        "source": "MGP",
        "sensor": "WV02",
        "type": "optical",
        "datetime": "2026-09-01T04:19:03.608182Z",
        "cloud_cover": 25.78015528904125,
        "name": "B030001100DAC810",
        "thumbnail_url": "https://api.maxar.com/discovery/v1/collections/wv02/items/B030001100DAC810/assets/collections/dg-archive/assets/browse/B030001100DAC810.browse.tif",
        "metadata_url": "https://api.maxar.com/discovery/v1/collections/wv02/items/B030001100DAC810",
        "download_url": null,
        "links": [
          {
            "label": "Vantor Hub（旧MGP Pro）で開く",
            "url": "https://pro.maxar.com"
          }
        ],
        "first_seen": "2026-09-01T21:01:55.948965+00:00"
      }
    },
    {
      "type": "Feature",
      "geometry": {
        "type": "Polygon",
        "coordinates": [
          [
            [
              93.397486,
              32.982539
            ],
            [
              93.617817,
              32.982539
            ],
            [
              93.617817,
              34.030392
            ],
            [
              93.397486,
              34.030392
            ],
            [
              93.397486,
              32.982539
            ]
          ]
        ]
      },
      "properties": {
        "id": "B030001100DAC010",
        "source": "MGP",
        "sensor": "WV02",
        "type": "optical",
        "datetime": "2026-09-01T04:18:41.608199Z",
        "cloud_cover": 34.23564566099763,
        "name": "B030001100DAC010",
        "thumbnail_url": "https://api.maxar.com/discovery/v1/collections/wv02/items/B030001100DAC010/assets/collections/dg-archive/assets/browse/B030001100DAC010.browse.tif",
        "metadata_url": "https://api.maxar.com/discovery/v1/collections/wv02/items/B030001100DAC010",
        "download_url": null,
        "links": [
          {
            "label": "Vantor Hub（旧MGP Pro）で開く",
            "url": "https://pro.maxar.com"
          }
        ],
        "first_seen": "2026-09-01T21:01:55.948965+00:00"
      }
    },
    {
      "type": "Feature",
      "geometry": {
        "type": "Polygon",
        "coordinates": [
          [
            [
              93.203593,
              32.984776
            ],
            [
              93.429402,
              32.984776
            ],
            [
              93.429402,
              34.025244
            ],
            [
              93.203593,
              34.025244
            ],
            [
              93.203593,
              32.984776
            ]
          ]
        ]
      },
      "properties": {
        "id": "B030001100DAC210",
        "source": "MGP",
        "sensor": "WV02",
        "type": "optical",
        "datetime": "2026-09-01T04:18:24.007409Z",
        "cloud_cover": 26.733611373191973,
        "name": "B030001100DAC210",
        "thumbnail_url": "https://api.maxar.com/discovery/v1/collections/wv02/items/B030001100DAC210/assets/collections/dg-archive/assets/browse/B030001100DAC210.browse.tif",
        "metadata_url": "https://api.maxar.com/discovery/v1/collections/wv02/items/B030001100DAC210",
        "download_url": null,
        "links": [
          {
            "label": "Vantor Hub（旧MGP Pro）で開く",
            "url": "https://pro.maxar.com"
          }
        ],
        "first_seen": "2026-09-01T21:01:55.948965+00:00"
      }
    },
    {
      "type": "Feature",
      "geometry": {
        "type": "Polygon",
        "coordinates": [
          [
            [
              92.989436,
              32.981384
            ],
            [
              93.229945,
              32.981384
            ],
            [
              93.229945,
              34.024549
            ],
            [
              92.989436,
              34.024549
            ],
            [
              92.989436,
              32.981384
            ]
          ]
        ]
      },
      "properties": {
        "id": "B030001100DABF10",
        "source": "MGP",
        "sensor": "WV02",
        "type": "optical",
        "datetime": "2026-09-01T04:18:06.908217Z",
        "cloud_cover": 23.829820203116565,
        "name": "B030001100DABF10",
        "thumbnail_url": "https://api.maxar.com/discovery/v1/collections/wv02/items/B030001100DABF10/assets/collections/dg-archive/assets/browse/B030001100DABF10.browse.tif",
        "metadata_url": "https://api.maxar.com/discovery/v1/collections/wv02/items/B030001100DABF10",
        "download_url": null,
        "links": [
          {
            "label": "Vantor Hub（旧MGP Pro）で開く",
            "url": "https://pro.maxar.com"
          }
        ],
        "first_seen": "2026-09-01T21:01:55.948965+00:00"
      }
    },
    {
      "type": "Feature",
      "geometry": {
        "type": "Polygon",
        "coordinates": [
          [
            [
              105.866901,
              20.886874
            ],
            [
              106.016329,
              20.886874
            ],
            [
              106.016329,
              20.945717
            ],
            [
              105.866901,
              20.945717
            ],
            [
              105.866901,
              20.886874
            ]
          ]
        ]
      },
      "properties": {
        "id": "B050001100687610",
        "source": "MGP",
        "sensor": "GE01",
        "type": "optical",
        "datetime": "2026-09-01T03:34:23.685101Z",
        "cloud_cover": 0.04951110660777532,
        "name": "B050001100687610",
        "thumbnail_url": "https://api.maxar.com/discovery/v1/collections/ge01/items/B050001100687610/assets/collections/dg-archive/assets/browse/B050001100687610.browse.tif",
        "metadata_url": "https://api.maxar.com/discovery/v1/collections/ge01/items/B050001100687610",
        "download_url": null,
        "links": [
          {
            "label": "Vantor Hub（旧MGP Pro）で開く",
            "url": "https://pro.maxar.com"
          }
        ],
        "first_seen": "2026-09-01T21:01:55.948965+00:00"
      }
    },
    {
      "type": "Feature",
      "geometry": {
        "type": "Polygon",
        "coordinates": [
          [
            [
              106.890594,
              23.23601
            ],
            [
              107.045274,
              23.23601
            ],
            [
              107.045274,
              23.510162
            ],
            [
              106.890594,
              23.510162
            ],
            [
              106.890594,
              23.23601
            ]
          ]
        ]
      },
      "properties": {
        "id": "B05000110068CC10",
        "source": "MGP",
        "sensor": "GE01",
        "type": "optical",
        "datetime": "2026-09-01T03:33:32.685371Z",
        "cloud_cover": 17.963216820603755,
        "name": "B05000110068CC10",
        "thumbnail_url": "https://api.maxar.com/discovery/v1/collections/ge01/items/B05000110068CC10/assets/collections/dg-archive/assets/browse/B05000110068CC10.browse.tif",
        "metadata_url": "https://api.maxar.com/discovery/v1/collections/ge01/items/B05000110068CC10",
        "download_url": null,
        "links": [
          {
            "label": "Vantor Hub（旧MGP Pro）で開く",
            "url": "https://pro.maxar.com"
          }
        ],
        "first_seen": "2026-09-01T21:01:55.948965+00:00"
      }
    },
    {
      "type": "Feature",
      "geometry": {
        "type": "Polygon",
        "coordinates": [
          [
            [
              106.741028,
              23.223117
            ],
            [
              106.915083,
              23.223117
            ],
            [
              106.915083,
              23.521855
            ],
            [
              106.741028,
              23.521855
            ],
            [
              106.741028,
              23.223117
            ]
          ]
        ]
      },
      "properties": {
        "id": "B05000110068CA10",
        "source": "MGP",
        "sensor": "GE01",
        "type": "optical",
        "datetime": "2026-09-01T03:33:04.085506Z",
        "cloud_cover": 25.828776791653823,
        "name": "B05000110068CA10",
        "thumbnail_url": "https://api.maxar.com/discovery/v1/collections/ge01/items/B05000110068CA10/assets/collections/dg-archive/assets/browse/B05000110068CA10.browse.tif",
        "metadata_url": "https://api.maxar.com/discovery/v1/collections/ge01/items/B05000110068CA10",
        "download_url": null,
        "links": [
          {
            "label": "Vantor Hub（旧MGP Pro）で開く",
            "url": "https://pro.maxar.com"
          }
        ],
        "first_seen": "2026-09-01T21:01:55.948965+00:00"
      }
    },
    {
      "type": "Feature",
      "geometry": {
        "type": "Polygon",
        "coordinates": [
          [
            [
              108.145465,
              30.988151
            ],
            [
              108.307867,
              30.988151
            ],
            [
              108.307867,
              31.261946
            ],
            [
              108.145465,
              31.261946
            ],
            [
              108.145465,
              30.988151
            ]
          ]
        ]
      },
      "properties": {
        "id": "B05000110068D210",
        "source": "MGP",
        "sensor": "GE01",
        "type": "optical",
        "datetime": "2026-09-01T03:31:50.085110Z",
        "cloud_cover": 0.0,
        "name": "B05000110068D210",
        "thumbnail_url": "https://api.maxar.com/discovery/v1/collections/ge01/items/B05000110068D210/assets/collections/dg-archive/assets/browse/B05000110068D210.browse.tif",
        "metadata_url": "https://api.maxar.com/discovery/v1/collections/ge01/items/B05000110068D210",
        "download_url": null,
        "links": [
          {
            "label": "Vantor Hub（旧MGP Pro）で開く",
            "url": "https://pro.maxar.com"
          }
        ],
        "first_seen": "2026-09-01T21:01:55.948965+00:00"
      }
    },
    {
      "type": "Feature",
      "geometry": {
        "type": "Polygon",
        "coordinates": [
          [
            [
              107.993101,
              30.977573
            ],
            [
              108.166308,
              30.977573
            ],
            [
              108.166308,
              31.267799
            ],
            [
              107.993101,
              31.267799
            ],
            [
              107.993101,
              30.977573
            ]
          ]
        ]
      },
      "properties": {
        "id": "B05000110068CE10",
        "source": "MGP",
        "sensor": "GE01",
        "type": "optical",
        "datetime": "2026-09-01T03:31:20.285257Z",
        "cloud_cover": 0.0,
        "name": "B05000110068CE10",
        "thumbnail_url": "https://api.maxar.com/discovery/v1/collections/ge01/items/B05000110068CE10/assets/collections/dg-archive/assets/browse/B05000110068CE10.browse.tif",
        "metadata_url": "https://api.maxar.com/discovery/v1/collections/ge01/items/B05000110068CE10",
        "download_url": null,
        "links": [
          {
            "label": "Vantor Hub（旧MGP Pro）で開く",
            "url": "https://pro.maxar.com"
          }
        ],
        "first_seen": "2026-09-01T21:01:55.948965+00:00"
      }
    },
    {
      "type": "Feature",
      "geometry": {
        "type": "Polygon",
        "coordinates": [
          [
            [
              107.054521,
              20.685606
            ],
            [
              107.156945,
              20.685606
            ],
            [
              107.156945,
              20.847427
            ],
            [
              107.054521,
              20.847427
            ],
            [
              107.054521,
              20.685606
            ]
          ]
        ]
      },
      "properties": {
        "id": "B13000110116A210",
        "source": "MGP",
        "sensor": "WORLDVIEW-LEGION-03",
        "type": "optical",
        "datetime": "2026-09-01T03:26:39.749880Z",
        "cloud_cover": 96.65687452870041,
        "name": "B13000110116A210",
        "thumbnail_url": "https://api.maxar.com/discovery/v1/collections/lg03/items/B13000110116A210/assets/collections/dg-archive/assets/browse/B13000110116A210.browse.tif",
        "metadata_url": "https://api.maxar.com/discovery/v1/collections/lg03/items/B13000110116A210",
        "download_url": null,
        "links": [
          {
            "label": "Vantor Hub（旧MGP Pro）で開く",
            "url": "https://pro.maxar.com"
          }
        ],
        "first_seen": "2026-09-01T21:01:55.948965+00:00"
      }
    },
    {
      "type": "Feature",
      "geometry": {
        "type": "Polygon",
        "coordinates": [
          [
            [
              106.569939,
              24.482381
            ],
            [
              106.678574,
              24.482381
            ],
            [
              106.678574,
              25.020259
            ],
            [
              106.569939,
              25.020259
            ],
            [
              106.569939,
              24.482381
            ]
          ]
        ]
      },
      "properties": {
        "id": "B13000110116B410",
        "source": "MGP",
        "sensor": "WORLDVIEW-LEGION-03",
        "type": "optical",
        "datetime": "2026-09-01T03:25:45.499834Z",
        "cloud_cover": 53.39632211822292,
        "name": "B13000110116B410",
        "thumbnail_url": "https://api.maxar.com/discovery/v1/collections/lg03/items/B13000110116B410/assets/collections/dg-archive/assets/browse/B13000110116B410.browse.tif",
        "metadata_url": "https://api.maxar.com/discovery/v1/collections/lg03/items/B13000110116B410",
        "download_url": null,
        "links": [
          {
            "label": "Vantor Hub（旧MGP Pro）で開く",
            "url": "https://pro.maxar.com"
          }
        ],
        "first_seen": "2026-09-01T21:01:55.948965+00:00"
      }
    },
    {
      "type": "Feature",
      "geometry": {
        "type": "Polygon",
        "coordinates": [
          [
            [
              101.898746,
              24.986314
            ],
            [
              102.007034,
              24.986314
            ],
            [
              102.007034,
              26.014383
            ],
            [
              101.898746,
              26.014383
            ],
            [
              101.898746,
              24.986314
            ]
          ]
        ]
      },
      "properties": {
        "id": "B13000110116AD10",
        "source": "MGP",
        "sensor": "WORLDVIEW-LEGION-03",
        "type": "optical",
        "datetime": "2026-09-01T03:24:48.624784Z",
        "cloud_cover": 10.979238972866003,
        "name": "B13000110116AD10",
        "thumbnail_url": "https://api.maxar.com/discovery/v1/collections/lg03/items/B13000110116AD10/assets/collections/dg-archive/assets/browse/B13000110116AD10.browse.tif",
        "metadata_url": "https://api.maxar.com/discovery/v1/collections/lg03/items/B13000110116AD10",
        "download_url": null,
        "links": [
          {
            "label": "Vantor Hub（旧MGP Pro）で開く",
            "url": "https://pro.maxar.com"
          }
        ],
        "first_seen": "2026-09-01T21:01:55.948965+00:00"
      }
    },
    {
      "type": "Feature",
      "geometry": {
        "type": "Polygon",
        "coordinates": [
          [
            [
              101.896988,
              26.996239
            ],
            [
              102.011285,
              26.996239
            ],
            [
              102.011285,
              28.545576
            ],
            [
              101.896988,
              28.545576
            ],
            [
              101.896988,
              26.996239
            ]
          ]
        ]
      },
      "properties": {
        "id": "B13000110116B610",
        "source": "MGP",
        "sensor": "WORLDVIEW-LEGION-03",
        "type": "optical",
        "datetime": "2026-09-01T03:24:08.999845Z",
        "cloud_cover": 18.185966080006988,
        "name": "B13000110116B610",
        "thumbnail_url": "https://api.maxar.com/discovery/v1/collections/lg03/items/B13000110116B610/assets/collections/dg-archive/assets/browse/B13000110116B610.browse.tif",
        "metadata_url": "https://api.maxar.com/discovery/v1/collections/lg03/items/B13000110116B610",
        "download_url": null,
        "links": [
          {
            "label": "Vantor Hub（旧MGP Pro）で開く",
            "url": "https://pro.maxar.com"
          }
        ],
        "first_seen": "2026-09-01T21:01:55.948965+00:00"
      }
    },
    {
      "type": "Feature",
      "geometry": {
        "type": "Polygon",
        "coordinates": [
          [
            [
              97.293634,
              30.982758
            ],
            [
              97.405474,
              30.982758
            ],
            [
              97.405474,
              31.516075
            ],
            [
              97.293634,
              31.516075
            ],
            [
              97.293634,
              30.982758
            ]
          ]
        ]
      },
      "properties": {
        "id": "B13000110116AC10",
        "source": "MGP",
        "sensor": "WORLDVIEW-LEGION-03",
        "type": "optical",
        "datetime": "2026-09-01T03:23:11.499724Z",
        "cloud_cover": 99.6798714829517,
        "name": "B13000110116AC10",
        "thumbnail_url": "https://api.maxar.com/discovery/v1/collections/lg03/items/B13000110116AC10/assets/collections/dg-archive/assets/browse/B13000110116AC10.browse.tif",
        "metadata_url": "https://api.maxar.com/discovery/v1/collections/lg03/items/B13000110116AC10",
        "download_url": null,
        "links": [
          {
            "label": "Vantor Hub（旧MGP Pro）で開く",
            "url": "https://pro.maxar.com"
          }
        ],
        "first_seen": "2026-09-01T21:01:55.948965+00:00"
      }
    },
    {
      "type": "Feature",
      "geometry": {
        "type": "Polygon",
        "coordinates": [
          [
            [
              96.292423,
              31.478685
            ],
            [
              96.406663,
              31.478685
            ],
            [
              96.406663,
              32.017061
            ],
            [
              96.292423,
              32.017061
            ],
            [
              96.292423,
              31.478685
            ]
          ]
        ]
      },
      "properties": {
        "id": "B13000110116AB10",
        "source": "MGP",
        "sensor": "WORLDVIEW-LEGION-03",
        "type": "optical",
        "datetime": "2026-09-01T03:22:34.249775Z",
        "cloud_cover": 92.60270223475388,
        "name": "B13000110116AB10",
        "thumbnail_url": "https://api.maxar.com/discovery/v1/collections/lg03/items/B13000110116AB10/assets/collections/dg-archive/assets/browse/B13000110116AB10.browse.tif",
        "metadata_url": "https://api.maxar.com/discovery/v1/collections/lg03/items/B13000110116AB10",
        "download_url": null,
        "links": [
          {
            "label": "Vantor Hub（旧MGP Pro）で開く",
            "url": "https://pro.maxar.com"
          }
        ],
        "first_seen": "2026-09-01T21:01:55.948965+00:00"
      }
    },
    {
      "type": "Feature",
      "geometry": {
        "type": "Polygon",
        "coordinates": [
          [
            [
              95.290587,
              34.985412
            ],
            [
              95.406566,
              34.985412
            ],
            [
              95.406566,
              35.513025
            ],
            [
              95.290587,
              35.513025
            ],
            [
              95.290587,
              34.985412
            ]
          ]
        ]
      },
      "properties": {
        "id": "B1400011010A5F10",
        "source": "MGP",
        "sensor": "WORLDVIEW-LEGION-04",
        "type": "optical",
        "datetime": "2026-09-01T03:00:21.499824Z",
        "cloud_cover": 0.003378565268126281,
        "name": "B1400011010A5F10",
        "thumbnail_url": "https://api.maxar.com/discovery/v1/collections/lg04/items/B1400011010A5F10/assets/collections/dg-archive/assets/browse/B1400011010A5F10.browse.tif",
        "metadata_url": "https://api.maxar.com/discovery/v1/collections/lg04/items/B1400011010A5F10",
        "download_url": null,
        "links": [
          {
            "label": "Vantor Hub（旧MGP Pro）で開く",
            "url": "https://pro.maxar.com"
          }
        ],
        "first_seen": "2026-09-01T21:01:55.948965+00:00"
      }
    },
    {
      "type": "Feature",
      "geometry": {
        "type": "Polygon",
        "coordinates": [
          [
            [
              93.888926,
              32.977729
            ],
            [
              94.010218,
              32.977729
            ],
            [
              94.010218,
              33.518388
            ],
            [
              93.888926,
              33.518388
            ],
            [
              93.888926,
              32.977729
            ]
          ]
        ]
      },
      "properties": {
        "id": "B1400011010A4C10",
        "source": "MGP",
        "sensor": "WORLDVIEW-LEGION-04",
        "type": "optical",
        "datetime": "2026-09-01T02:59:51.624838Z",
        "cloud_cover": 28.794635764425674,
        "name": "B1400011010A4C10",
        "thumbnail_url": "https://api.maxar.com/discovery/v1/collections/lg04/items/B1400011010A4C10/assets/collections/dg-archive/assets/browse/B1400011010A4C10.browse.tif",
        "metadata_url": "https://api.maxar.com/discovery/v1/collections/lg04/items/B1400011010A4C10",
        "download_url": null,
        "links": [
          {
            "label": "Vantor Hub（旧MGP Pro）で開く",
            "url": "https://pro.maxar.com"
          }
        ],
        "first_seen": "2026-09-01T21:01:55.948965+00:00"
      }
    },
    {
      "type": "Feature",
      "geometry": {
        "type": "Polygon",
        "coordinates": [
          [
            [
              107.985798,
              35.986462
            ],
            [
              108.111453,
              35.986462
            ],
            [
              108.111453,
              37.013728
            ],
            [
              107.985798,
              37.013728
            ],
            [
              107.985798,
              35.986462
            ]
          ]
        ]
      },
      "properties": {
        "id": "B130001101169010",
        "source": "MGP",
        "sensor": "WORLDVIEW-LEGION-03",
        "type": "optical",
        "datetime": "2026-09-01T01:44:49.374801Z",
        "cloud_cover": 0.0,
        "name": "B130001101169010",
        "thumbnail_url": "https://api.maxar.com/discovery/v1/collections/lg03/items/B130001101169010/assets/collections/dg-archive/assets/browse/B130001101169010.browse.tif",
        "metadata_url": "https://api.maxar.com/discovery/v1/collections/lg03/items/B130001101169010",
        "download_url": null,
        "links": [
          {
            "label": "Vantor Hub（旧MGP Pro）で開く",
            "url": "https://pro.maxar.com"
          }
        ],
        "first_seen": "2026-09-01T21:01:55.948965+00:00"
      }
    },
    {
      "type": "Feature",
      "geometry": {
        "type": "Polygon",
        "coordinates": [
          [
            [
              105.819184,
              36.474987
            ],
            [
              105.939549,
              36.474987
            ],
            [
              105.939549,
              37.015725
            ],
            [
              105.819184,
              37.015725
            ],
            [
              105.819184,
              36.474987
            ]
          ]
        ]
      },
      "properties": {
        "id": "B130001101168F10",
        "source": "MGP",
        "sensor": "WORLDVIEW-LEGION-03",
        "type": "optical",
        "datetime": "2026-09-01T01:44:04.999691Z",
        "cloud_cover": 0.0,
        "name": "B130001101168F10",
        "thumbnail_url": "https://api.maxar.com/discovery/v1/collections/lg03/items/B130001101168F10/assets/collections/dg-archive/assets/browse/B130001101168F10.browse.tif",
        "metadata_url": "https://api.maxar.com/discovery/v1/collections/lg03/items/B130001101168F10",
        "download_url": null,
        "links": [
          {
            "label": "Vantor Hub（旧MGP Pro）で開く",
            "url": "https://pro.maxar.com"
          }
        ],
        "first_seen": "2026-09-01T21:01:55.948965+00:00"
      }
    },
    {
      "type": "Feature",
      "geometry": {
        "type": "Polygon",
        "coordinates": [
          [
            [
              106.996255,
              27.981123
            ],
            [
              107.105828,
              27.981123
            ],
            [
              107.105828,
              29.004994
            ],
            [
              106.996255,
              29.004994
            ],
            [
              106.996255,
              27.981123
            ]
          ]
        ]
      },
      "properties": {
        "id": "B1400011010A1F10",
        "source": "MGP",
        "sensor": "WORLDVIEW-LEGION-04",
        "type": "optical",
        "datetime": "2026-09-01T01:21:52.624799Z",
        "cloud_cover": 4.422776599488316,
        "name": "B1400011010A1F10",
        "thumbnail_url": "https://api.maxar.com/discovery/v1/collections/lg04/items/B1400011010A1F10/assets/collections/dg-archive/assets/browse/B1400011010A1F10.browse.tif",
        "metadata_url": "https://api.maxar.com/discovery/v1/collections/lg04/items/B1400011010A1F10",
        "download_url": null,
        "links": [
          {
            "label": "Vantor Hub（旧MGP Pro）で開く",
            "url": "https://pro.maxar.com"
          }
        ],
        "first_seen": "2026-09-01T21:01:55.948965+00:00"
      }
    },
    {
      "type": "Feature",
      "geometry": {
        "type": "Polygon",
        "coordinates": [
          [
            [
              103.989163,
              23.980507
            ],
            [
              104.103034,
              23.980507
            ],
            [
              104.103034,
              25.010991
            ],
            [
              103.989163,
              25.010991
            ],
            [
              103.989163,
              23.980507
            ]
          ]
        ]
      },
      "properties": {
        "id": "B1400011010A2210",
        "source": "MGP",
        "sensor": "WORLDVIEW-LEGION-04",
        "type": "optical",
        "datetime": "2026-09-01T01:20:42.249745Z",
        "cloud_cover": 20.931275722258853,
        "name": "B1400011010A2210",
        "thumbnail_url": "https://api.maxar.com/discovery/v1/collections/lg04/items/B1400011010A2210/assets/collections/dg-archive/assets/browse/B1400011010A2210.browse.tif",
        "metadata_url": "https://api.maxar.com/discovery/v1/collections/lg04/items/B1400011010A2210",
        "download_url": null,
        "links": [
          {
            "label": "Vantor Hub（旧MGP Pro）で開く",
            "url": "https://pro.maxar.com"
          }
        ],
        "first_seen": "2026-09-01T21:01:55.948965+00:00"
      }
    },
    {
      "type": "Feature",
      "geometry": {
        "type": "Polygon",
        "coordinates": [
          [
            [
              100.801143,
              21.403439
            ],
            [
              100.90421,
              21.403439
            ],
            [
              100.90421,
              21.579148
            ],
            [
              100.801143,
              21.579148
            ],
            [
              100.801143,
              21.403439
            ]
          ]
        ]
      },
      "properties": {
        "id": "B1400011010A1010",
        "source": "MGP",
        "sensor": "WORLDVIEW-LEGION-04",
        "type": "optical",
        "datetime": "2026-09-01T01:19:58.624874Z",
        "cloud_cover": 99.42981163723734,
        "name": "B1400011010A1010",
        "thumbnail_url": "https://api.maxar.com/discovery/v1/collections/lg04/items/B1400011010A1010/assets/collections/dg-archive/assets/browse/B1400011010A1010.browse.tif",
        "metadata_url": "https://api.maxar.com/discovery/v1/collections/lg04/items/B1400011010A1010",
        "download_url": null,
        "links": [
          {
            "label": "Vantor Hub（旧MGP Pro）で開く",
            "url": "https://pro.maxar.com"
          }
        ],
        "first_seen": "2026-09-01T21:01:55.948965+00:00"
      }
    },
    {
      "type": "Feature",
      "geometry": {
        "type": "Polygon",
        "coordinates": [
          [
            [
              100.714055,
              21.408683
            ],
            [
              100.822253,
              21.408683
            ],
            [
              100.822253,
              21.583354
            ],
            [
              100.714055,
              21.583354
            ],
            [
              100.714055,
              21.408683
            ]
          ]
        ]
      },
      "properties": {
        "id": "B1400011010A0F10",
        "source": "MGP",
        "sensor": "WORLDVIEW-LEGION-04",
        "type": "optical",
        "datetime": "2026-09-01T01:19:39.374764Z",
        "cloud_cover": 93.40472147550453,
        "name": "B1400011010A0F10",
        "thumbnail_url": "https://api.maxar.com/discovery/v1/collections/lg04/items/B1400011010A0F10/assets/collections/dg-archive/assets/browse/B1400011010A0F10.browse.tif",
        "metadata_url": "https://api.maxar.com/discovery/v1/collections/lg04/items/B1400011010A0F10",
        "download_url": null,
        "links": [
          {
            "label": "Vantor Hub（旧MGP Pro）で開く",
            "url": "https://pro.maxar.com"
          }
        ],
        "first_seen": "2026-09-01T21:01:55.948965+00:00"
      }
    },
    {
      "type": "Feature",
      "geometry": {
        "type": "Polygon",
        "coordinates": [
          [
            [
              116.630859375,
              32.255859375
            ],
            [
              122.783203125,
              32.255859375
            ],
            [
              122.783203125,
              38.49609375
            ],
            [
              116.630859375,
              38.49609375
            ],
            [
              116.630859375,
              32.255859375
            ]
          ]
        ]
      },
      "properties": {
        "id": "Vivid_Standard_CN22_26Q3",
        "source": "MGP",
        "sensor": "-",
        "type": "optical",
        "datetime": "2026-09-01T18:23:34Z",
        "cloud_cover": null,
        "name": "Vivid_Standard_CN22_26Q3",
        "thumbnail_url": "https://api.maxar.com/discovery/v1/collections/mosaics/items/Vivid_Standard_CN22_26Q3/assets/Vivid_Standard_CN22_26Q3/browse.tif",
        "metadata_url": "https://api.maxar.com/discovery/v1/collections/mosaics/items/Vivid_Standard_CN22_26Q3",
        "download_url": null,
        "links": [
          {
            "label": "Vantor Hub（旧MGP Pro）で開く",
            "url": "https://pro.maxar.com"
          }
        ],
        "first_seen": "2026-09-01T21:01:55.948965+00:00"
      }
    },
    {
      "type": "Feature",
      "geometry": {
        "type": "Polygon",
        "coordinates": [
          [
            [
              116.630859375,
              32.255859375
            ],
            [
              122.783203125,
              32.255859375
            ],
            [
              122.783203125,
              38.49609375
            ],
            [
              116.630859375,
              38.49609375
            ],
            [
              116.630859375,
              32.255859375
            ]
          ]
        ]
      },
      "properties": {
        "id": "Vivid_Standard_30_CN22_26Q3",
        "source": "MGP",
        "sensor": "-",
        "type": "optical",
        "datetime": "2026-09-01T14:33:57Z",
        "cloud_cover": null,
        "name": "Vivid_Standard_30_CN22_26Q3",
        "thumbnail_url": "https://api.maxar.com/discovery/v1/collections/mosaics/items/Vivid_Standard_30_CN22_26Q3/assets/Vivid_Standard_30_CN22_26Q3/browse.tif",
        "metadata_url": "https://api.maxar.com/discovery/v1/collections/mosaics/items/Vivid_Standard_30_CN22_26Q3",
        "download_url": null,
        "links": [
          {
            "label": "Vantor Hub（旧MGP Pro）で開く",
            "url": "https://pro.maxar.com"
          }
        ],
        "first_seen": "2026-09-01T21:01:55.948965+00:00"
      }
    },
    {
      "type": "Feature",
      "geometry": {
        "type": "Polygon",
        "coordinates": [
          [
            [
              121.99086,
              24.939968
            ],
            [
              122.096879,
              24.939968
            ],
            [
              122.096879,
              25.065232
            ],
            [
              121.99086,
              25.065232
            ],
            [
              121.99086,
              24.939968
            ]
          ]
        ]
      },
      "properties": {
        "id": "B1400011010AAF10",
        "source": "MGP",
        "sensor": "WORLDVIEW-LEGION-04",
        "type": "optical",
        "datetime": "2026-09-01T08:07:58.124740Z",
        "cloud_cover": 97.18412914626514,
        "name": "B1400011010AAF10",
        "thumbnail_url": "https://api.maxar.com/discovery/v1/collections/lg04/items/B1400011010AAF10/assets/collections/dg-archive/assets/browse/B1400011010AAF10.browse.tif",
        "metadata_url": "https://api.maxar.com/discovery/v1/collections/lg04/items/B1400011010AAF10",
        "download_url": null,
        "links": [
          {
            "label": "Vantor Hub（旧MGP Pro）で開く",
            "url": "https://pro.maxar.com"
          }
        ],
        "first_seen": "2026-09-01T21:01:55.948965+00:00"
      }
    },
    {
      "type": "Feature",
      "geometry": {
        "type": "Polygon",
        "coordinates": [
          [
            [
              115.394217,
              28.983013
            ],
            [
              115.508881,
              28.983013
            ],
            [
              115.508881,
              30.015441
            ],
            [
              115.394217,
              30.015441
            ],
            [
              115.394217,
              28.983013
            ]
          ]
        ]
      },
      "properties": {
        "id": "B1400011010AB210",
        "source": "MGP",
        "sensor": "WORLDVIEW-LEGION-04",
        "type": "optical",
        "datetime": "2026-09-01T08:06:06.749698Z",
        "cloud_cover": 96.51851107169792,
        "name": "B1400011010AB210",
        "thumbnail_url": "https://api.maxar.com/discovery/v1/collections/lg04/items/B1400011010AB210/assets/collections/dg-archive/assets/browse/B1400011010AB210.browse.tif",
        "metadata_url": "https://api.maxar.com/discovery/v1/collections/lg04/items/B1400011010AB210",
        "download_url": null,
        "links": [
          {
            "label": "Vantor Hub（旧MGP Pro）で開く",
            "url": "https://pro.maxar.com"
          }
        ],
        "first_seen": "2026-09-01T21:01:55.948965+00:00"
      }
    },
    {
      "type": "Feature",
      "geometry": {
        "type": "Polygon",
        "coordinates": [
          [
            [
              113.993694,
              31.994564
            ],
            [
              114.105066,
              31.994564
            ],
            [
              114.105066,
              33.016311
            ],
            [
              113.993694,
              33.016311
            ],
            [
              113.993694,
              31.994564
            ]
          ]
        ]
      },
      "properties": {
        "id": "B1400011010AB010",
        "source": "MGP",
        "sensor": "WORLDVIEW-LEGION-04",
        "type": "optical",
        "datetime": "2026-09-01T08:05:25.374755Z",
        "cloud_cover": 53.28768421303517,
        "name": "B1400011010AB010",
        "thumbnail_url": "https://api.maxar.com/discovery/v1/collections/lg04/items/B1400011010AB010/assets/collections/dg-archive/assets/browse/B1400011010AB010.browse.tif",
        "metadata_url": "https://api.maxar.com/discovery/v1/collections/lg04/items/B1400011010AB010",
        "download_url": null,
        "links": [
          {
            "label": "Vantor Hub（旧MGP Pro）で開く",
            "url": "https://pro.maxar.com"
          }
        ],
        "first_seen": "2026-09-01T21:01:55.948965+00:00"
      }
    },
    {
      "type": "Feature",
      "geometry": {
        "type": "Polygon",
        "coordinates": [
          [
            [
              111.456472,
              34.984609
            ],
            [
              111.570975,
              34.984609
            ],
            [
              111.570975,
              36.013029
            ],
            [
              111.456472,
              36.013029
            ],
            [
              111.456472,
              34.984609
            ]
          ]
        ]
      },
      "properties": {
        "id": "B160001101D15110",
        "source": "MGP",
        "sensor": "WORLDVIEW-LEGION-06",
        "type": "optical",
        "datetime": "2026-09-01T07:43:39.749759Z",
        "cloud_cover": 11.901118291260367,
        "name": "B160001101D15110",
        "thumbnail_url": "https://api.maxar.com/discovery/v1/collections/lg06/items/B160001101D15110/assets/collections/dg-archive/assets/browse/B160001101D15110.browse.tif",
        "metadata_url": "https://api.maxar.com/discovery/v1/collections/lg06/items/B160001101D15110",
        "download_url": null,
        "links": [
          {
            "label": "Vantor Hub（旧MGP Pro）で開く",
            "url": "https://pro.maxar.com"
          }
        ],
        "first_seen": "2026-09-01T21:01:55.948965+00:00"
      }
    },
    {
      "type": "Feature",
      "geometry": {
        "type": "Polygon",
        "coordinates": [
          [
            [
              109.704864,
              21.114269
            ],
            [
              109.879647,
              21.114269
            ],
            [
              109.879647,
              21.284617
            ],
            [
              109.704864,
              21.284617
            ],
            [
              109.704864,
              21.114269
            ]
          ]
        ]
      },
      "properties": {
        "id": "B020001100D92410",
        "source": "MGP",
        "sensor": "WV01",
        "type": "optical",
        "datetime": "2026-09-01T06:24:42.334443Z",
        "cloud_cover": 81.83934312647003,
        "name": "B020001100D92410",
        "thumbnail_url": "https://api.maxar.com/discovery/v1/collections/wv01/items/B020001100D92410/assets/collections/dg-archive/assets/browse/B020001100D92410.browse.tif",
        "metadata_url": "https://api.maxar.com/discovery/v1/collections/wv01/items/B020001100D92410",
        "download_url": null,
        "links": [
          {
            "label": "Vantor Hub（旧MGP Pro）で開く",
            "url": "https://pro.maxar.com"
          }
        ],
        "first_seen": "2026-09-01T21:01:55.948965+00:00"
      }
    },
    {
      "type": "Feature",
      "geometry": {
        "type": "Polygon",
        "coordinates": [
          [
            [
              109.208523,
              22.490304
            ],
            [
              109.399634,
              22.490304
            ],
            [
              109.399634,
              24.015143
            ],
            [
              109.208523,
              24.015143
            ],
            [
              109.208523,
              22.490304
            ]
          ]
        ]
      },
      "properties": {
        "id": "B020001100D92610",
        "source": "MGP",
        "sensor": "WV01",
        "type": "optical",
        "datetime": "2026-09-01T06:24:21.484194Z",
        "cloud_cover": 92.06868479330456,
        "name": "B020001100D92610",
        "thumbnail_url": "https://api.maxar.com/discovery/v1/collections/wv01/items/B020001100D92610/assets/collections/dg-archive/assets/browse/B020001100D92610.browse.tif",
        "metadata_url": "https://api.maxar.com/discovery/v1/collections/wv01/items/B020001100D92610",
        "download_url": null,
        "links": [
          {
            "label": "Vantor Hub（旧MGP Pro）で開く",
            "url": "https://pro.maxar.com"
          }
        ],
        "first_seen": "2026-09-01T21:01:55.948965+00:00"
      }
    },
    {
      "type": "Feature",
      "geometry": {
        "type": "Polygon",
        "coordinates": [
          [
            [
              109.212619,
              22.493578
            ],
            [
              109.393349,
              22.493578
            ],
            [
              109.393349,
              24.016182
            ],
            [
              109.212619,
              24.016182
            ],
            [
              109.212619,
              22.493578
            ]
          ]
        ]
      },
      "properties": {
        "id": "B020001100D92510",
        "source": "MGP",
        "sensor": "WV01",
        "type": "optical",
        "datetime": "2026-09-01T06:23:37.684037Z",
        "cloud_cover": 91.54917992141091,
        "name": "B020001100D92510",
        "thumbnail_url": "https://api.maxar.com/discovery/v1/collections/wv01/items/B020001100D92510/assets/collections/dg-archive/assets/browse/B020001100D92510.browse.tif",
        "metadata_url": "https://api.maxar.com/discovery/v1/collections/wv01/items/B020001100D92510",
        "download_url": null,
        "links": [
          {
            "label": "Vantor Hub（旧MGP Pro）で開く",
            "url": "https://pro.maxar.com"
          }
        ],
        "first_seen": "2026-09-01T21:01:55.948965+00:00"
      }
    },
    {
      "type": "Feature",
      "geometry": {
        "type": "Polygon",
        "coordinates": [
          [
            [
              109.21307,
              22.493638
            ],
            [
              109.392925,
              22.493638
            ],
            [
              109.392925,
              24.014466
            ],
            [
              109.21307,
              24.014466
            ],
            [
              109.21307,
              22.493638
            ]
          ]
        ]
      },
      "properties": {
        "id": "54b72fff-1d7e-482b-876f-280c04f46b38-inv",
        "source": "MGP",
        "sensor": "-",
        "type": "optical",
        "datetime": "2026-09-01T06:23:37.684037Z",
        "cloud_cover": null,
        "name": "54b72fff-1d7e-482b-876f-280c04f46b38-inv",
        "thumbnail_url": null,
        "metadata_url": "https://api.maxar.com/discovery/v1/collections/wv01-intrack-stereo/items/54b72fff-1d7e-482b-876f-280c04f46b38-inv",
        "download_url": null,
        "links": [
          {
            "label": "Vantor Hub（旧MGP Pro）で開く",
            "url": "https://pro.maxar.com"
          }
        ],
        "first_seen": "2026-09-01T21:01:55.948965+00:00"
      }
    },
    {
      "type": "Feature",
      "geometry": {
        "type": "Polygon",
        "coordinates": [
          [
            [
              109.232011,
              27.216887
            ],
            [
              109.446551,
              27.216887
            ],
            [
              109.446551,
              28.801056
            ],
            [
              109.232011,
              28.801056
            ],
            [
              109.232011,
              27.216887
            ]
          ]
        ]
      },
      "properties": {
        "id": "B020001100D92310",
        "source": "MGP",
        "sensor": "WV01",
        "type": "optical",
        "datetime": "2026-09-01T06:23:11.334457Z",
        "cloud_cover": 88.33069102816287,
        "name": "B020001100D92310",
        "thumbnail_url": "https://api.maxar.com/discovery/v1/collections/wv01/items/B020001100D92310/assets/collections/dg-archive/assets/browse/B020001100D92310.browse.tif",
        "metadata_url": "https://api.maxar.com/discovery/v1/collections/wv01/items/B020001100D92310",
        "download_url": null,
        "links": [
          {
            "label": "Vantor Hub（旧MGP Pro）で開く",
            "url": "https://pro.maxar.com"
          }
        ],
        "first_seen": "2026-09-01T21:01:55.948965+00:00"
      }
    },
    {
      "type": "Feature",
      "geometry": {
        "type": "Polygon",
        "coordinates": [
          [
            [
              109.417652,
              28.455211
            ],
            [
              109.620418,
              28.455211
            ],
            [
              109.620418,
              28.660047
            ],
            [
              109.417652,
              28.660047
            ],
            [
              109.417652,
              28.455211
            ]
          ]
        ]
      },
      "properties": {
        "id": "B020001100D91F10",
        "source": "MGP",
        "sensor": "WV01",
        "type": "optical",
        "datetime": "2026-09-01T06:23:03.784211Z",
        "cloud_cover": 99.68360758770426,
        "name": "B020001100D91F10",
        "thumbnail_url": "https://api.maxar.com/discovery/v1/collections/wv01/items/B020001100D91F10/assets/collections/dg-archive/assets/browse/B020001100D91F10.browse.tif",
        "metadata_url": "https://api.maxar.com/discovery/v1/collections/wv01/items/B020001100D91F10",
        "download_url": null,
        "links": [
          {
            "label": "Vantor Hub（旧MGP Pro）で開く",
            "url": "https://pro.maxar.com"
          }
        ],
        "first_seen": "2026-09-01T21:01:55.948965+00:00"
      }
    },
    {
      "type": "Feature",
      "geometry": {
        "type": "Polygon",
        "coordinates": [
          [
            [
              109.237767,
              27.226621
            ],
            [
              109.438572,
              27.226621
            ],
            [
              109.438572,
              28.778358
            ],
            [
              109.237767,
              28.778358
            ],
            [
              109.237767,
              27.226621
            ]
          ]
        ]
      },
      "properties": {
        "id": "B020001100D92210",
        "source": "MGP",
        "sensor": "WV01",
        "type": "optical",
        "datetime": "2026-09-01T06:22:31.584300Z",
        "cloud_cover": 85.24681701640986,
        "name": "B020001100D92210",
        "thumbnail_url": "https://api.maxar.com/discovery/v1/collections/wv01/items/B020001100D92210/assets/collections/dg-archive/assets/browse/B020001100D92210.browse.tif",
        "metadata_url": "https://api.maxar.com/discovery/v1/collections/wv01/items/B020001100D92210",
        "download_url": null,
        "links": [
          {
            "label": "Vantor Hub（旧MGP Pro）で開く",
            "url": "https://pro.maxar.com"
          }
        ],
        "first_seen": "2026-09-01T21:01:55.948965+00:00"
      }
    },
    {
      "type": "Feature",
      "geometry": {
        "type": "Polygon",
        "coordinates": [
          [
            [
              109.237767,
              27.227491
            ],
            [
              109.438572,
              27.227491
            ],
            [
              109.438572,
              28.778324
            ],
            [
              109.237767,
              28.778324
            ],
            [
              109.237767,
              27.227491
            ]
          ]
        ]
      },
      "properties": {
        "id": "15342daf-ca9f-498b-94eb-0c97d2c3e1d7-inv",
        "source": "MGP",
        "sensor": "-",
        "type": "optical",
        "datetime": "2026-09-01T06:22:31.584300Z",
        "cloud_cover": null,
        "name": "15342daf-ca9f-498b-94eb-0c97d2c3e1d7-inv",
        "thumbnail_url": null,
        "metadata_url": "https://api.maxar.com/discovery/v1/collections/wv01-intrack-stereo/items/15342daf-ca9f-498b-94eb-0c97d2c3e1d7-inv",
        "download_url": null,
        "links": [
          {
            "label": "Vantor Hub（旧MGP Pro）で開く",
            "url": "https://pro.maxar.com"
          }
        ],
        "first_seen": "2026-09-01T21:01:55.948965+00:00"
      }
    },
    {
      "type": "Feature",
      "geometry": {
        "type": "Polygon",
        "coordinates": [
          [
            [
              112.412562,
              31.970638
            ],
            [
              112.636185,
              31.970638
            ],
            [
              112.636185,
              33.035748
            ],
            [
              112.412562,
              33.035748
            ],
            [
              112.412562,
              31.970638
            ]
          ]
        ]
      },
      "properties": {
        "id": "B020001100D92010",
        "source": "MGP",
        "sensor": "WV01",
        "type": "optical",
        "datetime": "2026-09-01T06:22:02.384389Z",
        "cloud_cover": 28.9138826198083,
        "name": "B020001100D92010",
        "thumbnail_url": "https://api.maxar.com/discovery/v1/collections/wv01/items/B020001100D92010/assets/collections/dg-archive/assets/browse/B020001100D92010.browse.tif",
        "metadata_url": "https://api.maxar.com/discovery/v1/collections/wv01/items/B020001100D92010",
        "download_url": null,
        "links": [
          {
            "label": "Vantor Hub（旧MGP Pro）で開く",
            "url": "https://pro.maxar.com"
          }
        ],
        "first_seen": "2026-09-01T21:01:55.948965+00:00"
      }
    },
    {
      "type": "Feature",
      "geometry": {
        "type": "Polygon",
        "coordinates": [
          [
            [
              112.234811,
              31.986079
            ],
            [
              112.446736,
              31.986079
            ],
            [
              112.446736,
              33.019656
            ],
            [
              112.234811,
              33.019656
            ],
            [
              112.234811,
              31.986079
            ]
          ]
        ]
      },
      "properties": {
        "id": "B020001100D92110",
        "source": "MGP",
        "sensor": "WV01",
        "type": "optical",
        "datetime": "2026-09-01T06:21:47.934474Z",
        "cloud_cover": 22.794638913961702,
        "name": "B020001100D92110",
        "thumbnail_url": "https://api.maxar.com/discovery/v1/collections/wv01/items/B020001100D92110/assets/collections/dg-archive/assets/browse/B020001100D92110.browse.tif",
        "metadata_url": "https://api.maxar.com/discovery/v1/collections/wv01/items/B020001100D92110",
        "download_url": null,
        "links": [
          {
            "label": "Vantor Hub（旧MGP Pro）で開く",
            "url": "https://pro.maxar.com"
          }
        ],
        "first_seen": "2026-09-01T21:01:55.948965+00:00"
      }
    },
    {
      "type": "Feature",
      "geometry": {
        "type": "Polygon",
        "coordinates": [
          [
            [
              112.074446,
              31.994481
            ],
            [
              112.26432,
              31.994481
            ],
            [
              112.26432,
              33.011858
            ],
            [
              112.074446,
              33.011858
            ],
            [
              112.074446,
              31.994481
            ]
          ]
        ]
      },
      "properties": {
        "id": "B020001100D91E10",
        "source": "MGP",
        "sensor": "WV01",
        "type": "optical",
        "datetime": "2026-09-01T06:21:33.534560Z",
        "cloud_cover": 20.579204719562814,
        "name": "B020001100D91E10",
        "thumbnail_url": "https://api.maxar.com/discovery/v1/collections/wv01/items/B020001100D91E10/assets/collections/dg-archive/assets/browse/B020001100D91E10.browse.tif",
        "metadata_url": "https://api.maxar.com/discovery/v1/collections/wv01/items/B020001100D91E10",
        "download_url": null,
        "links": [
          {
            "label": "Vantor Hub（旧MGP Pro）で開く",
            "url": "https://pro.maxar.com"
          }
        ],
        "first_seen": "2026-09-01T21:01:55.948965+00:00"
      }
    },
    {
      "type": "Feature",
      "geometry": {
        "type": "Polygon",
        "coordinates": [
          [
            [
              110.974092,
              34.95751
            ],
            [
              111.199937,
              34.95751
            ],
            [
              111.199937,
              36.064976
            ],
            [
              110.974092,
              36.064976
            ],
            [
              110.974092,
              34.95751
            ]
          ]
        ]
      },
      "properties": {
        "id": "B020001100D91D10",
        "source": "MGP",
        "sensor": "WV01",
        "type": "optical",
        "datetime": "2026-09-01T06:21:12.634316Z",
        "cloud_cover": 4.729924187170561,
        "name": "B020001100D91D10",
        "thumbnail_url": "https://api.maxar.com/discovery/v1/collections/wv01/items/B020001100D91D10/assets/collections/dg-archive/assets/browse/B020001100D91D10.browse.tif",
        "metadata_url": "https://api.maxar.com/discovery/v1/collections/wv01/items/B020001100D91D10",
        "download_url": null,
        "links": [
          {
            "label": "Vantor Hub（旧MGP Pro）で開く",
            "url": "https://pro.maxar.com"
          }
        ],
        "first_seen": "2026-09-01T21:01:55.948965+00:00"
      }
    },
    {
      "type": "Feature",
      "geometry": {
        "type": "Polygon",
        "coordinates": [
          [
            [
              110.008295,
              34.446853
            ],
            [
              110.247484,
              34.446853
            ],
            [
              110.247484,
              34.638668
            ],
            [
              110.008295,
              34.638668
            ],
            [
              110.008295,
              34.446853
            ]
          ]
        ]
      },
      "properties": {
        "id": "B020001100D91A10",
        "source": "MGP",
        "sensor": "WV01",
        "type": "optical",
        "datetime": "2026-09-01T06:20:48.984403Z",
        "cloud_cover": 1.630675499558674,
        "name": "B020001100D91A10",
        "thumbnail_url": "https://api.maxar.com/discovery/v1/collections/wv01/items/B020001100D91A10/assets/collections/dg-archive/assets/browse/B020001100D91A10.browse.tif",
        "metadata_url": "https://api.maxar.com/discovery/v1/collections/wv01/items/B020001100D91A10",
        "download_url": null,
        "links": [
          {
            "label": "Vantor Hub（旧MGP Pro）で開く",
            "url": "https://pro.maxar.com"
          }
        ],
        "first_seen": "2026-09-01T21:01:55.948965+00:00"
      }
    },
    {
      "type": "Feature",
      "geometry": {
        "type": "Polygon",
        "coordinates": [
          [
            [
              110.973667,
              34.958349
            ],
            [
              111.196201,
              34.958349
            ],
            [
              111.196201,
              36.055706
            ],
            [
              110.973667,
              36.055706
            ],
            [
              110.973667,
              34.958349
            ]
          ]
        ]
      },
      "properties": {
        "id": "B020001100D91B10",
        "source": "MGP",
        "sensor": "WV01",
        "type": "optical",
        "datetime": "2026-09-01T06:20:27.084158Z",
        "cloud_cover": 4.545594641436967,
        "name": "B020001100D91B10",
        "thumbnail_url": "https://api.maxar.com/discovery/v1/collections/wv01/items/B020001100D91B10/assets/collections/dg-archive/assets/browse/B020001100D91B10.browse.tif",
        "metadata_url": "https://api.maxar.com/discovery/v1/collections/wv01/items/B020001100D91B10",
        "download_url": null,
        "links": [
          {
            "label": "Vantor Hub（旧MGP Pro）で開く",
            "url": "https://pro.maxar.com"
          }
        ],
        "first_seen": "2026-09-01T21:01:55.948965+00:00"
      }
    },
    {
      "type": "Feature",
      "geometry": {
        "type": "Polygon",
        "coordinates": [
          [
            [
              110.975118,
              34.965577
            ],
            [
              111.196188,
              34.965577
            ],
            [
              111.196188,
              36.05289
            ],
            [
              110.975118,
              36.05289
            ],
            [
              110.975118,
              34.965577
            ]
          ]
        ]
      },
      "properties": {
        "id": "8cf4c791-4d81-43ef-9d18-5b4630bf54f7-inv",
        "source": "MGP",
        "sensor": "-",
        "type": "optical",
        "datetime": "2026-09-01T06:20:27.084158Z",
        "cloud_cover": null,
        "name": "8cf4c791-4d81-43ef-9d18-5b4630bf54f7-inv",
        "thumbnail_url": null,
        "metadata_url": "https://api.maxar.com/discovery/v1/collections/wv01-intrack-stereo/items/8cf4c791-4d81-43ef-9d18-5b4630bf54f7-inv",
        "download_url": null,
        "links": [
          {
            "label": "Vantor Hub（旧MGP Pro）で開く",
            "url": "https://pro.maxar.com"
          }
        ],
        "first_seen": "2026-09-01T21:01:55.948965+00:00"
      }
    },
    {
      "type": "Feature",
      "geometry": {
        "type": "Polygon",
        "coordinates": [
          [
            [
              121.616279,
              31.255045
            ],
            [
              121.771619,
              31.255045
            ],
            [
              121.771619,
              31.390986
            ],
            [
              121.616279,
              31.390986
            ],
            [
              121.616279,
              31.255045
            ]
          ]
        ]
      },
      "properties": {
        "id": "B160001101D13410",
        "source": "MGP",
        "sensor": "WORLDVIEW-LEGION-06",
        "type": "optical",
        "datetime": "2026-09-01T06:05:44.624703Z",
        "cloud_cover": 99.85022046926612,
        "name": "B160001101D13410",
        "thumbnail_url": "https://api.maxar.com/discovery/v1/collections/lg06/items/B160001101D13410/assets/collections/dg-archive/assets/browse/B160001101D13410.browse.tif",
        "metadata_url": "https://api.maxar.com/discovery/v1/collections/lg06/items/B160001101D13410",
        "download_url": null,
        "links": [
          {
            "label": "Vantor Hub（旧MGP Pro）で開く",
            "url": "https://pro.maxar.com"
          }
        ],
        "first_seen": "2026-09-01T21:01:55.948965+00:00"
      }
    },
    {
      "type": "Feature",
      "geometry": {
        "type": "Polygon",
        "coordinates": [
          [
            [
              121.093859,
              28.009875
            ],
            [
              121.208153,
              28.009875
            ],
            [
              121.208153,
              28.095307
            ],
            [
              121.093859,
              28.095307
            ],
            [
              121.093859,
              28.009875
            ]
          ]
        ]
      },
      "properties": {
        "id": "B160001101D13310",
        "source": "MGP",
        "sensor": "WORLDVIEW-LEGION-06",
        "type": "optical",
        "datetime": "2026-09-01T06:05:08.874614Z",
        "cloud_cover": 98.61178383614725,
        "name": "B160001101D13310",
        "thumbnail_url": "https://api.maxar.com/discovery/v1/collections/lg06/items/B160001101D13310/assets/collections/dg-archive/assets/browse/B160001101D13310.browse.tif",
        "metadata_url": "https://api.maxar.com/discovery/v1/collections/lg06/items/B160001101D13310",
        "download_url": null,
        "links": [
          {
            "label": "Vantor Hub（旧MGP Pro）で開く",
            "url": "https://pro.maxar.com"
          }
        ],
        "first_seen": "2026-09-01T21:01:55.948965+00:00"
      }
    },
    {
      "type": "Feature",
      "geometry": {
        "type": "Polygon",
        "coordinates": [
          [
            [
              116.724706,
              23.174335
            ],
            [
              116.824191,
              23.174335
            ],
            [
              116.824191,
              23.270518
            ],
            [
              116.724706,
              23.270518
            ],
            [
              116.724706,
              23.174335
            ]
          ]
        ]
      },
      "properties": {
        "id": "B160001101D13010",
        "source": "MGP",
        "sensor": "WORLDVIEW-LEGION-06",
        "type": "optical",
        "datetime": "2026-09-01T06:03:11.999702Z",
        "cloud_cover": 99.982490515696,
        "name": "B160001101D13010",
        "thumbnail_url": "https://api.maxar.com/discovery/v1/collections/lg06/items/B160001101D13010/assets/collections/dg-archive/assets/browse/B160001101D13010.browse.tif",
        "metadata_url": "https://api.maxar.com/discovery/v1/collections/lg06/items/B160001101D13010",
        "download_url": null,
        "links": [
          {
            "label": "Vantor Hub（旧MGP Pro）で開く",
            "url": "https://pro.maxar.com"
          }
        ],
        "first_seen": "2026-09-01T21:01:55.948965+00:00"
      }
    },
    {
      "type": "Feature",
      "geometry": {
        "type": "Polygon",
        "coordinates": [
          [
            [
              111.085584,
              27.976169
            ],
            [
              111.19819,
              27.976169
            ],
            [
              111.19819,
              29.01541
            ],
            [
              111.085584,
              29.01541
            ],
            [
              111.085584,
              27.976169
            ]
          ]
        ]
      },
      "properties": {
        "id": "B1200011011CF310",
        "source": "MGP",
        "sensor": "WORLDVIEW-LEGION-02",
        "type": "optical",
        "datetime": "2026-09-01T03:30:30.624769Z",
        "cloud_cover": 99.83976112086532,
        "name": "B1200011011CF310",
        "thumbnail_url": "https://api.maxar.com/discovery/v1/collections/lg02/items/B1200011011CF310/assets/collections/dg-archive/assets/browse/B1200011011CF310.browse.tif",
        "metadata_url": "https://api.maxar.com/discovery/v1/collections/lg02/items/B1200011011CF310",
        "download_url": null,
        "links": [
          {
            "label": "Vantor Hub（旧MGP Pro）で開く",
            "url": "https://pro.maxar.com"
          }
        ],
        "first_seen": "2026-09-01T21:01:55.948965+00:00"
      }
    },
    {
      "type": "Feature",
      "geometry": {
        "type": "Polygon",
        "coordinates": [
          [
            [
              110.883436,
              29.974294
            ],
            [
              111.009058,
              29.974294
            ],
            [
              111.009058,
              31.016032
            ],
            [
              110.883436,
              31.016032
            ],
            [
              110.883436,
              29.974294
            ]
          ]
        ]
      },
      "properties": {
        "id": "B1200011011CF210",
        "source": "MGP",
        "sensor": "WORLDVIEW-LEGION-02",
        "type": "optical",
        "datetime": "2026-09-01T03:29:59.750021Z",
        "cloud_cover": 76.24197811395031,
        "name": "B1200011011CF210",
        "thumbnail_url": "https://api.maxar.com/discovery/v1/collections/lg02/items/B1200011011CF210/assets/collections/dg-archive/assets/browse/B1200011011CF210.browse.tif",
        "metadata_url": "https://api.maxar.com/discovery/v1/collections/lg02/items/B1200011011CF210",
        "download_url": null,
        "links": [
          {
            "label": "Vantor Hub（旧MGP Pro）で開く",
            "url": "https://pro.maxar.com"
          }
        ],
        "first_seen": "2026-09-01T21:01:55.948965+00:00"
      }
    },
    {
      "type": "Feature",
      "geometry": {
        "type": "Polygon",
        "coordinates": [
          [
            [
              115.58988500586055,
              33.97083549427288
            ],
            [
              115.71577552282473,
              33.97083549427288
            ],
            [
              115.71577552282473,
              34.50641439082418
            ],
            [
              115.58988500586055,
              34.50641439082418
            ],
            [
              115.58988500586055,
              33.97083549427288
            ]
          ]
        ]
      },
      "properties": {
        "id": "B1200011011CF110",
        "source": "MGP",
        "sensor": "MAXAR",
        "type": "optical",
        "datetime": "2026-09-01T03:29:12.632Z",
        "cloud_cover": 33,
        "name": "B1200011011CF110",
        "thumbnail_url": "https://api.maxar.com/analytics/v1/raster/browse/geotiff?function=browse&p=collect_identifier=%22B1200011011CF110%22",
        "metadata_url": "https://api.maxar.com/discovery/v1/collections/cloud-optimized-archive/items/B1200011011CF110",
        "download_url": null,
        "links": [
          {
            "label": "Vantor Hub（旧MGP Pro）で開く",
            "url": "https://pro.maxar.com"
          }
        ],
        "first_seen": "2026-09-01T21:01:55.948965+00:00"
      }
    },
    {
      "type": "Feature",
      "geometry": {
        "type": "Polygon",
        "coordinates": [
          [
            [
              113.965936,
              22.474667
            ],
            [
              114.096019,
              22.474667
            ],
            [
              114.096019,
              22.864401
            ],
            [
              113.965936,
              22.864401
            ],
            [
              113.965936,
              22.474667
            ]
          ]
        ]
      },
      "properties": {
        "id": "B040001100910A10",
        "source": "MGP",
        "sensor": "WV03",
        "type": "optical",
        "datetime": "2026-09-01T03:09:30.957892Z",
        "cloud_cover": 99.31443250618568,
        "name": "B040001100910A10",
        "thumbnail_url": "https://api.maxar.com/discovery/v1/collections/wv03-vnir/items/B040001100910A10/assets/collections/dg-archive/assets/browse/B040001100910A10.browse.tif",
        "metadata_url": "https://api.maxar.com/discovery/v1/collections/wv03-vnir/items/B040001100910A10",
        "download_url": null,
        "links": [
          {
            "label": "Vantor Hub（旧MGP Pro）で開く",
            "url": "https://pro.maxar.com"
          }
        ],
        "first_seen": "2026-09-01T21:01:55.948965+00:00"
      }
    },
    {
      "type": "Feature",
      "geometry": {
        "type": "Polygon",
        "coordinates": [
          [
            [
              114.078465,
              22.48733
            ],
            [
              114.207797,
              22.48733
            ],
            [
              114.207797,
              22.877382
            ],
            [
              114.078465,
              22.877382
            ],
            [
              114.078465,
              22.48733
            ]
          ]
        ]
      },
      "properties": {
        "id": "B040001100910710",
        "source": "MGP",
        "sensor": "WV03",
        "type": "optical",
        "datetime": "2026-09-01T03:09:16.907525Z",
        "cloud_cover": 99.82527190413118,
        "name": "B040001100910710",
        "thumbnail_url": "https://api.maxar.com/discovery/v1/collections/wv03-vnir/items/B040001100910710/assets/collections/dg-archive/assets/browse/B040001100910710.browse.tif",
        "metadata_url": "https://api.maxar.com/discovery/v1/collections/wv03-vnir/items/B040001100910710",
        "download_url": null,
        "links": [
          {
            "label": "Vantor Hub（旧MGP Pro）で開く",
            "url": "https://pro.maxar.com"
          }
        ],
        "first_seen": "2026-09-01T21:01:55.948965+00:00"
      }
    },
    {
      "type": "Feature",
      "geometry": {
        "type": "Polygon",
        "coordinates": [
          [
            [
              120.104332,
              26.310682
            ],
            [
              120.397824,
              26.310682
            ],
            [
              120.397824,
              26.493094
            ],
            [
              120.104332,
              26.493094
            ],
            [
              120.104332,
              26.310682
            ]
          ]
        ]
      },
      "properties": {
        "id": "B04000110090C610",
        "source": "MGP",
        "sensor": "WV03",
        "type": "optical",
        "datetime": "2026-09-01T03:08:45.857210Z",
        "cloud_cover": 99.82177022116151,
        "name": "B04000110090C610",
        "thumbnail_url": "https://api.maxar.com/discovery/v1/collections/wv03-vnir/items/B04000110090C610/assets/collections/dg-archive/assets/browse/B04000110090C610.browse.tif",
        "metadata_url": "https://api.maxar.com/discovery/v1/collections/wv03-vnir/items/B04000110090C610",
        "download_url": null,
        "links": [
          {
            "label": "Vantor Hub（旧MGP Pro）で開く",
            "url": "https://pro.maxar.com"
          }
        ],
        "first_seen": "2026-09-01T21:01:55.948965+00:00"
      }
    },
    {
      "type": "Feature",
      "geometry": {
        "type": "Polygon",
        "coordinates": [
          [
            [
              120.01163,
              26.288878
            ],
            [
              120.282376,
              26.288878
            ],
            [
              120.282376,
              26.441245
            ],
            [
              120.01163,
              26.441245
            ],
            [
              120.01163,
              26.288878
            ]
          ]
        ]
      },
      "properties": {
        "id": "B04000110090C510",
        "source": "MGP",
        "sensor": "WV03",
        "type": "optical",
        "datetime": "2026-09-01T03:08:29.758052Z",
        "cloud_cover": 99.88029076557528,
        "name": "B04000110090C510",
        "thumbnail_url": "https://api.maxar.com/discovery/v1/collections/wv03-vnir/items/B04000110090C510/assets/collections/dg-archive/assets/browse/B04000110090C510.browse.tif",
        "metadata_url": "https://api.maxar.com/discovery/v1/collections/wv03-vnir/items/B04000110090C510",
        "download_url": null,
        "links": [
          {
            "label": "Vantor Hub（旧MGP Pro）で開く",
            "url": "https://pro.maxar.com"
          }
        ],
        "first_seen": "2026-09-01T21:01:55.948965+00:00"
      }
    },
    {
      "type": "Feature",
      "geometry": {
        "type": "Polygon",
        "coordinates": [
          [
            [
              115.461976,
              31.988581
            ],
            [
              115.604102,
              31.988581
            ],
            [
              115.604102,
              33.025539
            ],
            [
              115.461976,
              33.025539
            ],
            [
              115.461976,
              31.988581
            ]
          ]
        ]
      },
      "properties": {
        "id": "B040001100910910",
        "source": "MGP",
        "sensor": "WV03",
        "type": "optical",
        "datetime": "2026-09-01T03:06:54.657532Z",
        "cloud_cover": 62.146838389422676,
        "name": "B040001100910910",
        "thumbnail_url": "https://api.maxar.com/discovery/v1/collections/wv03-vnir/items/B040001100910910/assets/collections/dg-archive/assets/browse/B040001100910910.browse.tif",
        "metadata_url": "https://api.maxar.com/discovery/v1/collections/wv03-vnir/items/B040001100910910",
        "download_url": null,
        "links": [
          {
            "label": "Vantor Hub（旧MGP Pro）で開く",
            "url": "https://pro.maxar.com"
          }
        ],
        "first_seen": "2026-09-01T21:01:55.948965+00:00"
      }
    },
    {
      "type": "Feature",
      "geometry": {
        "type": "Polygon",
        "coordinates": [
          [
            [
              121.253134,
              25.154478
            ],
            [
              121.359328,
              25.154478
            ],
            [
              121.359328,
              25.241415
            ],
            [
              121.253134,
              25.241415
            ],
            [
              121.253134,
              25.154478
            ]
          ]
        ]
      },
      "properties": {
        "id": "B1100011011B9910",
        "source": "MGP",
        "sensor": "WORLDVIEW-LEGION-01",
        "type": "optical",
        "datetime": "2026-09-01T02:47:14.374563Z",
        "cloud_cover": 98.87950159200892,
        "name": "B1100011011B9910",
        "thumbnail_url": "https://api.maxar.com/discovery/v1/collections/lg01/items/B1100011011B9910/assets/collections/dg-archive/assets/browse/B1100011011B9910.browse.tif",
        "metadata_url": "https://api.maxar.com/discovery/v1/collections/lg01/items/B1100011011B9910",
        "download_url": null,
        "links": [
          {
            "label": "Vantor Hub（旧MGP Pro）で開く",
            "url": "https://pro.maxar.com"
          }
        ],
        "first_seen": "2026-09-01T21:01:55.948965+00:00"
      }
    },
    {
      "type": "Feature",
      "geometry": {
        "type": "Polygon",
        "coordinates": [
          [
            [
              121.439664,
              24.951064
            ],
            [
              121.552336,
              24.951064
            ],
            [
              121.552336,
              25.190491
            ],
            [
              121.439664,
              25.190491
            ],
            [
              121.439664,
              24.951064
            ]
          ]
        ]
      },
      "properties": {
        "id": "B1100011011B9510",
        "source": "MGP",
        "sensor": "WORLDVIEW-LEGION-01",
        "type": "optical",
        "datetime": "2026-09-01T02:46:44.382000Z",
        "cloud_cover": 99.47279784991635,
        "name": "B1100011011B9510",
        "thumbnail_url": "https://api.maxar.com/discovery/v1/collections/lg01/items/B1100011011B9510/assets/collections/dg-archive/assets/browse/B1100011011B9510.browse.tif",
        "metadata_url": "https://api.maxar.com/discovery/v1/collections/lg01/items/B1100011011B9510",
        "download_url": null,
        "links": [
          {
            "label": "Vantor Hub（旧MGP Pro）で開く",
            "url": "https://pro.maxar.com"
          }
        ],
        "first_seen": "2026-09-01T21:01:55.948965+00:00"
      }
    },
    {
      "type": "Feature",
      "geometry": {
        "type": "Polygon",
        "coordinates": [
          [
            [
              121.907193,
              29.838403
            ],
            [
              122.025011,
              29.838403
            ],
            [
              122.025011,
              29.925207
            ],
            [
              121.907193,
              29.925207
            ],
            [
              121.907193,
              29.838403
            ]
          ]
        ]
      },
      "properties": {
        "id": "B1100011011BA210",
        "source": "MGP",
        "sensor": "WORLDVIEW-LEGION-01",
        "type": "optical",
        "datetime": "2026-09-01T02:45:42.499633Z",
        "cloud_cover": 99.95523714674292,
        "name": "B1100011011BA210",
        "thumbnail_url": "https://api.maxar.com/discovery/v1/collections/lg01/items/B1100011011BA210/assets/collections/dg-archive/assets/browse/B1100011011BA210.browse.tif",
        "metadata_url": "https://api.maxar.com/discovery/v1/collections/lg01/items/B1100011011BA210",
        "download_url": null,
        "links": [
          {
            "label": "Vantor Hub（旧MGP Pro）で開く",
            "url": "https://pro.maxar.com"
          }
        ],
        "first_seen": "2026-09-01T21:01:55.948965+00:00"
      }
    },
    {
      "type": "Feature",
      "geometry": {
        "type": "Polygon",
        "coordinates": [
          [
            [
              120.211222,
              23.368187
            ],
            [
              120.454295,
              23.368187
            ],
            [
              120.454295,
              23.681088
            ],
            [
              120.211222,
              23.681088
            ],
            [
              120.211222,
              23.368187
            ]
          ]
        ]
      },
      "properties": {
        "id": "B030001100DA9F10",
        "source": "MGP",
        "sensor": "WV02",
        "type": "optical",
        "datetime": "2026-09-01T02:42:45.608079Z",
        "cloud_cover": 98.76195416175764,
        "name": "B030001100DA9F10",
        "thumbnail_url": "https://api.maxar.com/discovery/v1/collections/wv02/items/B030001100DA9F10/assets/collections/dg-archive/assets/browse/B030001100DA9F10.browse.tif",
        "metadata_url": "https://api.maxar.com/discovery/v1/collections/wv02/items/B030001100DA9F10",
        "download_url": null,
        "links": [
          {
            "label": "Vantor Hub（旧MGP Pro）で開く",
            "url": "https://pro.maxar.com"
          }
        ],
        "first_seen": "2026-09-01T21:01:55.948965+00:00"
      }
    },
    {
      "type": "Feature",
      "geometry": {
        "type": "Polygon",
        "coordinates": [
          [
            [
              120.116604,
              22.924791
            ],
            [
              120.338684,
              22.924791
            ],
            [
              120.338684,
              23.182448
            ],
            [
              120.116604,
              23.182448
            ],
            [
              120.116604,
              22.924791
            ]
          ]
        ]
      },
      "properties": {
        "id": "B030001100DA9E10",
        "source": "MGP",
        "sensor": "WV02",
        "type": "optical",
        "datetime": "2026-09-01T02:42:37.607274Z",
        "cloud_cover": 99.75968905153461,
        "name": "B030001100DA9E10",
        "thumbnail_url": "https://api.maxar.com/discovery/v1/collections/wv02/items/B030001100DA9E10/assets/collections/dg-archive/assets/browse/B030001100DA9E10.browse.tif",
        "metadata_url": "https://api.maxar.com/discovery/v1/collections/wv02/items/B030001100DA9E10",
        "download_url": null,
        "links": [
          {
            "label": "Vantor Hub（旧MGP Pro）で開く",
            "url": "https://pro.maxar.com"
          }
        ],
        "first_seen": "2026-09-01T21:01:55.948965+00:00"
      }
    },
    {
      "type": "Feature",
      "geometry": {
        "type": "Polygon",
        "coordinates": [
          [
            [
              120.844774,
              24.707884
            ],
            [
              121.093952,
              24.707884
            ],
            [
              121.093952,
              25.023649
            ],
            [
              120.844774,
              25.023649
            ],
            [
              120.844774,
              24.707884
            ]
          ]
        ]
      },
      "properties": {
        "id": "B030001100DA9D10",
        "source": "MGP",
        "sensor": "WV02",
        "type": "optical",
        "datetime": "2026-09-01T02:42:21.408882Z",
        "cloud_cover": 88.42589972027803,
        "name": "B030001100DA9D10",
        "thumbnail_url": "https://api.maxar.com/discovery/v1/collections/wv02/items/B030001100DA9D10/assets/collections/dg-archive/assets/browse/B030001100DA9D10.browse.tif",
        "metadata_url": "https://api.maxar.com/discovery/v1/collections/wv02/items/B030001100DA9D10",
        "download_url": null,
        "links": [
          {
            "label": "Vantor Hub（旧MGP Pro）で開く",
            "url": "https://pro.maxar.com"
          }
        ],
        "first_seen": "2026-09-01T21:01:55.948965+00:00"
      }
    },
    {
      "type": "Feature",
      "geometry": {
        "type": "Polygon",
        "coordinates": [
          [
            [
              120.062519,
              26.283097
            ],
            [
              120.227251,
              26.283097
            ],
            [
              120.227251,
              26.408113
            ],
            [
              120.062519,
              26.408113
            ],
            [
              120.062519,
              26.283097
            ]
          ]
        ]
      },
      "properties": {
        "id": "B030001100DA7A10",
        "source": "MGP",
        "sensor": "WV02",
        "type": "optical",
        "datetime": "2026-09-01T02:40:18.656937Z",
        "cloud_cover": 94.55280998674633,
        "name": "B030001100DA7A10",
        "thumbnail_url": "https://api.maxar.com/discovery/v1/collections/wv02/items/B030001100DA7A10/assets/collections/dg-archive/assets/browse/B030001100DA7A10.browse.tif",
        "metadata_url": "https://api.maxar.com/discovery/v1/collections/wv02/items/B030001100DA7A10",
        "download_url": null,
        "links": [
          {
            "label": "Vantor Hub（旧MGP Pro）で開く",
            "url": "https://pro.maxar.com"
          }
        ],
        "first_seen": "2026-09-01T21:01:55.948965+00:00"
      }
    },
    {
      "type": "Feature",
      "geometry": {
        "type": "Polygon",
        "coordinates": [
          [
            [
              120.163594,
              26.319659
            ],
            [
              120.332303,
              26.319659
            ],
            [
              120.332303,
              26.451262
            ],
            [
              120.163594,
              26.451262
            ],
            [
              120.163594,
              26.319659
            ]
          ]
        ]
      },
      "properties": {
        "id": "B030001100DA7910",
        "source": "MGP",
        "sensor": "WV02",
        "type": "optical",
        "datetime": "2026-09-01T02:39:50.007349Z",
        "cloud_cover": 99.81081523390924,
        "name": "B030001100DA7910",
        "thumbnail_url": "https://api.maxar.com/discovery/v1/collections/wv02/items/B030001100DA7910/assets/collections/dg-archive/assets/browse/B030001100DA7910.browse.tif",
        "metadata_url": "https://api.maxar.com/discovery/v1/collections/wv02/items/B030001100DA7910",
        "download_url": null,
        "links": [
          {
            "label": "Vantor Hub（旧MGP Pro）で開く",
            "url": "https://pro.maxar.com"
          }
        ],
        "first_seen": "2026-09-01T21:01:55.948965+00:00"
      }
    },
    {
      "type": "Feature",
      "geometry": {
        "type": "Polygon",
        "coordinates": [
          [
            [
              118.831869,
              31.620258
            ],
            [
              118.945224,
              31.620258
            ],
            [
              118.945224,
              31.997155
            ],
            [
              118.831869,
              31.997155
            ],
            [
              118.831869,
              31.620258
            ]
          ]
        ]
      },
      "properties": {
        "id": "B130001101169410",
        "source": "MGP",
        "sensor": "WORLDVIEW-LEGION-03",
        "type": "optical",
        "datetime": "2026-09-01T01:47:48.124799Z",
        "cloud_cover": 99.89966816059824,
        "name": "B130001101169410",
        "thumbnail_url": "https://api.maxar.com/discovery/v1/collections/lg03/items/B130001101169410/assets/collections/dg-archive/assets/browse/B130001101169410.browse.tif",
        "metadata_url": "https://api.maxar.com/discovery/v1/collections/lg03/items/B130001101169410",
        "download_url": null,
        "links": [
          {
            "label": "Vantor Hub（旧MGP Pro）で開く",
            "url": "https://pro.maxar.com"
          }
        ],
        "first_seen": "2026-09-01T21:01:55.948965+00:00"
      }
    },
    {
      "type": "Feature",
      "geometry": {
        "type": "Polygon",
        "coordinates": [
          [
            [
              117.430055,
              31.715716
            ],
            [
              117.538375,
              31.715716
            ],
            [
              117.538375,
              32.014316
            ],
            [
              117.430055,
              32.014316
            ],
            [
              117.430055,
              31.715716
            ]
          ]
        ]
      },
      "properties": {
        "id": "B13000110116F410",
        "source": "MGP",
        "sensor": "WORLDVIEW-LEGION-03",
        "type": "optical",
        "datetime": "2026-09-01T01:47:12.499822Z",
        "cloud_cover": 99.20210546415217,
        "name": "B13000110116F410",
        "thumbnail_url": "https://api.maxar.com/discovery/v1/collections/lg03/items/B13000110116F410/assets/collections/dg-archive/assets/browse/B13000110116F410.browse.tif",
        "metadata_url": "https://api.maxar.com/discovery/v1/collections/lg03/items/B13000110116F410",
        "download_url": null,
        "links": [
          {
            "label": "Vantor Hub（旧MGP Pro）で開く",
            "url": "https://pro.maxar.com"
          }
        ],
        "first_seen": "2026-09-01T21:01:55.948965+00:00"
      }
    },
    {
      "type": "Feature",
      "geometry": {
        "type": "Polygon",
        "coordinates": [
          [
            [
              117.326987,
              34.256259
            ],
            [
              117.445967,
              34.256259
            ],
            [
              117.445967,
              34.383319
            ],
            [
              117.326987,
              34.383319
            ],
            [
              117.326987,
              34.256259
            ]
          ]
        ]
      },
      "properties": {
        "id": "B130001101169110",
        "source": "MGP",
        "sensor": "WORLDVIEW-LEGION-03",
        "type": "optical",
        "datetime": "2026-09-01T01:46:49.874798Z",
        "cloud_cover": 93.55723592511406,
        "name": "B130001101169110",
        "thumbnail_url": "https://api.maxar.com/discovery/v1/collections/lg03/items/B130001101169110/assets/collections/dg-archive/assets/browse/B130001101169110.browse.tif",
        "metadata_url": "https://api.maxar.com/discovery/v1/collections/lg03/items/B130001101169110",
        "download_url": null,
        "links": [
          {
            "label": "Vantor Hub（旧MGP Pro）で開く",
            "url": "https://pro.maxar.com"
          }
        ],
        "first_seen": "2026-09-01T21:01:55.948965+00:00"
      }
    },
    {
      "type": "Feature",
      "geometry": {
        "type": "Polygon",
        "coordinates": [
          [
            [
              112.348731,
              34.436902
            ],
            [
              112.46655,
              34.436902
            ],
            [
              112.46655,
              34.823747
            ],
            [
              112.348731,
              34.823747
            ],
            [
              112.348731,
              34.436902
            ]
          ]
        ]
      },
      "properties": {
        "id": "B130001101169210",
        "source": "MGP",
        "sensor": "WORLDVIEW-LEGION-03",
        "type": "optical",
        "datetime": "2026-09-01T01:46:00.874791Z",
        "cloud_cover": 0.0,
        "name": "B130001101169210",
        "thumbnail_url": "https://api.maxar.com/discovery/v1/collections/lg03/items/B130001101169210/assets/collections/dg-archive/assets/browse/B130001101169210.browse.tif",
        "metadata_url": "https://api.maxar.com/discovery/v1/collections/lg03/items/B130001101169210",
        "download_url": null,
        "links": [
          {
            "label": "Vantor Hub（旧MGP Pro）で開く",
            "url": "https://pro.maxar.com"
          }
        ],
        "first_seen": "2026-09-01T21:01:55.948965+00:00"
      }
    },
    {
      "type": "Feature",
      "geometry": {
        "type": "Polygon",
        "coordinates": [
          [
            [
              112.258375,
              34.439108
            ],
            [
              112.370705,
              34.439108
            ],
            [
              112.370705,
              34.819859
            ],
            [
              112.258375,
              34.819859
            ],
            [
              112.258375,
              34.439108
            ]
          ]
        ]
      },
      "properties": {
        "id": "B130001101169310",
        "source": "MGP",
        "sensor": "WORLDVIEW-LEGION-03",
        "type": "optical",
        "datetime": "2026-09-01T01:45:39.124796Z",
        "cloud_cover": 0.0,
        "name": "B130001101169310",
        "thumbnail_url": "https://api.maxar.com/discovery/v1/collections/lg03/items/B130001101169310/assets/collections/dg-archive/assets/browse/B130001101169310.browse.tif",
        "metadata_url": "https://api.maxar.com/discovery/v1/collections/lg03/items/B130001101169310",
        "download_url": null,
        "links": [
          {
            "label": "Vantor Hub（旧MGP Pro）で開く",
            "url": "https://pro.maxar.com"
          }
        ],
        "first_seen": "2026-09-01T21:01:55.948965+00:00"
      }
    },
    {
      "type": "Feature",
      "geometry": {
        "type": "Polygon",
        "coordinates": [
          [
            [
              112.98805,
              32.984392
            ],
            [
              113.11023,
              32.984392
            ],
            [
              113.11023,
              34.011977
            ],
            [
              112.98805,
              34.011977
            ],
            [
              112.98805,
              32.984392
            ]
          ]
        ]
      },
      "properties": {
        "id": "B1400011010A2F10",
        "source": "MGP",
        "sensor": "WORLDVIEW-LEGION-04",
        "type": "optical",
        "datetime": "2026-09-01T01:24:17.499795Z",
        "cloud_cover": 24.330584717081575,
        "name": "B1400011010A2F10",
        "thumbnail_url": "https://api.maxar.com/discovery/v1/collections/lg04/items/B1400011010A2F10/assets/collections/dg-archive/assets/browse/B1400011010A2F10.browse.tif",
        "metadata_url": "https://api.maxar.com/discovery/v1/collections/lg04/items/B1400011010A2F10",
        "download_url": null,
        "links": [
          {
            "label": "Vantor Hub（旧MGP Pro）で開く",
            "url": "https://pro.maxar.com"
          }
        ],
        "first_seen": "2026-09-01T21:01:55.948965+00:00"
      }
    },
    {
      "type": "Feature",
      "geometry": {
        "type": "Polygon",
        "coordinates": [
          [
            [
              110.895703,
              30.985597
            ],
            [
              111.008503,
              30.985597
            ],
            [
              111.008503,
              32.007912
            ],
            [
              110.895703,
              32.007912
            ],
            [
              110.895703,
              30.985597
            ]
          ]
        ]
      },
      "properties": {
        "id": "B1400011010A4810",
        "source": "MGP",
        "sensor": "WORLDVIEW-LEGION-04",
        "type": "optical",
        "datetime": "2026-09-01T01:23:33.874647Z",
        "cloud_cover": 66.89931021956309,
        "name": "B1400011010A4810",
        "thumbnail_url": "https://api.maxar.com/discovery/v1/collections/lg04/items/B1400011010A4810/assets/collections/dg-archive/assets/browse/B1400011010A4810.browse.tif",
        "metadata_url": "https://api.maxar.com/discovery/v1/collections/lg04/items/B1400011010A4810",
        "download_url": null,
        "links": [
          {
            "label": "Vantor Hub（旧MGP Pro）で開く",
            "url": "https://pro.maxar.com"
          }
        ],
        "first_seen": "2026-09-01T21:01:55.948965+00:00"
      }
    },
    {
      "type": "Feature",
      "geometry": {
        "type": "Polygon",
        "coordinates": [
          [
            [
              110.759021,
              28.979977
            ],
            [
              110.875478,
              28.979977
            ],
            [
              110.875478,
              30.006971
            ],
            [
              110.759021,
              30.006971
            ],
            [
              110.759021,
              28.979977
            ]
          ]
        ]
      },
      "properties": {
        "id": "B1400011010A2510",
        "source": "MGP",
        "sensor": "WORLDVIEW-LEGION-04",
        "type": "optical",
        "datetime": "2026-09-01T01:22:53.624700Z",
        "cloud_cover": 88.97481514922458,
        "name": "B1400011010A2510",
        "thumbnail_url": "https://api.maxar.com/discovery/v1/collections/lg04/items/B1400011010A2510/assets/collections/dg-archive/assets/browse/B1400011010A2510.browse.tif",
        "metadata_url": "https://api.maxar.com/discovery/v1/collections/lg04/items/B1400011010A2510",
        "download_url": null,
        "links": [
          {
            "label": "Vantor Hub（旧MGP Pro）で開く",
            "url": "https://pro.maxar.com"
          }
        ],
        "first_seen": "2026-09-01T21:01:55.948965+00:00"
      }
    },
    {
      "type": "Feature",
      "geometry": {
        "type": "Polygon",
        "coordinates": [
          [
            [
              87.71484375,
              43.681640625
            ],
            [
              95.712890625,
              43.681640625
            ],
            [
              95.712890625,
              50.888671875
            ],
            [
              87.71484375,
              50.888671875
            ],
            [
              87.71484375,
              43.681640625
            ]
          ]
        ]
      },
      "properties": {
        "id": "Vivid_Standard_30_MN01_26Q3",
        "source": "MGP",
        "sensor": "-",
        "type": "optical",
        "datetime": "2026-09-01T16:36:50Z",
        "cloud_cover": null,
        "name": "Vivid_Standard_30_MN01_26Q3",
        "thumbnail_url": "https://api.maxar.com/discovery/v1/collections/mosaics/items/Vivid_Standard_30_MN01_26Q3/assets/Vivid_Standard_30_MN01_26Q3/browse.tif",
        "metadata_url": "https://api.maxar.com/discovery/v1/collections/mosaics/items/Vivid_Standard_30_MN01_26Q3",
        "download_url": null,
        "links": [
          {
            "label": "Vantor Hub（旧MGP Pro）で開く",
            "url": "https://pro.maxar.com"
          }
        ],
        "first_seen": "2026-09-01T21:01:55.948965+00:00"
      }
    },
    {
      "type": "Feature",
      "geometry": {
        "type": "Polygon",
        "coordinates": [
          [
            [
              78.362293,
              42.425963
            ],
            [
              78.522135,
              42.425963
            ],
            [
              78.522135,
              42.585509
            ],
            [
              78.362293,
              42.585509
            ],
            [
              78.362293,
              42.425963
            ]
          ]
        ]
      },
      "properties": {
        "id": "B160001101D18710",
        "source": "MGP",
        "sensor": "WORLDVIEW-LEGION-06",
        "type": "optical",
        "datetime": "2026-09-01T10:57:49.624751Z",
        "cloud_cover": 6.959238584301645,
        "name": "B160001101D18710",
        "thumbnail_url": "https://api.maxar.com/discovery/v1/collections/lg06/items/B160001101D18710/assets/collections/dg-archive/assets/browse/B160001101D18710.browse.tif",
        "metadata_url": "https://api.maxar.com/discovery/v1/collections/lg06/items/B160001101D18710",
        "download_url": null,
        "links": [
          {
            "label": "Vantor Hub（旧MGP Pro）で開く",
            "url": "https://pro.maxar.com"
          }
        ],
        "first_seen": "2026-09-01T21:01:55.948965+00:00"
      }
    },
    {
      "type": "Feature",
      "geometry": {
        "type": "Polygon",
        "coordinates": [
          [
            [
              78.479187,
              41.963967
            ],
            [
              78.614123,
              41.963967
            ],
            [
              78.614123,
              43.02387
            ],
            [
              78.479187,
              43.02387
            ],
            [
              78.479187,
              41.963967
            ]
          ]
        ]
      },
      "properties": {
        "id": "B160001101D19210",
        "source": "MGP",
        "sensor": "WORLDVIEW-LEGION-06",
        "type": "optical",
        "datetime": "2026-09-01T10:57:13.749624Z",
        "cloud_cover": 32.343101926625664,
        "name": "B160001101D19210",
        "thumbnail_url": "https://api.maxar.com/discovery/v1/collections/lg06/items/B160001101D19210/assets/collections/dg-archive/assets/browse/B160001101D19210.browse.tif",
        "metadata_url": "https://api.maxar.com/discovery/v1/collections/lg06/items/B160001101D19210",
        "download_url": null,
        "links": [
          {
            "label": "Vantor Hub（旧MGP Pro）で開く",
            "url": "https://pro.maxar.com"
          }
        ],
        "first_seen": "2026-09-01T21:01:55.948965+00:00"
      }
    },
    {
      "type": "Feature",
      "geometry": {
        "type": "Polygon",
        "coordinates": [
          [
            [
              74.291872,
              38.990733
            ],
            [
              74.424043,
              38.990733
            ],
            [
              74.424043,
              40.017167
            ],
            [
              74.291872,
              40.017167
            ],
            [
              74.291872,
              38.990733
            ]
          ]
        ]
      },
      "properties": {
        "id": "B160001101D1B810",
        "source": "MGP",
        "sensor": "WORLDVIEW-LEGION-06",
        "type": "optical",
        "datetime": "2026-09-01T10:55:52.257000Z",
        "cloud_cover": 63.30231986871839,
        "name": "B160001101D1B810",
        "thumbnail_url": "https://api.maxar.com/discovery/v1/collections/lg06/items/B160001101D1B810/assets/collections/dg-archive/assets/browse/B160001101D1B810.browse.tif",
        "metadata_url": "https://api.maxar.com/discovery/v1/collections/lg06/items/B160001101D1B810",
        "download_url": null,
        "links": [
          {
            "label": "Vantor Hub（旧MGP Pro）で開く",
            "url": "https://pro.maxar.com"
          }
        ],
        "first_seen": "2026-09-01T21:01:55.948965+00:00"
      }
    },
    {
      "type": "Feature",
      "geometry": {
        "type": "Polygon",
        "coordinates": [
          [
            [
              76.076496,
              37.98703
            ],
            [
              76.193701,
              37.98703
            ],
            [
              76.193701,
              38.515224
            ],
            [
              76.076496,
              38.515224
            ],
            [
              76.076496,
              37.98703
            ]
          ]
        ]
      },
      "properties": {
        "id": "B1400011010B5010",
        "source": "MGP",
        "sensor": "WORLDVIEW-LEGION-04",
        "type": "optical",
        "datetime": "2026-09-01T09:36:51.632000Z",
        "cloud_cover": 5.811322764202903,
        "name": "B1400011010B5010",
        "thumbnail_url": "https://api.maxar.com/discovery/v1/collections/lg04/items/B1400011010B5010/assets/collections/dg-archive/assets/browse/B1400011010B5010.browse.tif",
        "metadata_url": "https://api.maxar.com/discovery/v1/collections/lg04/items/B1400011010B5010",
        "download_url": null,
        "links": [
          {
            "label": "Vantor Hub（旧MGP Pro）で開く",
            "url": "https://pro.maxar.com"
          }
        ],
        "first_seen": "2026-09-01T21:01:55.948965+00:00"
      }
    },
    {
      "type": "Feature",
      "geometry": {
        "type": "Polygon",
        "coordinates": [
          [
            [
              84.900444,
              42.484877
            ],
            [
              85.026944,
              42.484877
            ],
            [
              85.026944,
              43.014483
            ],
            [
              84.900444,
              43.014483
            ],
            [
              84.900444,
              42.484877
            ]
          ]
        ]
      },
      "properties": {
        "id": "B1400011010B1010",
        "source": "MGP",
        "sensor": "WORLDVIEW-LEGION-04",
        "type": "optical",
        "datetime": "2026-09-01T07:58:33.382000Z",
        "cloud_cover": 29.519211956112756,
        "name": "B1400011010B1010",
        "thumbnail_url": "https://api.maxar.com/discovery/v1/collections/lg04/items/B1400011010B1010/assets/collections/dg-archive/assets/browse/B1400011010B1010.browse.tif",
        "metadata_url": "https://api.maxar.com/discovery/v1/collections/lg04/items/B1400011010B1010",
        "download_url": null,
        "links": [
          {
            "label": "Vantor Hub（旧MGP Pro）で開く",
            "url": "https://pro.maxar.com"
          }
        ],
        "first_seen": "2026-09-01T21:01:55.948965+00:00"
      }
    },
    {
      "type": "Feature",
      "geometry": {
        "type": "Polygon",
        "coordinates": [
          [
            [
              84.790432,
              42.4806
            ],
            [
              84.925014,
              42.4806
            ],
            [
              84.925014,
              43.015207
            ],
            [
              84.790432,
              43.015207
            ],
            [
              84.790432,
              42.4806
            ]
          ]
        ]
      },
      "properties": {
        "id": "B1400011010AD610",
        "source": "MGP",
        "sensor": "WORLDVIEW-LEGION-04",
        "type": "optical",
        "datetime": "2026-09-01T07:58:10.382000Z",
        "cloud_cover": 12.169826736932402,
        "name": "B1400011010AD610",
        "thumbnail_url": "https://api.maxar.com/discovery/v1/collections/lg04/items/B1400011010AD610/assets/collections/dg-archive/assets/browse/B1400011010AD610.browse.tif",
        "metadata_url": "https://api.maxar.com/discovery/v1/collections/lg04/items/B1400011010AD610",
        "download_url": null,
        "links": [
          {
            "label": "Vantor Hub（旧MGP Pro）で開く",
            "url": "https://pro.maxar.com"
          }
        ],
        "first_seen": "2026-09-01T21:01:55.948965+00:00"
      }
    },
    {
      "type": "Feature",
      "geometry": {
        "type": "Polygon",
        "coordinates": [
          [
            [
              78.3708,
              42.433348
            ],
            [
              78.508224,
              42.433348
            ],
            [
              78.508224,
              42.594217
            ],
            [
              78.3708,
              42.594217
            ],
            [
              78.3708,
              42.433348
            ]
          ]
        ]
      },
      "properties": {
        "id": "B1400011010AA010",
        "source": "MGP",
        "sensor": "WORLDVIEW-LEGION-04",
        "type": "optical",
        "datetime": "2026-09-01T07:56:58.124650Z",
        "cloud_cover": 7.634486059815382,
        "name": "B1400011010AA010",
        "thumbnail_url": "https://api.maxar.com/discovery/v1/collections/lg04/items/B1400011010AA010/assets/collections/dg-archive/assets/browse/B1400011010AA010.browse.tif",
        "metadata_url": "https://api.maxar.com/discovery/v1/collections/lg04/items/B1400011010AA010",
        "download_url": null,
        "links": [
          {
            "label": "Vantor Hub（旧MGP Pro）で開く",
            "url": "https://pro.maxar.com"
          }
        ],
        "first_seen": "2026-09-01T21:01:55.948965+00:00"
      }
    },
    {
      "type": "Feature",
      "geometry": {
        "type": "Polygon",
        "coordinates": [
          [
            [
              80.458938,
              45.979042
            ],
            [
              80.624882,
              45.979042
            ],
            [
              80.624882,
              46.530677
            ],
            [
              80.458938,
              46.530677
            ],
            [
              80.458938,
              45.979042
            ]
          ]
        ]
      },
      "properties": {
        "id": "B1400011010B4310",
        "source": "MGP",
        "sensor": "WORLDVIEW-LEGION-04",
        "type": "optical",
        "datetime": "2026-09-01T06:17:26.632000Z",
        "cloud_cover": 7.6790403564261975,
        "name": "B1400011010B4310",
        "thumbnail_url": "https://api.maxar.com/discovery/v1/collections/lg04/items/B1400011010B4310/assets/collections/dg-archive/assets/browse/B1400011010B4310.browse.tif",
        "metadata_url": "https://api.maxar.com/discovery/v1/collections/lg04/items/B1400011010B4310",
        "download_url": null,
        "links": [
          {
            "label": "Vantor Hub（旧MGP Pro）で開く",
            "url": "https://pro.maxar.com"
          }
        ],
        "first_seen": "2026-09-01T21:01:55.948965+00:00"
      }
    },
    {
      "type": "Feature",
      "geometry": {
        "type": "Polygon",
        "coordinates": [
          [
            [
              76.880685,
              40.476802
            ],
            [
              77.018683,
              40.476802
            ],
            [
              77.018683,
              41.018893
            ],
            [
              76.880685,
              41.018893
            ],
            [
              76.880685,
              40.476802
            ]
          ]
        ]
      },
      "properties": {
        "id": "B1100011011BDA10",
        "source": "MGP",
        "sensor": "WORLDVIEW-LEGION-01",
        "type": "optical",
        "datetime": "2026-09-01T05:53:01.632000Z",
        "cloud_cover": 5.120552270297728,
        "name": "B1100011011BDA10",
        "thumbnail_url": "https://api.maxar.com/discovery/v1/collections/lg01/items/B1100011011BDA10/assets/collections/dg-archive/assets/browse/B1100011011BDA10.browse.tif",
        "metadata_url": "https://api.maxar.com/discovery/v1/collections/lg01/items/B1100011011BDA10",
        "download_url": null,
        "links": [
          {
            "label": "Vantor Hub（旧MGP Pro）で開く",
            "url": "https://pro.maxar.com"
          }
        ],
        "first_seen": "2026-09-01T21:01:55.948965+00:00"
      }
    },
    {
      "type": "Feature",
      "geometry": {
        "type": "Polygon",
        "coordinates": [
          [
            [
              78.354846,
              41.441672
            ],
            [
              78.495573,
              41.441672
            ],
            [
              78.495573,
              43.036356
            ],
            [
              78.354846,
              43.036356
            ],
            [
              78.354846,
              41.441672
            ]
          ]
        ]
      },
      "properties": {
        "id": "B1100011011C0A10",
        "source": "MGP",
        "sensor": "WORLDVIEW-LEGION-01",
        "type": "optical",
        "datetime": "2026-09-01T05:51:58.757000Z",
        "cloud_cover": 49.70266684534663,
        "name": "B1100011011C0A10",
        "thumbnail_url": "https://api.maxar.com/discovery/v1/collections/lg01/items/B1100011011C0A10/assets/collections/dg-archive/assets/browse/B1100011011C0A10.browse.tif",
        "metadata_url": "https://api.maxar.com/discovery/v1/collections/lg01/items/B1100011011C0A10",
        "download_url": null,
        "links": [
          {
            "label": "Vantor Hub（旧MGP Pro）で開く",
            "url": "https://pro.maxar.com"
          }
        ],
        "first_seen": "2026-09-01T21:01:55.948965+00:00"
      }
    },
    {
      "type": "Feature",
      "geometry": {
        "type": "Polygon",
        "coordinates": [
          [
            [
              88.506372,
              39.087992
            ],
            [
              88.728488,
              39.087992
            ],
            [
              88.728488,
              39.219797
            ],
            [
              88.506372,
              39.219797
            ],
            [
              88.506372,
              39.087992
            ]
          ]
        ]
      },
      "properties": {
        "id": "B05000110068E810",
        "source": "MGP",
        "sensor": "GE01",
        "type": "optical",
        "datetime": "2026-09-01T05:08:35.885219Z",
        "cloud_cover": 0.0,
        "name": "B05000110068E810",
        "thumbnail_url": "https://api.maxar.com/discovery/v1/collections/ge01/items/B05000110068E810/assets/collections/dg-archive/assets/browse/B05000110068E810.browse.tif",
        "metadata_url": "https://api.maxar.com/discovery/v1/collections/ge01/items/B05000110068E810",
        "download_url": null,
        "links": [
          {
            "label": "Vantor Hub（旧MGP Pro）で開く",
            "url": "https://pro.maxar.com"
          }
        ],
        "first_seen": "2026-09-01T21:01:55.948965+00:00"
      }
    },
    {
      "type": "Feature",
      "geometry": {
        "type": "Polygon",
        "coordinates": [
          [
            [
              87.299658,
              41.741641
            ],
            [
              87.502269,
              41.741641
            ],
            [
              87.502269,
              41.841002
            ],
            [
              87.299658,
              41.841002
            ],
            [
              87.299658,
              41.741641
            ]
          ]
        ]
      },
      "properties": {
        "id": "B05000110068E610",
        "source": "MGP",
        "sensor": "GE01",
        "type": "optical",
        "datetime": "2026-09-01T05:07:51.485446Z",
        "cloud_cover": 0.0,
        "name": "B05000110068E610",
        "thumbnail_url": "https://api.maxar.com/discovery/v1/collections/ge01/items/B05000110068E610/assets/collections/dg-archive/assets/browse/B05000110068E610.browse.tif",
        "metadata_url": "https://api.maxar.com/discovery/v1/collections/ge01/items/B05000110068E610",
        "download_url": null,
        "links": [
          {
            "label": "Vantor Hub（旧MGP Pro）で開く",
            "url": "https://pro.maxar.com"
          }
        ],
        "first_seen": "2026-09-01T21:01:55.948965+00:00"
      }
    },
    {
      "type": "Feature",
      "geometry": {
        "type": "Polygon",
        "coordinates": [
          [
            [
              88.292176,
              41.65947
            ],
            [
              88.482219,
              41.65947
            ],
            [
              88.482219,
              41.750674
            ],
            [
              88.292176,
              41.750674
            ],
            [
              88.292176,
              41.65947
            ]
          ]
        ]
      },
      "properties": {
        "id": "B05000110068E510",
        "source": "MGP",
        "sensor": "GE01",
        "type": "optical",
        "datetime": "2026-09-01T05:07:19.285605Z",
        "cloud_cover": 64.07773277021923,
        "name": "B05000110068E510",
        "thumbnail_url": "https://api.maxar.com/discovery/v1/collections/ge01/items/B05000110068E510/assets/collections/dg-archive/assets/browse/B05000110068E510.browse.tif",
        "metadata_url": "https://api.maxar.com/discovery/v1/collections/ge01/items/B05000110068E510",
        "download_url": null,
        "links": [
          {
            "label": "Vantor Hub（旧MGP Pro）で開く",
            "url": "https://pro.maxar.com"
          }
        ],
        "first_seen": "2026-09-01T21:01:55.948965+00:00"
      }
    },
    {
      "type": "Feature",
      "geometry": {
        "type": "Polygon",
        "coordinates": [
          [
            [
              88.735409,
              39.158596
            ],
            [
              88.876936,
              39.158596
            ],
            [
              88.876936,
              39.257201
            ],
            [
              88.735409,
              39.257201
            ],
            [
              88.735409,
              39.158596
            ]
          ]
        ]
      },
      "properties": {
        "id": "B1200011011D9A10",
        "source": "MGP",
        "sensor": "WORLDVIEW-LEGION-02",
        "type": "optical",
        "datetime": "2026-09-01T05:02:52.382000Z",
        "cloud_cover": 0.0,
        "name": "B1200011011D9A10",
        "thumbnail_url": "https://api.maxar.com/discovery/v1/collections/lg02/items/B1200011011D9A10/assets/collections/dg-archive/assets/browse/B1200011011D9A10.browse.tif",
        "metadata_url": "https://api.maxar.com/discovery/v1/collections/lg02/items/B1200011011D9A10",
        "download_url": null,
        "links": [
          {
            "label": "Vantor Hub（旧MGP Pro）で開く",
            "url": "https://pro.maxar.com"
          }
        ],
        "first_seen": "2026-09-01T21:01:55.948965+00:00"
      }
    },
    {
      "type": "Feature",
      "geometry": {
        "type": "Polygon",
        "coordinates": [
          [
            [
              90.015189,
              39.973129
            ],
            [
              90.152117,
              39.973129
            ],
            [
              90.152117,
              41.019888
            ],
            [
              90.015189,
              41.019888
            ],
            [
              90.015189,
              39.973129
            ]
          ]
        ]
      },
      "properties": {
        "id": "B1200011011D0410",
        "source": "MGP",
        "sensor": "WORLDVIEW-LEGION-02",
        "type": "optical",
        "datetime": "2026-09-01T05:02:11.007000Z",
        "cloud_cover": 0.0,
        "name": "B1200011011D0410",
        "thumbnail_url": "https://api.maxar.com/discovery/v1/collections/lg02/items/B1200011011D0410/assets/collections/dg-archive/assets/browse/B1200011011D0410.browse.tif",
        "metadata_url": "https://api.maxar.com/discovery/v1/collections/lg02/items/B1200011011D0410",
        "download_url": null,
        "links": [
          {
            "label": "Vantor Hub（旧MGP Pro）で開く",
            "url": "https://pro.maxar.com"
          }
        ],
        "first_seen": "2026-09-01T21:01:55.948965+00:00"
      }
    },
    {
      "type": "Feature",
      "geometry": {
        "type": "Polygon",
        "coordinates": [
          [
            [
              90.386762,
              41.97252
            ],
            [
              90.526935,
              41.97252
            ],
            [
              90.526935,
              42.519941
            ],
            [
              90.386762,
              42.519941
            ],
            [
              90.386762,
              41.97252
            ]
          ]
        ]
      },
      "properties": {
        "id": "B1200011011D0010",
        "source": "MGP",
        "sensor": "WORLDVIEW-LEGION-02",
        "type": "optical",
        "datetime": "2026-09-01T05:01:49.007000Z",
        "cloud_cover": 0.0,
        "name": "B1200011011D0010",
        "thumbnail_url": "https://api.maxar.com/discovery/v1/collections/lg02/items/B1200011011D0010/assets/collections/dg-archive/assets/browse/B1200011011D0010.browse.tif",
        "metadata_url": "https://api.maxar.com/discovery/v1/collections/lg02/items/B1200011011D0010",
        "download_url": null,
        "links": [
          {
            "label": "Vantor Hub（旧MGP Pro）で開く",
            "url": "https://pro.maxar.com"
          }
        ],
        "first_seen": "2026-09-01T21:01:55.948965+00:00"
      }
    },
    {
      "type": "Feature",
      "geometry": {
        "type": "Polygon",
        "coordinates": [
          [
            [
              77.986599,
              40.483182
            ],
            [
              78.112767,
              40.483182
            ],
            [
              78.112767,
              41.009103
            ],
            [
              77.986599,
              41.009103
            ],
            [
              77.986599,
              40.483182
            ]
          ]
        ]
      },
      "properties": {
        "id": "B13000110116FB10",
        "source": "MGP",
        "sensor": "WORLDVIEW-LEGION-03",
        "type": "optical",
        "datetime": "2026-09-01T03:18:05.932000Z",
        "cloud_cover": 9.10855511526782,
        "name": "B13000110116FB10",
        "thumbnail_url": "https://api.maxar.com/discovery/v1/collections/lg03/items/B13000110116FB10/assets/collections/dg-archive/assets/browse/B13000110116FB10.browse.tif",
        "metadata_url": "https://api.maxar.com/discovery/v1/collections/lg03/items/B13000110116FB10",
        "download_url": null,
        "links": [
          {
            "label": "Vantor Hub（旧MGP Pro）で開く",
            "url": "https://pro.maxar.com"
          }
        ],
        "first_seen": "2026-09-01T21:01:55.948965+00:00"
      }
    },
    {
      "type": "Feature",
      "geometry": {
        "type": "Polygon",
        "coordinates": [
          [
            [
              90.462517,
              39.649712
            ],
            [
              90.623346,
              39.649712
            ],
            [
              90.623346,
              39.804438
            ],
            [
              90.462517,
              39.804438
            ],
            [
              90.462517,
              39.649712
            ]
          ]
        ]
      },
      "properties": {
        "id": "B130001101171110",
        "source": "MGP",
        "sensor": "WORLDVIEW-LEGION-03",
        "type": "optical",
        "datetime": "2026-09-01T01:41:07.632000Z",
        "cloud_cover": 0.0,
        "name": "B130001101171110",
        "thumbnail_url": "https://api.maxar.com/discovery/v1/collections/lg03/items/B130001101171110/assets/collections/dg-archive/assets/browse/B130001101171110.browse.tif",
        "metadata_url": "https://api.maxar.com/discovery/v1/collections/lg03/items/B130001101171110",
        "download_url": null,
        "links": [
          {
            "label": "Vantor Hub（旧MGP Pro）で開く",
            "url": "https://pro.maxar.com"
          }
        ],
        "first_seen": "2026-09-01T21:01:55.948965+00:00"
      }
    },
    {
      "type": "Feature",
      "geometry": {
        "type": "Polygon",
        "coordinates": [
          [
            [
              90.38629,
              42.485682
            ],
            [
              90.512665,
              42.485682
            ],
            [
              90.512665,
              43.013969
            ],
            [
              90.38629,
              43.013969
            ],
            [
              90.38629,
              42.485682
            ]
          ]
        ]
      },
      "properties": {
        "id": "B130001101169D10",
        "source": "MGP",
        "sensor": "WORLDVIEW-LEGION-03",
        "type": "optical",
        "datetime": "2026-09-01T01:40:36.249793Z",
        "cloud_cover": 0.0,
        "name": "B130001101169D10",
        "thumbnail_url": "https://api.maxar.com/discovery/v1/collections/lg03/items/B130001101169D10/assets/collections/dg-archive/assets/browse/B130001101169D10.browse.tif",
        "metadata_url": "https://api.maxar.com/discovery/v1/collections/lg03/items/B130001101169D10",
        "download_url": null,
        "links": [
          {
            "label": "Vantor Hub（旧MGP Pro）で開く",
            "url": "https://pro.maxar.com"
          }
        ],
        "first_seen": "2026-09-01T21:01:55.948965+00:00"
      }
    },
    {
      "type": "Feature",
      "geometry": {
        "type": "Polygon",
        "coordinates": [
          [
            [
              86.497485,
              42.479357
            ],
            [
              86.629609,
              42.479357
            ],
            [
              86.629609,
              43.015503
            ],
            [
              86.497485,
              43.015503
            ],
            [
              86.497485,
              42.479357
            ]
          ]
        ]
      },
      "properties": {
        "id": "B130001101169F10",
        "source": "MGP",
        "sensor": "WORLDVIEW-LEGION-03",
        "type": "optical",
        "datetime": "2026-09-01T01:39:53.874790Z",
        "cloud_cover": 0.0,
        "name": "B130001101169F10",
        "thumbnail_url": "https://api.maxar.com/discovery/v1/collections/lg03/items/B130001101169F10/assets/collections/dg-archive/assets/browse/B130001101169F10.browse.tif",
        "metadata_url": "https://api.maxar.com/discovery/v1/collections/lg03/items/B130001101169F10",
        "download_url": null,
        "links": [
          {
            "label": "Vantor Hub（旧MGP Pro）で開く",
            "url": "https://pro.maxar.com"
          }
        ],
        "first_seen": "2026-09-01T21:01:55.948965+00:00"
      }
    },
    {
      "type": "Feature",
      "geometry": {
        "type": "Polygon",
        "coordinates": [
          [
            [
              86.391049,
              42.475565
            ],
            [
              86.523465,
              42.475565
            ],
            [
              86.523465,
              43.021052
            ],
            [
              86.391049,
              43.021052
            ],
            [
              86.391049,
              42.475565
            ]
          ]
        ]
      },
      "properties": {
        "id": "B130001101169E10",
        "source": "MGP",
        "sensor": "WORLDVIEW-LEGION-03",
        "type": "optical",
        "datetime": "2026-09-01T01:39:30.999780Z",
        "cloud_cover": 0.0,
        "name": "B130001101169E10",
        "thumbnail_url": "https://api.maxar.com/discovery/v1/collections/lg03/items/B130001101169E10/assets/collections/dg-archive/assets/browse/B130001101169E10.browse.tif",
        "metadata_url": "https://api.maxar.com/discovery/v1/collections/lg03/items/B130001101169E10",
        "download_url": null,
        "links": [
          {
            "label": "Vantor Hub（旧MGP Pro）で開く",
            "url": "https://pro.maxar.com"
          }
        ],
        "first_seen": "2026-09-01T21:01:55.948965+00:00"
      }
    },
    {
      "type": "Feature",
      "geometry": {
        "type": "Polygon",
        "coordinates": [
          [
            [
              91.41639,
              41.177765
            ],
            [
              91.568972,
              41.177765
            ],
            [
              91.568972,
              41.310944
            ],
            [
              91.41639,
              41.310944
            ],
            [
              91.41639,
              41.177765
            ]
          ]
        ]
      },
      "properties": {
        "id": "B160001101D1B910",
        "source": "MGP",
        "sensor": "WORLDVIEW-LEGION-06",
        "type": "optical",
        "datetime": "2026-09-01T10:59:37.499693Z",
        "cloud_cover": 0.0,
        "name": "B160001101D1B910",
        "thumbnail_url": "https://api.maxar.com/discovery/v1/collections/lg06/items/B160001101D1B910/assets/collections/dg-archive/assets/browse/B160001101D1B910.browse.tif",
        "metadata_url": "https://api.maxar.com/discovery/v1/collections/lg06/items/B160001101D1B910",
        "download_url": null,
        "links": [
          {
            "label": "Vantor Hub（旧MGP Pro）で開く",
            "url": "https://pro.maxar.com"
          }
        ],
        "first_seen": "2026-09-01T21:01:55.948965+00:00"
      }
    },
    {
      "type": "Feature",
      "geometry": {
        "type": "Polygon",
        "coordinates": [
          [
            [
              102.79455,
              41.981216
            ],
            [
              102.926744,
              41.981216
            ],
            [
              102.926744,
              42.520097
            ],
            [
              102.79455,
              42.520097
            ],
            [
              102.79455,
              41.981216
            ]
          ]
        ]
      },
      "properties": {
        "id": "B160001101D1A610",
        "source": "MGP",
        "sensor": "WORLDVIEW-LEGION-06",
        "type": "optical",
        "datetime": "2026-09-01T09:22:04.132000Z",
        "cloud_cover": 0.0,
        "name": "B160001101D1A610",
        "thumbnail_url": "https://api.maxar.com/discovery/v1/collections/lg06/items/B160001101D1A610/assets/collections/dg-archive/assets/browse/B160001101D1A610.browse.tif",
        "metadata_url": "https://api.maxar.com/discovery/v1/collections/lg06/items/B160001101D1A610",
        "download_url": null,
        "links": [
          {
            "label": "Vantor Hub（旧MGP Pro）で開く",
            "url": "https://pro.maxar.com"
          }
        ],
        "first_seen": "2026-09-01T21:01:55.948965+00:00"
      }
    },
    {
      "type": "Feature",
      "geometry": {
        "type": "Polygon",
        "coordinates": [
          [
            [
              98.090795,
              39.98246
            ],
            [
              98.221032,
              39.98246
            ],
            [
              98.221032,
              41.507823
            ],
            [
              98.090795,
              41.507823
            ],
            [
              98.090795,
              39.98246
            ]
          ]
        ]
      },
      "properties": {
        "id": "B160001101D1A710",
        "source": "MGP",
        "sensor": "WORLDVIEW-LEGION-06",
        "type": "optical",
        "datetime": "2026-09-01T09:20:56.382000Z",
        "cloud_cover": 0.0,
        "name": "B160001101D1A710",
        "thumbnail_url": "https://api.maxar.com/discovery/v1/collections/lg06/items/B160001101D1A710/assets/collections/dg-archive/assets/browse/B160001101D1A710.browse.tif",
        "metadata_url": "https://api.maxar.com/discovery/v1/collections/lg06/items/B160001101D1A710",
        "download_url": null,
        "links": [
          {
            "label": "Vantor Hub（旧MGP Pro）で開く",
            "url": "https://pro.maxar.com"
          }
        ],
        "first_seen": "2026-09-01T21:01:55.948965+00:00"
      }
    },
    {
      "type": "Feature",
      "geometry": {
        "type": "Polygon",
        "coordinates": [
          [
            [
              95.586336,
              37.978724
            ],
            [
              95.712995,
              37.978724
            ],
            [
              95.712995,
              38.522744
            ],
            [
              95.586336,
              38.522744
            ],
            [
              95.586336,
              37.978724
            ]
          ]
        ]
      },
      "properties": {
        "id": "B160001101D17510",
        "source": "MGP",
        "sensor": "WORLDVIEW-LEGION-06",
        "type": "optical",
        "datetime": "2026-09-01T09:20:21.749686Z",
        "cloud_cover": 0.010614387364184885,
        "name": "B160001101D17510",
        "thumbnail_url": "https://api.maxar.com/discovery/v1/collections/lg06/items/B160001101D17510/assets/collections/dg-archive/assets/browse/B160001101D17510.browse.tif",
        "metadata_url": "https://api.maxar.com/discovery/v1/collections/lg06/items/B160001101D17510",
        "download_url": null,
        "links": [
          {
            "label": "Vantor Hub（旧MGP Pro）で開く",
            "url": "https://pro.maxar.com"
          }
        ],
        "first_seen": "2026-09-01T21:01:55.948965+00:00"
      }
    },
    {
      "type": "Feature",
      "geometry": {
        "type": "Polygon",
        "coordinates": [
          [
            [
              98.088712,
              37.982363
            ],
            [
              98.211272,
              37.982363
            ],
            [
              98.211272,
              38.518534
            ],
            [
              98.088712,
              38.518534
            ],
            [
              98.088712,
              37.982363
            ]
          ]
        ]
      },
      "properties": {
        "id": "B1400011010B1110",
        "source": "MGP",
        "sensor": "WORLDVIEW-LEGION-04",
        "type": "optical",
        "datetime": "2026-09-01T08:01:16.007000Z",
        "cloud_cover": 7.732932171079524,
        "name": "B1400011010B1110",
        "thumbnail_url": "https://api.maxar.com/discovery/v1/collections/lg04/items/B1400011010B1110/assets/collections/dg-archive/assets/browse/B1400011010B1110.browse.tif",
        "metadata_url": "https://api.maxar.com/discovery/v1/collections/lg04/items/B1400011010B1110",
        "download_url": null,
        "links": [
          {
            "label": "Vantor Hub（旧MGP Pro）で開く",
            "url": "https://pro.maxar.com"
          }
        ],
        "first_seen": "2026-09-01T21:01:55.948965+00:00"
      }
    },
    {
      "type": "Feature",
      "geometry": {
        "type": "Polygon",
        "coordinates": [
          [
            [
              97.318411,
              40.192163
            ],
            [
              97.448009,
              40.192163
            ],
            [
              97.448009,
              40.291827
            ],
            [
              97.318411,
              40.291827
            ],
            [
              97.318411,
              40.192163
            ]
          ]
        ]
      },
      "properties": {
        "id": "B1400011010B1310",
        "source": "MGP",
        "sensor": "WORLDVIEW-LEGION-04",
        "type": "optical",
        "datetime": "2026-09-01T08:00:51.507000Z",
        "cloud_cover": 0.0,
        "name": "B1400011010B1310",
        "thumbnail_url": "https://api.maxar.com/discovery/v1/collections/lg04/items/B1400011010B1310/assets/collections/dg-archive/assets/browse/B1400011010B1310.browse.tif",
        "metadata_url": "https://api.maxar.com/discovery/v1/collections/lg04/items/B1400011010B1310",
        "download_url": null,
        "links": [
          {
            "label": "Vantor Hub（旧MGP Pro）で開く",
            "url": "https://pro.maxar.com"
          }
        ],
        "first_seen": "2026-09-01T21:01:55.948965+00:00"
      }
    },
    {
      "type": "Feature",
      "geometry": {
        "type": "Polygon",
        "coordinates": [
          [
            [
              91.562005,
              41.372098
            ],
            [
              91.68342,
              41.372098
            ],
            [
              91.68342,
              41.467835
            ],
            [
              91.562005,
              41.467835
            ],
            [
              91.562005,
              41.372098
            ]
          ]
        ]
      },
      "properties": {
        "id": "B1400011010AD410",
        "source": "MGP",
        "sensor": "WORLDVIEW-LEGION-04",
        "type": "optical",
        "datetime": "2026-09-01T07:59:52.999657Z",
        "cloud_cover": 0.0,
        "name": "B1400011010AD410",
        "thumbnail_url": "https://api.maxar.com/discovery/v1/collections/lg04/items/B1400011010AD410/assets/collections/dg-archive/assets/browse/B1400011010AD410.browse.tif",
        "metadata_url": "https://api.maxar.com/discovery/v1/collections/lg04/items/B1400011010AD410",
        "download_url": null,
        "links": [
          {
            "label": "Vantor Hub（旧MGP Pro）で開く",
            "url": "https://pro.maxar.com"
          }
        ],
        "first_seen": "2026-09-01T21:01:55.948965+00:00"
      }
    },
    {
      "type": "Feature",
      "geometry": {
        "type": "Polygon",
        "coordinates": [
          [
            [
              92.061165,
              37.977918
            ],
            [
              92.344633,
              37.977918
            ],
            [
              92.344633,
              39.049841
            ],
            [
              92.061165,
              39.049841
            ],
            [
              92.061165,
              37.977918
            ]
          ]
        ]
      },
      "properties": {
        "id": "B020001100D97E10",
        "source": "MGP",
        "sensor": "WV01",
        "type": "optical",
        "datetime": "2026-09-01T07:54:43.834485Z",
        "cloud_cover": 2.7493245673466995,
        "name": "B020001100D97E10",
        "thumbnail_url": "https://api.maxar.com/discovery/v1/collections/wv01/items/B020001100D97E10/assets/collections/dg-archive/assets/browse/B020001100D97E10.browse.tif",
        "metadata_url": "https://api.maxar.com/discovery/v1/collections/wv01/items/B020001100D97E10",
        "download_url": null,
        "links": [
          {
            "label": "Vantor Hub（旧MGP Pro）で開く",
            "url": "https://pro.maxar.com"
          }
        ],
        "first_seen": "2026-09-01T21:01:55.948965+00:00"
      }
    },
    {
      "type": "Feature",
      "geometry": {
        "type": "Polygon",
        "coordinates": [
          [
            [
              92.296248,
              37.990191
            ],
            [
              92.552067,
              37.990191
            ],
            [
              92.552067,
              39.021903
            ],
            [
              92.296248,
              39.021903
            ],
            [
              92.296248,
              37.990191
            ]
          ]
        ]
      },
      "properties": {
        "id": "B020001100D97D10",
        "source": "MGP",
        "sensor": "WV01",
        "type": "optical",
        "datetime": "2026-09-01T07:54:29.634239Z",
        "cloud_cover": 0.8505327020607644,
        "name": "B020001100D97D10",
        "thumbnail_url": "https://api.maxar.com/discovery/v1/collections/wv01/items/B020001100D97D10/assets/collections/dg-archive/assets/browse/B020001100D97D10.browse.tif",
        "metadata_url": "https://api.maxar.com/discovery/v1/collections/wv01/items/B020001100D97D10",
        "download_url": null,
        "links": [
          {
            "label": "Vantor Hub（旧MGP Pro）で開く",
            "url": "https://pro.maxar.com"
          }
        ],
        "first_seen": "2026-09-01T21:01:55.948965+00:00"
      }
    },
    {
      "type": "Feature",
      "geometry": {
        "type": "Polygon",
        "coordinates": [
          [
            [
              92.517445,
              37.953585
            ],
            [
              92.778799,
              37.953585
            ],
            [
              92.778799,
              39.007478
            ],
            [
              92.517445,
              39.007478
            ],
            [
              92.517445,
              37.953585
            ]
          ]
        ]
      },
      "properties": {
        "id": "B020001100D97C10",
        "source": "MGP",
        "sensor": "WV01",
        "type": "optical",
        "datetime": "2026-09-01T07:54:15.784326Z",
        "cloud_cover": 0.5003812754245688,
        "name": "B020001100D97C10",
        "thumbnail_url": "https://api.maxar.com/discovery/v1/collections/wv01/items/B020001100D97C10/assets/collections/dg-archive/assets/browse/B020001100D97C10.browse.tif",
        "metadata_url": "https://api.maxar.com/discovery/v1/collections/wv01/items/B020001100D97C10",
        "download_url": null,
        "links": [
          {
            "label": "Vantor Hub（旧MGP Pro）で開く",
            "url": "https://pro.maxar.com"
          }
        ],
        "first_seen": "2026-09-01T21:01:55.948965+00:00"
      }
    },
    {
      "type": "Feature",
      "geometry": {
        "type": "Polygon",
        "coordinates": [
          [
            [
              92.743482,
              37.953456
            ],
            [
              93.012515,
              37.953456
            ],
            [
              93.012515,
              39.039898
            ],
            [
              92.743482,
              39.039898
            ],
            [
              92.743482,
              37.953456
            ]
          ]
        ]
      },
      "properties": {
        "id": "B020001100D97210",
        "source": "MGP",
        "sensor": "WV01",
        "type": "optical",
        "datetime": "2026-09-01T07:54:02.334411Z",
        "cloud_cover": 1.729642293339964,
        "name": "B020001100D97210",
        "thumbnail_url": "https://api.maxar.com/discovery/v1/collections/wv01/items/B020001100D97210/assets/collections/dg-archive/assets/browse/B020001100D97210.browse.tif",
        "metadata_url": "https://api.maxar.com/discovery/v1/collections/wv01/items/B020001100D97210",
        "download_url": null,
        "links": [
          {
            "label": "Vantor Hub（旧MGP Pro）で開く",
            "url": "https://pro.maxar.com"
          }
        ],
        "first_seen": "2026-09-01T21:01:55.948965+00:00"
      }
    },
    {
      "type": "Feature",
      "geometry": {
        "type": "Polygon",
        "coordinates": [
          [
            [
              93.862198,
              41.963317
            ],
            [
              94.173567,
              41.963317
            ],
            [
              94.173567,
              43.046647
            ],
            [
              93.862198,
              43.046647
            ],
            [
              93.862198,
              41.963317
            ]
          ]
        ]
      },
      "properties": {
        "id": "B020001100D96F10",
        "source": "MGP",
        "sensor": "WV01",
        "type": "optical",
        "datetime": "2026-09-01T07:53:40.684164Z",
        "cloud_cover": 0.0004947275570129061,
        "name": "B020001100D96F10",
        "thumbnail_url": "https://api.maxar.com/discovery/v1/collections/wv01/items/B020001100D96F10/assets/collections/dg-archive/assets/browse/B020001100D96F10.browse.tif",
        "metadata_url": "https://api.maxar.com/discovery/v1/collections/wv01/items/B020001100D96F10",
        "download_url": null,
        "links": [
          {
            "label": "Vantor Hub（旧MGP Pro）で開く",
            "url": "https://pro.maxar.com"
          }
        ],
        "first_seen": "2026-09-01T21:01:55.948965+00:00"
      }
    },
    {
      "type": "Feature",
      "geometry": {
        "type": "Polygon",
        "coordinates": [
          [
            [
              93.630874,
              41.970846
            ],
            [
              93.914054,
              41.970846
            ],
            [
              93.914054,
              43.030773
            ],
            [
              93.630874,
              43.030773
            ],
            [
              93.630874,
              41.970846
            ]
          ]
        ]
      },
      "properties": {
        "id": "B020001100D96B10",
        "source": "MGP",
        "sensor": "WV01",
        "type": "optical",
        "datetime": "2026-09-01T07:53:26.634252Z",
        "cloud_cover": 8.654115429976264e-06,
        "name": "B020001100D96B10",
        "thumbnail_url": "https://api.maxar.com/discovery/v1/collections/wv01/items/B020001100D96B10/assets/collections/dg-archive/assets/browse/B020001100D96B10.browse.tif",
        "metadata_url": "https://api.maxar.com/discovery/v1/collections/wv01/items/B020001100D96B10",
        "download_url": null,
        "links": [
          {
            "label": "Vantor Hub（旧MGP Pro）で開く",
            "url": "https://pro.maxar.com"
          }
        ],
        "first_seen": "2026-09-01T21:01:55.948965+00:00"
      }
    },
    {
      "type": "Feature",
      "geometry": {
        "type": "Polygon",
        "coordinates": [
          [
            [
              93.422972,
              41.974309
            ],
            [
              93.681503,
              41.974309
            ],
            [
              93.681503,
              43.020845
            ],
            [
              93.422972,
              43.020845
            ],
            [
              93.422972,
              41.974309
            ]
          ]
        ]
      },
      "properties": {
        "id": "B020001100D96910",
        "source": "MGP",
        "sensor": "WV01",
        "type": "optical",
        "datetime": "2026-09-01T07:53:12.084338Z",
        "cloud_cover": 0.0,
        "name": "B020001100D96910",
        "thumbnail_url": "https://api.maxar.com/discovery/v1/collections/wv01/items/B020001100D96910/assets/collections/dg-archive/assets/browse/B020001100D96910.browse.tif",
        "metadata_url": "https://api.maxar.com/discovery/v1/collections/wv01/items/B020001100D96910",
        "download_url": null,
        "links": [
          {
            "label": "Vantor Hub（旧MGP Pro）で開く",
            "url": "https://pro.maxar.com"
          }
        ],
        "first_seen": "2026-09-01T21:01:55.948965+00:00"
      }
    },
    {
      "type": "Feature",
      "geometry": {
        "type": "Polygon",
        "coordinates": [
          [
            [
              93.20348,
              41.946872
            ],
            [
              93.465616,
              41.946872
            ],
            [
              93.465616,
              43.014968
            ],
            [
              93.20348,
              43.014968
            ],
            [
              93.20348,
              41.946872
            ]
          ]
        ]
      },
      "properties": {
        "id": "B020001100D96810",
        "source": "MGP",
        "sensor": "WV01",
        "type": "optical",
        "datetime": "2026-09-01T07:52:58.784421Z",
        "cloud_cover": 0.0029751140132922107,
        "name": "B020001100D96810",
        "thumbnail_url": "https://api.maxar.com/discovery/v1/collections/wv01/items/B020001100D96810/assets/collections/dg-archive/assets/browse/B020001100D96810.browse.tif",
        "metadata_url": "https://api.maxar.com/discovery/v1/collections/wv01/items/B020001100D96810",
        "download_url": null,
        "links": [
          {
            "label": "Vantor Hub（旧MGP Pro）で開く",
            "url": "https://pro.maxar.com"
          }
        ],
        "first_seen": "2026-09-01T21:01:55.948965+00:00"
      }
    },
    {
      "type": "Feature",
      "geometry": {
        "type": "Polygon",
        "coordinates": [
          [
            [
              92.983997,
              41.957559
            ],
            [
              93.247334,
              41.957559
            ],
            [
              93.247334,
              43.036502
            ],
            [
              92.983997,
              43.036502
            ],
            [
              92.983997,
              41.957559
            ]
          ]
        ]
      },
      "properties": {
        "id": "B020001100D97910",
        "source": "MGP",
        "sensor": "WV01",
        "type": "optical",
        "datetime": "2026-09-01T07:52:45.684175Z",
        "cloud_cover": 0.004936728510466505,
        "name": "B020001100D97910",
        "thumbnail_url": "https://api.maxar.com/discovery/v1/collections/wv01/items/B020001100D97910/assets/collections/dg-archive/assets/browse/B020001100D97910.browse.tif",
        "metadata_url": "https://api.maxar.com/discovery/v1/collections/wv01/items/B020001100D97910",
        "download_url": null,
        "links": [
          {
            "label": "Vantor Hub（旧MGP Pro）で開く",
            "url": "https://pro.maxar.com"
          }
        ],
        "first_seen": "2026-09-01T21:01:55.948965+00:00"
      }
    },
    {
      "type": "Feature",
      "geometry": {
        "type": "Polygon",
        "coordinates": [
          [
            [
              91.474208,
              43.993293
            ],
            [
              91.712305,
              43.993293
            ],
            [
              91.712305,
              45.016666
            ],
            [
              91.474208,
              45.016666
            ],
            [
              91.474208,
              43.993293
            ]
          ]
        ]
      },
      "properties": {
        "id": "B020001100D97610",
        "source": "MGP",
        "sensor": "WV01",
        "type": "optical",
        "datetime": "2026-09-01T07:52:25.584261Z",
        "cloud_cover": 6.486804110043089,
        "name": "B020001100D97610",
        "thumbnail_url": "https://api.maxar.com/discovery/v1/collections/wv01/items/B020001100D97610/assets/collections/dg-archive/assets/browse/B020001100D97610.browse.tif",
        "metadata_url": "https://api.maxar.com/discovery/v1/collections/wv01/items/B020001100D97610",
        "download_url": null,
        "links": [
          {
            "label": "Vantor Hub（旧MGP Pro）で開く",
            "url": "https://pro.maxar.com"
          }
        ],
        "first_seen": "2026-09-01T21:01:55.948965+00:00"
      }
    },
    {
      "type": "Feature",
      "geometry": {
        "type": "Polygon",
        "coordinates": [
          [
            [
              92.427631,
              47.993519
            ],
            [
              92.678409,
              47.993519
            ],
            [
              92.678409,
              49.011315
            ],
            [
              92.427631,
              49.011315
            ],
            [
              92.427631,
              47.993519
            ]
          ]
        ]
      },
      "properties": {
        "id": "B020001100D97410",
        "source": "MGP",
        "sensor": "WV01",
        "type": "optical",
        "datetime": "2026-09-01T07:52:02.084348Z",
        "cloud_cover": 98.04524257072777,
        "name": "B020001100D97410",
        "thumbnail_url": "https://api.maxar.com/discovery/v1/collections/wv01/items/B020001100D97410/assets/collections/dg-archive/assets/browse/B020001100D97410.browse.tif",
        "metadata_url": "https://api.maxar.com/discovery/v1/collections/wv01/items/B020001100D97410",
        "download_url": null,
        "links": [
          {
            "label": "Vantor Hub（旧MGP Pro）で開く",
            "url": "https://pro.maxar.com"
          }
        ],
        "first_seen": "2026-09-01T21:01:55.948965+00:00"
      }
    },
    {
      "type": "Feature",
      "geometry": {
        "type": "Polygon",
        "coordinates": [
          [
            [
              92.215872,
              47.985637
            ],
            [
              92.46263,
              47.985637
            ],
            [
              92.46263,
              49.005683
            ],
            [
              92.215872,
              49.005683
            ],
            [
              92.215872,
              47.985637
            ]
          ]
        ]
      },
      "properties": {
        "id": "B020001100D97310",
        "source": "MGP",
        "sensor": "WV01",
        "type": "optical",
        "datetime": "2026-09-01T07:51:47.284103Z",
        "cloud_cover": 82.31676026300985,
        "name": "B020001100D97310",
        "thumbnail_url": "https://api.maxar.com/discovery/v1/collections/wv01/items/B020001100D97310/assets/collections/dg-archive/assets/browse/B020001100D97310.browse.tif",
        "metadata_url": "https://api.maxar.com/discovery/v1/collections/wv01/items/B020001100D97310",
        "download_url": null,
        "links": [
          {
            "label": "Vantor Hub（旧MGP Pro）で開く",
            "url": "https://pro.maxar.com"
          }
        ],
        "first_seen": "2026-09-01T21:01:55.948965+00:00"
      }
    },
    {
      "type": "Feature",
      "geometry": {
        "type": "Polygon",
        "coordinates": [
          [
            [
              91.992738,
              47.990837
            ],
            [
              92.244766,
              47.990837
            ],
            [
              92.244766,
              49.015534
            ],
            [
              91.992738,
              49.015534
            ],
            [
              91.992738,
              47.990837
            ]
          ]
        ]
      },
      "properties": {
        "id": "B020001100D97010",
        "source": "MGP",
        "sensor": "WV01",
        "type": "optical",
        "datetime": "2026-09-01T07:51:32.784190Z",
        "cloud_cover": 77.19964803772821,
        "name": "B020001100D97010",
        "thumbnail_url": "https://api.maxar.com/discovery/v1/collections/wv01/items/B020001100D97010/assets/collections/dg-archive/assets/browse/B020001100D97010.browse.tif",
        "metadata_url": "https://api.maxar.com/discovery/v1/collections/wv01/items/B020001100D97010",
        "download_url": null,
        "links": [
          {
            "label": "Vantor Hub（旧MGP Pro）で開く",
            "url": "https://pro.maxar.com"
          }
        ],
        "first_seen": "2026-09-01T21:01:55.948965+00:00"
      }
    },
    {
      "type": "Feature",
      "geometry": {
        "type": "Polygon",
        "coordinates": [
          [
            [
              101.508906,
              44.482287
            ],
            [
              101.652859,
              44.482287
            ],
            [
              101.652859,
              45.018108
            ],
            [
              101.508906,
              45.018108
            ],
            [
              101.508906,
              44.482287
            ]
          ]
        ]
      },
      "properties": {
        "id": "B1400011010ACF10",
        "source": "MGP",
        "sensor": "WORLDVIEW-LEGION-04",
        "type": "optical",
        "datetime": "2026-09-01T06:22:20.382000Z",
        "cloud_cover": 0.07020358689883362,
        "name": "B1400011010ACF10",
        "thumbnail_url": "https://api.maxar.com/discovery/v1/collections/lg04/items/B1400011010ACF10/assets/collections/dg-archive/assets/browse/B1400011010ACF10.browse.tif",
        "metadata_url": "https://api.maxar.com/discovery/v1/collections/lg04/items/B1400011010ACF10",
        "download_url": null,
        "links": [
          {
            "label": "Vantor Hub（旧MGP Pro）で開く",
            "url": "https://pro.maxar.com"
          }
        ],
        "first_seen": "2026-09-01T21:01:55.948965+00:00"
      }
    },
    {
      "type": "Feature",
      "geometry": {
        "type": "Polygon",
        "coordinates": [
          [
            [
              101.625124,
              44.48621
            ],
            [
              101.754683,
              44.48621
            ],
            [
              101.754683,
              45.01557
            ],
            [
              101.625124,
              45.01557
            ],
            [
              101.625124,
              44.48621
            ]
          ]
        ]
      },
      "properties": {
        "id": "B1400011010ACB10",
        "source": "MGP",
        "sensor": "WORLDVIEW-LEGION-04",
        "type": "optical",
        "datetime": "2026-09-01T06:21:56.882000Z",
        "cloud_cover": 0.008624660427534587,
        "name": "B1400011010ACB10",
        "thumbnail_url": "https://api.maxar.com/discovery/v1/collections/lg04/items/B1400011010ACB10/assets/collections/dg-archive/assets/browse/B1400011010ACB10.browse.tif",
        "metadata_url": "https://api.maxar.com/discovery/v1/collections/lg04/items/B1400011010ACB10",
        "download_url": null,
        "links": [
          {
            "label": "Vantor Hub（旧MGP Pro）で開く",
            "url": "https://pro.maxar.com"
          }
        ],
        "first_seen": "2026-09-01T21:01:55.948965+00:00"
      }
    },
    {
      "type": "Feature",
      "geometry": {
        "type": "Polygon",
        "coordinates": [
          [
            [
              93.800344,
              43.977515
            ],
            [
              93.933306,
              43.977515
            ],
            [
              93.933306,
              45.013623
            ],
            [
              93.800344,
              45.013623
            ],
            [
              93.800344,
              43.977515
            ]
          ]
        ]
      },
      "properties": {
        "id": "B1400011010B3810",
        "source": "MGP",
        "sensor": "WORLDVIEW-LEGION-04",
        "type": "optical",
        "datetime": "2026-09-01T06:20:22.382000Z",
        "cloud_cover": 18.15438626810956,
        "name": "B1400011010B3810",
        "thumbnail_url": "https://api.maxar.com/discovery/v1/collections/lg04/items/B1400011010B3810/assets/collections/dg-archive/assets/browse/B1400011010B3810.browse.tif",
        "metadata_url": "https://api.maxar.com/discovery/v1/collections/lg04/items/B1400011010B3810",
        "download_url": null,
        "links": [
          {
            "label": "Vantor Hub（旧MGP Pro）で開く",
            "url": "https://pro.maxar.com"
          }
        ],
        "first_seen": "2026-09-01T21:01:55.948965+00:00"
      }
    },
    {
      "type": "Feature",
      "geometry": {
        "type": "Polygon",
        "coordinates": [
          [
            [
              92.888258,
              43.452637
            ],
            [
              93.018607,
              43.452637
            ],
            [
              93.018607,
              43.540502
            ],
            [
              92.888258,
              43.540502
            ],
            [
              92.888258,
              43.452637
            ]
          ]
        ]
      },
      "properties": {
        "id": "B1200011011D3C10",
        "source": "MGP",
        "sensor": "WORLDVIEW-LEGION-02",
        "type": "optical",
        "datetime": "2026-09-01T05:01:19.507000Z",
        "cloud_cover": 10.782422689819104,
        "name": "B1200011011D3C10",
        "thumbnail_url": "https://api.maxar.com/discovery/v1/collections/lg02/items/B1200011011D3C10/assets/collections/dg-archive/assets/browse/B1200011011D3C10.browse.tif",
        "metadata_url": "https://api.maxar.com/discovery/v1/collections/lg02/items/B1200011011D3C10",
        "download_url": null,
        "links": [
          {
            "label": "Vantor Hub（旧MGP Pro）で開く",
            "url": "https://pro.maxar.com"
          }
        ],
        "first_seen": "2026-09-01T21:01:55.948965+00:00"
      }
    },
    {
      "type": "Feature",
      "geometry": {
        "type": "Polygon",
        "coordinates": [
          [
            [
              92.455265,
              47.976498
            ],
            [
              92.605478,
              47.976498
            ],
            [
              92.605478,
              49.014617
            ],
            [
              92.455265,
              49.014617
            ],
            [
              92.455265,
              47.976498
            ]
          ]
        ]
      },
      "properties": {
        "id": "B1200011011D3910",
        "source": "MGP",
        "sensor": "WORLDVIEW-LEGION-02",
        "type": "optical",
        "datetime": "2026-09-01T05:00:14.624703Z",
        "cloud_cover": 99.92953624999437,
        "name": "B1200011011D3910",
        "thumbnail_url": "https://api.maxar.com/discovery/v1/collections/lg02/items/B1200011011D3910/assets/collections/dg-archive/assets/browse/B1200011011D3910.browse.tif",
        "metadata_url": "https://api.maxar.com/discovery/v1/collections/lg02/items/B1200011011D3910",
        "download_url": null,
        "links": [
          {
            "label": "Vantor Hub（旧MGP Pro）で開く",
            "url": "https://pro.maxar.com"
          }
        ],
        "first_seen": "2026-09-01T21:01:55.948965+00:00"
      }
    },
    {
      "type": "Feature",
      "geometry": {
        "type": "Polygon",
        "coordinates": [
          [
            [
              93.866279,
              38.974933
            ],
            [
              94.03199,
              38.974933
            ],
            [
              94.03199,
              39.535587
            ],
            [
              93.866279,
              39.535587
            ],
            [
              93.866279,
              38.974933
            ]
          ]
        ]
      },
      "properties": {
        "id": "B04000110090ED10",
        "source": "MGP",
        "sensor": "WV03",
        "type": "optical",
        "datetime": "2026-09-01T04:42:23.557547Z",
        "cloud_cover": 0.0,
        "name": "B04000110090ED10",
        "thumbnail_url": "https://api.maxar.com/discovery/v1/collections/wv03-vnir/items/B04000110090ED10/assets/collections/dg-archive/assets/browse/B04000110090ED10.browse.tif",
        "metadata_url": "https://api.maxar.com/discovery/v1/collections/wv03-vnir/items/B04000110090ED10",
        "download_url": null,
        "links": [
          {
            "label": "Vantor Hub（旧MGP Pro）で開く",
            "url": "https://pro.maxar.com"
          }
        ],
        "first_seen": "2026-09-01T21:01:55.948965+00:00"
      }
    },
    {
      "type": "Feature",
      "geometry": {
        "type": "Polygon",
        "coordinates": [
          [
            [
              102.611491,
              43.985303
            ],
            [
              102.758273,
              43.985303
            ],
            [
              102.758273,
              44.515456
            ],
            [
              102.611491,
              44.515456
            ],
            [
              102.611491,
              43.985303
            ]
          ]
        ]
      },
      "properties": {
        "id": "B1400011010A8510",
        "source": "MGP",
        "sensor": "WORLDVIEW-LEGION-04",
        "type": "optical",
        "datetime": "2026-09-01T04:42:11.124655Z",
        "cloud_cover": 5.474689463203177,
        "name": "B1400011010A8510",
        "thumbnail_url": "https://api.maxar.com/discovery/v1/collections/lg04/items/B1400011010A8510/assets/collections/dg-archive/assets/browse/B1400011010A8510.browse.tif",
        "metadata_url": "https://api.maxar.com/discovery/v1/collections/lg04/items/B1400011010A8510",
        "download_url": null,
        "links": [
          {
            "label": "Vantor Hub（旧MGP Pro）で開く",
            "url": "https://pro.maxar.com"
          }
        ],
        "first_seen": "2026-09-01T21:01:55.948965+00:00"
      }
    },
    {
      "type": "Feature",
      "geometry": {
        "type": "Polygon",
        "coordinates": [
          [
            [
              95.093368,
              38.971273
            ],
            [
              95.259444,
              38.971273
            ],
            [
              95.259444,
              39.519232
            ],
            [
              95.093368,
              39.519232
            ],
            [
              95.093368,
              38.971273
            ]
          ]
        ]
      },
      "properties": {
        "id": "B04000110090EC10",
        "source": "MGP",
        "sensor": "WV03",
        "type": "optical",
        "datetime": "2026-09-01T04:41:57.057624Z",
        "cloud_cover": 0.0,
        "name": "B04000110090EC10",
        "thumbnail_url": "https://api.maxar.com/discovery/v1/collections/wv03-vnir/items/B04000110090EC10/assets/collections/dg-archive/assets/browse/B04000110090EC10.browse.tif",
        "metadata_url": "https://api.maxar.com/discovery/v1/collections/wv03-vnir/items/B04000110090EC10",
        "download_url": null,
        "links": [
          {
            "label": "Vantor Hub（旧MGP Pro）で開く",
            "url": "https://pro.maxar.com"
          }
        ],
        "first_seen": "2026-09-01T21:01:55.948965+00:00"
      }
    },
    {
      "type": "Feature",
      "geometry": {
        "type": "Polygon",
        "coordinates": [
          [
            [
              93.663834,
              38.986258
            ],
            [
              93.823357,
              38.986258
            ],
            [
              93.823357,
              39.528006
            ],
            [
              93.663834,
              39.528006
            ],
            [
              93.663834,
              38.986258
            ]
          ]
        ]
      },
      "properties": {
        "id": "B04000110090EB10",
        "source": "MGP",
        "sensor": "WV03",
        "type": "optical",
        "datetime": "2026-09-01T04:41:31.207294Z",
        "cloud_cover": 0.0,
        "name": "B04000110090EB10",
        "thumbnail_url": "https://api.maxar.com/discovery/v1/collections/wv03-vnir/items/B04000110090EB10/assets/collections/dg-archive/assets/browse/B04000110090EB10.browse.tif",
        "metadata_url": "https://api.maxar.com/discovery/v1/collections/wv03-vnir/items/B04000110090EB10",
        "download_url": null,
        "links": [
          {
            "label": "Vantor Hub（旧MGP Pro）で開く",
            "url": "https://pro.maxar.com"
          }
        ],
        "first_seen": "2026-09-01T21:01:55.948965+00:00"
      }
    },
    {
      "type": "Feature",
      "geometry": {
        "type": "Polygon",
        "coordinates": [
          [
            [
              95.883725,
              41.98962
            ],
            [
              96.016318,
              41.98962
            ],
            [
              96.016318,
              43.015535
            ],
            [
              95.883725,
              43.015535
            ],
            [
              95.883725,
              41.98962
            ]
          ]
        ]
      },
      "properties": {
        "id": "B1400011010B4410",
        "source": "MGP",
        "sensor": "WORLDVIEW-LEGION-04",
        "type": "optical",
        "datetime": "2026-09-01T04:40:59.882000Z",
        "cloud_cover": 0.009174487495117258,
        "name": "B1400011010B4410",
        "thumbnail_url": "https://api.maxar.com/discovery/v1/collections/lg04/items/B1400011010B4410/assets/collections/dg-archive/assets/browse/B1400011010B4410.browse.tif",
        "metadata_url": "https://api.maxar.com/discovery/v1/collections/lg04/items/B1400011010B4410",
        "download_url": null,
        "links": [
          {
            "label": "Vantor Hub（旧MGP Pro）で開く",
            "url": "https://pro.maxar.com"
          }
        ],
        "first_seen": "2026-09-01T21:01:55.948965+00:00"
      }
    },
    {
      "type": "Feature",
      "geometry": {
        "type": "Polygon",
        "coordinates": [
          [
            [
              95.43649,
              41.986919
            ],
            [
              95.603998,
              41.986919
            ],
            [
              95.603998,
              43.02637
            ],
            [
              95.43649,
              43.02637
            ],
            [
              95.43649,
              41.986919
            ]
          ]
        ]
      },
      "properties": {
        "id": "B04000110090E010",
        "source": "MGP",
        "sensor": "WV03",
        "type": "optical",
        "datetime": "2026-09-01T04:40:35.307460Z",
        "cloud_cover": 0.0,
        "name": "B04000110090E010",
        "thumbnail_url": "https://api.maxar.com/discovery/v1/collections/wv03-vnir/items/B04000110090E010/assets/collections/dg-archive/assets/browse/B04000110090E010.browse.tif",
        "metadata_url": "https://api.maxar.com/discovery/v1/collections/wv03-vnir/items/B04000110090E010",
        "download_url": null,
        "links": [
          {
            "label": "Vantor Hub（旧MGP Pro）で開く",
            "url": "https://pro.maxar.com"
          }
        ],
        "first_seen": "2026-09-01T21:01:55.948965+00:00"
      }
    },
    {
      "type": "Feature",
      "geometry": {
        "type": "Polygon",
        "coordinates": [
          [
            [
              99.360423,
              46.975715
            ],
            [
              99.579825,
              46.975715
            ],
            [
              99.579825,
              48.03478
            ],
            [
              99.360423,
              48.03478
            ],
            [
              99.360423,
              46.975715
            ]
          ]
        ]
      },
      "properties": {
        "id": "B04000110090DF10",
        "source": "MGP",
        "sensor": "WV03",
        "type": "optical",
        "datetime": "2026-09-01T04:39:47.157602Z",
        "cloud_cover": 31.965599166142695,
        "name": "B04000110090DF10",
        "thumbnail_url": "https://api.maxar.com/discovery/v1/collections/wv03-vnir/items/B04000110090DF10/assets/collections/dg-archive/assets/browse/B04000110090DF10.browse.tif",
        "metadata_url": "https://api.maxar.com/discovery/v1/collections/wv03-vnir/items/B04000110090DF10",
        "download_url": null,
        "links": [
          {
            "label": "Vantor Hub（旧MGP Pro）で開く",
            "url": "https://pro.maxar.com"
          }
        ],
        "first_seen": "2026-09-01T21:01:55.948965+00:00"
      }
    },
    {
      "type": "Feature",
      "geometry": {
        "type": "Polygon",
        "coordinates": [
          [
            [
              99.455436,
              48.976555
            ],
            [
              99.670574,
              48.976555
            ],
            [
              99.670574,
              50.034516
            ],
            [
              99.455436,
              50.034516
            ],
            [
              99.455436,
              48.976555
            ]
          ]
        ]
      },
      "properties": {
        "id": "B040001100912D10",
        "source": "MGP",
        "sensor": "WV03",
        "type": "optical",
        "datetime": "2026-09-01T04:39:21.058476Z",
        "cloud_cover": 17.749783121446303,
        "name": "B040001100912D10",
        "thumbnail_url": "https://api.maxar.com/discovery/v1/collections/wv03-vnir/items/B040001100912D10/assets/collections/dg-archive/assets/browse/B040001100912D10.browse.tif",
        "metadata_url": "https://api.maxar.com/discovery/v1/collections/wv03-vnir/items/B040001100912D10",
        "download_url": null,
        "links": [
          {
            "label": "Vantor Hub（旧MGP Pro）で開く",
            "url": "https://pro.maxar.com"
          }
        ],
        "first_seen": "2026-09-01T21:01:55.948965+00:00"
      }
    },
    {
      "type": "Feature",
      "geometry": {
        "type": "Polygon",
        "coordinates": [
          [
            [
              99.28648,
              48.961668
            ],
            [
              99.488335,
              48.961668
            ],
            [
              99.488335,
              50.015434
            ],
            [
              99.28648,
              50.015434
            ],
            [
              99.28648,
              48.961668
            ]
          ]
        ]
      },
      "properties": {
        "id": "B040001100912C10",
        "source": "MGP",
        "sensor": "WV03",
        "type": "optical",
        "datetime": "2026-09-01T04:38:56.158547Z",
        "cloud_cover": 0.9316063389154121,
        "name": "B040001100912C10",
        "thumbnail_url": "https://api.maxar.com/discovery/v1/collections/wv03-vnir/items/B040001100912C10/assets/collections/dg-archive/assets/browse/B040001100912C10.browse.tif",
        "metadata_url": "https://api.maxar.com/discovery/v1/collections/wv03-vnir/items/B040001100912C10",
        "download_url": null,
        "links": [
          {
            "label": "Vantor Hub（旧MGP Pro）で開く",
            "url": "https://pro.maxar.com"
          }
        ],
        "first_seen": "2026-09-01T21:01:55.948965+00:00"
      }
    },
    {
      "type": "Feature",
      "geometry": {
        "type": "Polygon",
        "coordinates": [
          [
            [
              99.118484,
              48.978666
            ],
            [
              99.318645,
              48.978666
            ],
            [
              99.318645,
              50.033961
            ],
            [
              99.118484,
              50.033961
            ],
            [
              99.118484,
              48.978666
            ]
          ]
        ]
      },
      "properties": {
        "id": "B040001100912410",
        "source": "MGP",
        "sensor": "WV03",
        "type": "optical",
        "datetime": "2026-09-01T04:38:32.658615Z",
        "cloud_cover": 2.467130280379679,
        "name": "B040001100912410",
        "thumbnail_url": "https://api.maxar.com/discovery/v1/collections/wv03-vnir/items/B040001100912410/assets/collections/dg-archive/assets/browse/B040001100912410.browse.tif",
        "metadata_url": "https://api.maxar.com/discovery/v1/collections/wv03-vnir/items/B040001100912410",
        "download_url": null,
        "links": [
          {
            "label": "Vantor Hub（旧MGP Pro）で開く",
            "url": "https://pro.maxar.com"
          }
        ],
        "first_seen": "2026-09-01T21:01:55.948965+00:00"
      }
    },
    {
      "type": "Feature",
      "geometry": {
        "type": "Polygon",
        "coordinates": [
          [
            [
              99.978298,
              36.956347
            ],
            [
              100.118257,
              36.956347
            ],
            [
              100.118257,
              38.53862
            ],
            [
              99.978298,
              38.53862
            ],
            [
              99.978298,
              36.956347
            ]
          ]
        ]
      },
      "properties": {
        "id": "B1100011011BCD10",
        "source": "MGP",
        "sensor": "WORLDVIEW-LEGION-01",
        "type": "optical",
        "datetime": "2026-09-01T04:18:27.882000Z",
        "cloud_cover": 5.876064292963909,
        "name": "B1100011011BCD10",
        "thumbnail_url": "https://api.maxar.com/discovery/v1/collections/lg01/items/B1100011011BCD10/assets/collections/dg-archive/assets/browse/B1100011011BCD10.browse.tif",
        "metadata_url": "https://api.maxar.com/discovery/v1/collections/lg01/items/B1100011011BCD10",
        "download_url": null,
        "links": [
          {
            "label": "Vantor Hub（旧MGP Pro）で開く",
            "url": "https://pro.maxar.com"
          }
        ],
        "first_seen": "2026-09-01T21:01:55.948965+00:00"
      }
    },
    {
      "type": "Feature",
      "geometry": {
        "type": "Polygon",
        "coordinates": [
          [
            [
              105.180359,
              40.976691
            ],
            [
              105.319692,
              40.976691
            ],
            [
              105.319692,
              41.516937
            ],
            [
              105.180359,
              41.516937
            ],
            [
              105.180359,
              40.976691
            ]
          ]
        ]
      },
      "properties": {
        "id": "B1100011011BC310",
        "source": "MGP",
        "sensor": "WORLDVIEW-LEGION-01",
        "type": "optical",
        "datetime": "2026-09-01T04:17:43.757000Z",
        "cloud_cover": 0.0,
        "name": "B1100011011BC310",
        "thumbnail_url": "https://api.maxar.com/discovery/v1/collections/lg01/items/B1100011011BC310/assets/collections/dg-archive/assets/browse/B1100011011BC310.browse.tif",
        "metadata_url": "https://api.maxar.com/discovery/v1/collections/lg01/items/B1100011011BC310",
        "download_url": null,
        "links": [
          {
            "label": "Vantor Hub（旧MGP Pro）で開く",
            "url": "https://pro.maxar.com"
          }
        ],
        "first_seen": "2026-09-01T21:01:55.948965+00:00"
      }
    },
    {
      "type": "Feature",
      "geometry": {
        "type": "Polygon",
        "coordinates": [
          [
            [
              98.493769,
              38.483372
            ],
            [
              98.695661,
              38.483372
            ],
            [
              98.695661,
              39.012889
            ],
            [
              98.493769,
              39.012889
            ],
            [
              98.493769,
              38.483372
            ]
          ]
        ]
      },
      "properties": {
        "id": "B030001100DABE10",
        "source": "MGP",
        "sensor": "WV02",
        "type": "optical",
        "datetime": "2026-09-01T04:17:33.608244Z",
        "cloud_cover": 6.319406989295026,
        "name": "B030001100DABE10",
        "thumbnail_url": "https://api.maxar.com/discovery/v1/collections/wv02/items/B030001100DABE10/assets/collections/dg-archive/assets/browse/B030001100DABE10.browse.tif",
        "metadata_url": "https://api.maxar.com/discovery/v1/collections/wv02/items/B030001100DABE10",
        "download_url": null,
        "links": [
          {
            "label": "Vantor Hub（旧MGP Pro）で開く",
            "url": "https://pro.maxar.com"
          }
        ],
        "first_seen": "2026-09-01T21:01:55.948965+00:00"
      }
    },
    {
      "type": "Feature",
      "geometry": {
        "type": "Polygon",
        "coordinates": [
          [
            [
              98.172961,
              39.481744
            ],
            [
              98.380979,
              39.481744
            ],
            [
              98.380979,
              40.013306
            ],
            [
              98.172961,
              40.013306
            ],
            [
              98.172961,
              39.481744
            ]
          ]
        ]
      },
      "properties": {
        "id": "B030001100DABC10",
        "source": "MGP",
        "sensor": "WV02",
        "type": "optical",
        "datetime": "2026-09-01T04:17:21.308248Z",
        "cloud_cover": 0.001824599511267988,
        "name": "B030001100DABC10",
        "thumbnail_url": "https://api.maxar.com/discovery/v1/collections/wv02/items/B030001100DABC10/assets/collections/dg-archive/assets/browse/B030001100DABC10.browse.tif",
        "metadata_url": "https://api.maxar.com/discovery/v1/collections/wv02/items/B030001100DABC10",
        "download_url": null,
        "links": [
          {
            "label": "Vantor Hub（旧MGP Pro）で開く",
            "url": "https://pro.maxar.com"
          }
        ],
        "first_seen": "2026-09-01T21:01:55.948965+00:00"
      }
    },
    {
      "type": "Feature",
      "geometry": {
        "type": "Polygon",
        "coordinates": [
          [
            [
              105.617112,
              43.975307
            ],
            [
              105.758907,
              43.975307
            ],
            [
              105.758907,
              44.52035
            ],
            [
              105.617112,
              44.52035
            ],
            [
              105.617112,
              43.975307
            ]
          ]
        ]
      },
      "properties": {
        "id": "B1100011011BFD10",
        "source": "MGP",
        "sensor": "WORLDVIEW-LEGION-01",
        "type": "optical",
        "datetime": "2026-09-01T04:17:06.999489Z",
        "cloud_cover": 1.0346069486769545,
        "name": "B1100011011BFD10",
        "thumbnail_url": "https://api.maxar.com/discovery/v1/collections/lg01/items/B1100011011BFD10/assets/collections/dg-archive/assets/browse/B1100011011BFD10.browse.tif",
        "metadata_url": "https://api.maxar.com/discovery/v1/collections/lg01/items/B1100011011BFD10",
        "download_url": null,
        "links": [
          {
            "label": "Vantor Hub（旧MGP Pro）で開く",
            "url": "https://pro.maxar.com"
          }
        ],
        "first_seen": "2026-09-01T21:01:55.948965+00:00"
      }
    },
    {
      "type": "Feature",
      "geometry": {
        "type": "Polygon",
        "coordinates": [
          [
            [
              98.614042,
              40.958266
            ],
            [
              98.844134,
              40.958266
            ],
            [
              98.844134,
              42.518611
            ],
            [
              98.614042,
              42.518611
            ],
            [
              98.614042,
              40.958266
            ]
          ]
        ]
      },
      "properties": {
        "id": "B030001100DABD10",
        "source": "MGP",
        "sensor": "WV02",
        "type": "optical",
        "datetime": "2026-09-01T04:16:56.207465Z",
        "cloud_cover": 0.0004013674942606209,
        "name": "B030001100DABD10",
        "thumbnail_url": "https://api.maxar.com/discovery/v1/collections/wv02/items/B030001100DABD10/assets/collections/dg-archive/assets/browse/B030001100DABD10.browse.tif",
        "metadata_url": "https://api.maxar.com/discovery/v1/collections/wv02/items/B030001100DABD10",
        "download_url": null,
        "links": [
          {
            "label": "Vantor Hub（旧MGP Pro）で開く",
            "url": "https://pro.maxar.com"
          }
        ],
        "first_seen": "2026-09-01T21:01:55.948965+00:00"
      }
    },
    {
      "type": "Feature",
      "geometry": {
        "type": "Polygon",
        "coordinates": [
          [
            [
              98.797088,
              40.966014
            ],
            [
              99.021713,
              40.966014
            ],
            [
              99.021713,
              42.519248
            ],
            [
              98.797088,
              42.519248
            ],
            [
              98.797088,
              40.966014
            ]
          ]
        ]
      },
      "properties": {
        "id": "B030001100DABB10",
        "source": "MGP",
        "sensor": "WV02",
        "type": "optical",
        "datetime": "2026-09-01T04:16:33.208283Z",
        "cloud_cover": 3.7625972697239675e-05,
        "name": "B030001100DABB10",
        "thumbnail_url": "https://api.maxar.com/discovery/v1/collections/wv02/items/B030001100DABB10/assets/collections/dg-archive/assets/browse/B030001100DABB10.browse.tif",
        "metadata_url": "https://api.maxar.com/discovery/v1/collections/wv02/items/B030001100DABB10",
        "download_url": null,
        "links": [
          {
            "label": "Vantor Hub（旧MGP Pro）で開く",
            "url": "https://pro.maxar.com"
          }
        ],
        "first_seen": "2026-09-01T21:01:55.948965+00:00"
      }
    },
    {
      "type": "Feature",
      "geometry": {
        "type": "Polygon",
        "coordinates": [
          [
            [
              98.173618,
              39.487583
            ],
            [
              98.375816,
              39.487583
            ],
            [
              98.375816,
              40.012805
            ],
            [
              98.173618,
              40.012805
            ],
            [
              98.173618,
              39.487583
            ]
          ]
        ]
      },
      "properties": {
        "id": "B030001100DABA10",
        "source": "MGP",
        "sensor": "WV02",
        "type": "optical",
        "datetime": "2026-09-01T04:16:12.308295Z",
        "cloud_cover": 0.0026996162007824802,
        "name": "B030001100DABA10",
        "thumbnail_url": "https://api.maxar.com/discovery/v1/collections/wv02/items/B030001100DABA10/assets/collections/dg-archive/assets/browse/B030001100DABA10.browse.tif",
        "metadata_url": "https://api.maxar.com/discovery/v1/collections/wv02/items/B030001100DABA10",
        "download_url": null,
        "links": [
          {
            "label": "Vantor Hub（旧MGP Pro）で開く",
            "url": "https://pro.maxar.com"
          }
        ],
        "first_seen": "2026-09-01T21:01:55.948965+00:00"
      }
    },
    {
      "type": "Feature",
      "geometry": {
        "type": "Polygon",
        "coordinates": [
          [
            [
              98.173618,
              39.487583
            ],
            [
              98.375816,
              39.487583
            ],
            [
              98.375816,
              40.012805
            ],
            [
              98.173618,
              40.012805
            ],
            [
              98.173618,
              39.487583
            ]
          ]
        ]
      },
      "properties": {
        "id": "c21b2715-6f74-44f0-b39e-d4d7c6e36c80-inv",
        "source": "MGP",
        "sensor": "-",
        "type": "optical",
        "datetime": "2026-09-01T04:16:12.307494Z",
        "cloud_cover": null,
        "name": "c21b2715-6f74-44f0-b39e-d4d7c6e36c80-inv",
        "thumbnail_url": null,
        "metadata_url": "https://api.maxar.com/discovery/v1/collections/wv02-intrack-stereo/items/c21b2715-6f74-44f0-b39e-d4d7c6e36c80-inv",
        "download_url": null,
        "links": [
          {
            "label": "Vantor Hub（旧MGP Pro）で開く",
            "url": "https://pro.maxar.com"
          }
        ],
        "first_seen": "2026-09-01T21:01:55.948965+00:00"
      }
    },
    {
      "type": "Feature",
      "geometry": {
        "type": "Polygon",
        "coordinates": [
          [
            [
              96.993673,
              41.484352
            ],
            [
              97.216509,
              41.484352
            ],
            [
              97.216509,
              42.013364
            ],
            [
              96.993673,
              42.013364
            ],
            [
              96.993673,
              41.484352
            ]
          ]
        ]
      },
      "properties": {
        "id": "B030001100DAB310",
        "source": "MGP",
        "sensor": "WV02",
        "type": "optical",
        "datetime": "2026-09-01T04:15:55.207504Z",
        "cloud_cover": 0.0,
        "name": "B030001100DAB310",
        "thumbnail_url": "https://api.maxar.com/discovery/v1/collections/wv02/items/B030001100DAB310/assets/collections/dg-archive/assets/browse/B030001100DAB310.browse.tif",
        "metadata_url": "https://api.maxar.com/discovery/v1/collections/wv02/items/B030001100DAB310",
        "download_url": null,
        "links": [
          {
            "label": "Vantor Hub（旧MGP Pro）で開く",
            "url": "https://pro.maxar.com"
          }
        ],
        "first_seen": "2026-09-01T21:01:55.948965+00:00"
      }
    },
    {
      "type": "Feature",
      "geometry": {
        "type": "Polygon",
        "coordinates": [
          [
            [
              95.492996,
              42.480223
            ],
            [
              95.754032,
              42.480223
            ],
            [
              95.754032,
              43.016799
            ],
            [
              95.492996,
              43.016799
            ],
            [
              95.492996,
              42.480223
            ]
          ]
        ]
      },
      "properties": {
        "id": "B030001100DAB210",
        "source": "MGP",
        "sensor": "WV02",
        "type": "optical",
        "datetime": "2026-09-01T04:15:38.807510Z",
        "cloud_cover": 0.0,
        "name": "B030001100DAB210",
        "thumbnail_url": "https://api.maxar.com/discovery/v1/collections/wv02/items/B030001100DAB210/assets/collections/dg-archive/assets/browse/B030001100DAB210.browse.tif",
        "metadata_url": "https://api.maxar.com/discovery/v1/collections/wv02/items/B030001100DAB210",
        "download_url": null,
        "links": [
          {
            "label": "Vantor Hub（旧MGP Pro）で開く",
            "url": "https://pro.maxar.com"
          }
        ],
        "first_seen": "2026-09-01T21:01:55.948965+00:00"
      }
    },
    {
      "type": "Feature",
      "geometry": {
        "type": "Polygon",
        "coordinates": [
          [
            [
              95.397994,
              42.974283
            ],
            [
              95.675158,
              42.974283
            ],
            [
              95.675158,
              43.524128
            ],
            [
              95.397994,
              43.524128
            ],
            [
              95.397994,
              42.974283
            ]
          ]
        ]
      },
      "properties": {
        "id": "B030001100DAB010",
        "source": "MGP",
        "sensor": "WV02",
        "type": "optical",
        "datetime": "2026-09-01T04:15:24.308316Z",
        "cloud_cover": 0.0,
        "name": "B030001100DAB010",
        "thumbnail_url": "https://api.maxar.com/discovery/v1/collections/wv02/items/B030001100DAB010/assets/collections/dg-archive/assets/browse/B030001100DAB010.browse.tif",
        "metadata_url": "https://api.maxar.com/discovery/v1/collections/wv02/items/B030001100DAB010",
        "download_url": null,
        "links": [
          {
            "label": "Vantor Hub（旧MGP Pro）で開く",
            "url": "https://pro.maxar.com"
          }
        ],
        "first_seen": "2026-09-01T21:01:55.948965+00:00"
      }
    },
    {
      "type": "Feature",
      "geometry": {
        "type": "Polygon",
        "coordinates": [
          [
            [
              107.384685,
              51.725937
            ],
            [
              107.546932,
              51.725937
            ],
            [
              107.546932,
              51.88693
            ],
            [
              107.384685,
              51.88693
            ],
            [
              107.384685,
              51.725937
            ]
          ]
        ]
      },
      "properties": {
        "id": "B1100011011BB810",
        "source": "MGP",
        "sensor": "WORLDVIEW-LEGION-01",
        "type": "optical",
        "datetime": "2026-09-01T04:15:22.507000Z",
        "cloud_cover": 0.0,
        "name": "B1100011011BB810",
        "thumbnail_url": "https://api.maxar.com/discovery/v1/collections/lg01/items/B1100011011BB810/assets/collections/dg-archive/assets/browse/B1100011011BB810.browse.tif",
        "metadata_url": "https://api.maxar.com/discovery/v1/collections/lg01/items/B1100011011BB810",
        "download_url": null,
        "links": [
          {
            "label": "Vantor Hub（旧MGP Pro）で開く",
            "url": "https://pro.maxar.com"
          }
        ],
        "first_seen": "2026-09-01T21:01:55.948965+00:00"
      }
    },
    {
      "type": "Feature",
      "geometry": {
        "type": "Polygon",
        "coordinates": [
          [
            [
              99.416247,
              45.033058
            ],
            [
              99.632262,
              45.033058
            ],
            [
              99.632262,
              45.2433
            ],
            [
              99.416247,
              45.2433
            ],
            [
              99.416247,
              45.033058
            ]
          ]
        ]
      },
      "properties": {
        "id": "B030001100DAAE10",
        "source": "MGP",
        "sensor": "WV02",
        "type": "optical",
        "datetime": "2026-09-01T04:15:06.608325Z",
        "cloud_cover": 26.305971857290643,
        "name": "B030001100DAAE10",
        "thumbnail_url": "https://api.maxar.com/discovery/v1/collections/wv02/items/B030001100DAAE10/assets/collections/dg-archive/assets/browse/B030001100DAAE10.browse.tif",
        "metadata_url": "https://api.maxar.com/discovery/v1/collections/wv02/items/B030001100DAAE10",
        "download_url": null,
        "links": [
          {
            "label": "Vantor Hub（旧MGP Pro）で開く",
            "url": "https://pro.maxar.com"
          }
        ],
        "first_seen": "2026-09-01T21:01:55.948965+00:00"
      }
    },
    {
      "type": "Feature",
      "geometry": {
        "type": "Polygon",
        "coordinates": [
          [
            [
              108.857319,
              50.970642
            ],
            [
              109.018478,
              50.970642
            ],
            [
              109.018478,
              51.522244
            ],
            [
              108.857319,
              51.522244
            ],
            [
              108.857319,
              50.970642
            ]
          ]
        ]
      },
      "properties": {
        "id": "B1100011011BBD10",
        "source": "MGP",
        "sensor": "WORLDVIEW-LEGION-01",
        "type": "optical",
        "datetime": "2026-09-01T04:14:39.632000Z",
        "cloud_cover": 0.24719862178577434,
        "name": "B1100011011BBD10",
        "thumbnail_url": "https://api.maxar.com/discovery/v1/collections/lg01/items/B1100011011BBD10/assets/collections/dg-archive/assets/browse/B1100011011BBD10.browse.tif",
        "metadata_url": "https://api.maxar.com/discovery/v1/collections/lg01/items/B1100011011BBD10",
        "download_url": null,
        "links": [
          {
            "label": "Vantor Hub（旧MGP Pro）で開く",
            "url": "https://pro.maxar.com"
          }
        ],
        "first_seen": "2026-09-01T21:01:55.948965+00:00"
      }
    },
    {
      "type": "Feature",
      "geometry": {
        "type": "Polygon",
        "coordinates": [
          [
            [
              99.93017,
              48.954287
            ],
            [
              100.199889,
              48.954287
            ],
            [
              100.199889,
              50.546636
            ],
            [
              99.93017,
              50.546636
            ],
            [
              99.93017,
              48.954287
            ]
          ]
        ]
      },
      "properties": {
        "id": "B030001100DAB110",
        "source": "MGP",
        "sensor": "WV02",
        "type": "optical",
        "datetime": "2026-09-01T04:14:36.758748Z",
        "cloud_cover": 8.81257273829119,
        "name": "B030001100DAB110",
        "thumbnail_url": "https://api.maxar.com/discovery/v1/collections/wv02/items/B030001100DAB110/assets/collections/dg-archive/assets/browse/B030001100DAB110.browse.tif",
        "metadata_url": "https://api.maxar.com/discovery/v1/collections/wv02/items/B030001100DAB110",
        "download_url": null,
        "links": [
          {
            "label": "Vantor Hub（旧MGP Pro）で開く",
            "url": "https://pro.maxar.com"
          }
        ],
        "first_seen": "2026-09-01T21:01:55.948965+00:00"
      }
    },
    {
      "type": "Feature",
      "geometry": {
        "type": "Polygon",
        "coordinates": [
          [
            [
              103.278675,
              48.984548
            ],
            [
              103.515318,
              48.984548
            ],
            [
              103.515318,
              49.515044
            ],
            [
              103.278675,
              49.515044
            ],
            [
              103.278675,
              48.984548
            ]
          ]
        ]
      },
      "properties": {
        "id": "B030001100DAAD10",
        "source": "MGP",
        "sensor": "WV02",
        "type": "optical",
        "datetime": "2026-09-01T04:14:13.208364Z",
        "cloud_cover": 0.0,
        "name": "B030001100DAAD10",
        "thumbnail_url": "https://api.maxar.com/discovery/v1/collections/wv02/items/B030001100DAAD10/assets/collections/dg-archive/assets/browse/B030001100DAAD10.browse.tif",
        "metadata_url": "https://api.maxar.com/discovery/v1/collections/wv02/items/B030001100DAAD10",
        "download_url": null,
        "links": [
          {
            "label": "Vantor Hub（旧MGP Pro）で開く",
            "url": "https://pro.maxar.com"
          }
        ],
        "first_seen": "2026-09-01T21:01:55.948965+00:00"
      }
    },
    {
      "type": "Feature",
      "geometry": {
        "type": "Polygon",
        "coordinates": [
          [
            [
              99.935229,
              48.965576
            ],
            [
              100.191389,
              48.965576
            ],
            [
              100.191389,
              50.531328
            ],
            [
              99.935229,
              50.531328
            ],
            [
              99.935229,
              48.965576
            ]
          ]
        ]
      },
      "properties": {
        "id": "B030001100DAAF10",
        "source": "MGP",
        "sensor": "WV02",
        "type": "optical",
        "datetime": "2026-09-01T04:13:28.758804Z",
        "cloud_cover": 11.113003228720943,
        "name": "B030001100DAAF10",
        "thumbnail_url": "https://api.maxar.com/discovery/v1/collections/wv02/items/B030001100DAAF10/assets/collections/dg-archive/assets/browse/B030001100DAAF10.browse.tif",
        "metadata_url": "https://api.maxar.com/discovery/v1/collections/wv02/items/B030001100DAAF10",
        "download_url": null,
        "links": [
          {
            "label": "Vantor Hub（旧MGP Pro）で開く",
            "url": "https://pro.maxar.com"
          }
        ],
        "first_seen": "2026-09-01T21:01:55.948965+00:00"
      }
    },
    {
      "type": "Feature",
      "geometry": {
        "type": "Polygon",
        "coordinates": [
          [
            [
              99.935229,
              48.965576
            ],
            [
              100.191389,
              48.965576
            ],
            [
              100.191389,
              50.531328
            ],
            [
              99.935229,
              50.531328
            ],
            [
              99.935229,
              48.965576
            ]
          ]
        ]
      },
      "properties": {
        "id": "44a9e97a-6d48-45ae-b51c-4cdb698fa039-inv",
        "source": "MGP",
        "sensor": "-",
        "type": "optical",
        "datetime": "2026-09-01T04:13:28.757604Z",
        "cloud_cover": null,
        "name": "44a9e97a-6d48-45ae-b51c-4cdb698fa039-inv",
        "thumbnail_url": null,
        "metadata_url": "https://api.maxar.com/discovery/v1/collections/wv02-intrack-stereo/items/44a9e97a-6d48-45ae-b51c-4cdb698fa039-inv",
        "download_url": null,
        "links": [
          {
            "label": "Vantor Hub（旧MGP Pro）で開く",
            "url": "https://pro.maxar.com"
          }
        ],
        "first_seen": "2026-09-01T21:01:55.948965+00:00"
      }
    },
    {
      "type": "Feature",
      "geometry": {
        "type": "Polygon",
        "coordinates": [
          [
            [
              105.898996,
              37.803322
            ],
            [
              106.156638,
              37.803322
            ],
            [
              106.156638,
              37.914716
            ],
            [
              105.898996,
              37.914716
            ],
            [
              105.898996,
              37.803322
            ]
          ]
        ]
      },
      "properties": {
        "id": "B05000110068D510",
        "source": "MGP",
        "sensor": "GE01",
        "type": "optical",
        "datetime": "2026-09-01T03:29:44.484959Z",
        "cloud_cover": 0.0,
        "name": "B05000110068D510",
        "thumbnail_url": "https://api.maxar.com/discovery/v1/collections/ge01/items/B05000110068D510/assets/collections/dg-archive/assets/browse/B05000110068D510.browse.tif",
        "metadata_url": "https://api.maxar.com/discovery/v1/collections/ge01/items/B05000110068D510",
        "download_url": null,
        "links": [
          {
            "label": "Vantor Hub（旧MGP Pro）で開く",
            "url": "https://pro.maxar.com"
          }
        ],
        "first_seen": "2026-09-01T21:01:55.948965+00:00"
      }
    },
    {
      "type": "Feature",
      "geometry": {
        "type": "Polygon",
        "coordinates": [
          [
            [
              101.062735,
              38.893241
            ],
            [
              101.204114,
              38.893241
            ],
            [
              101.204114,
              39.000283
            ],
            [
              101.062735,
              39.000283
            ],
            [
              101.062735,
              38.893241
            ]
          ]
        ]
      },
      "properties": {
        "id": "B1400011010A7910",
        "source": "MGP",
        "sensor": "WORLDVIEW-LEGION-04",
        "type": "optical",
        "datetime": "2026-09-01T03:02:48.124736Z",
        "cloud_cover": 0.0,
        "name": "B1400011010A7910",
        "thumbnail_url": "https://api.maxar.com/discovery/v1/collections/lg04/items/B1400011010A7910/assets/collections/dg-archive/assets/browse/B1400011010A7910.browse.tif",
        "metadata_url": "https://api.maxar.com/discovery/v1/collections/lg04/items/B1400011010A7910",
        "download_url": null,
        "links": [
          {
            "label": "Vantor Hub（旧MGP Pro）で開く",
            "url": "https://pro.maxar.com"
          }
        ],
        "first_seen": "2026-09-01T21:01:55.948965+00:00"
      }
    },
    {
      "type": "Feature",
      "geometry": {
        "type": "Polygon",
        "coordinates": [
          [
            [
              101.364401,
              36.959555
            ],
            [
              101.486815,
              36.959555
            ],
            [
              101.486815,
              38.023155
            ],
            [
              101.364401,
              38.023155
            ],
            [
              101.364401,
              36.959555
            ]
          ]
        ]
      },
      "properties": {
        "id": "B1400011010A3510",
        "source": "MGP",
        "sensor": "WORLDVIEW-LEGION-04",
        "type": "optical",
        "datetime": "2026-09-01T03:02:16.874748Z",
        "cloud_cover": 0.9273044288236456,
        "name": "B1400011010A3510",
        "thumbnail_url": "https://api.maxar.com/discovery/v1/collections/lg04/items/B1400011010A3510/assets/collections/dg-archive/assets/browse/B1400011010A3510.browse.tif",
        "metadata_url": "https://api.maxar.com/discovery/v1/collections/lg04/items/B1400011010A3510",
        "download_url": null,
        "links": [
          {
            "label": "Vantor Hub（旧MGP Pro）で開く",
            "url": "https://pro.maxar.com"
          }
        ],
        "first_seen": "2026-09-01T21:01:55.948965+00:00"
      }
    },
    {
      "type": "Feature",
      "geometry": {
        "type": "Polygon",
        "coordinates": [
          [
            [
              101.270659,
              36.968397
            ],
            [
              101.401075,
              36.968397
            ],
            [
              101.401075,
              38.026393
            ],
            [
              101.270659,
              38.026393
            ],
            [
              101.270659,
              36.968397
            ]
          ]
        ]
      },
      "properties": {
        "id": "B1400011010A3410",
        "source": "MGP",
        "sensor": "WORLDVIEW-LEGION-04",
        "type": "optical",
        "datetime": "2026-09-01T03:01:45.375364Z",
        "cloud_cover": 1.649705771348769,
        "name": "B1400011010A3410",
        "thumbnail_url": "https://api.maxar.com/discovery/v1/collections/lg04/items/B1400011010A3410/assets/collections/dg-archive/assets/browse/B1400011010A3410.browse.tif",
        "metadata_url": "https://api.maxar.com/discovery/v1/collections/lg04/items/B1400011010A3410",
        "download_url": null,
        "links": [
          {
            "label": "Vantor Hub（旧MGP Pro）で開く",
            "url": "https://pro.maxar.com"
          }
        ],
        "first_seen": "2026-09-01T21:01:55.948965+00:00"
      }
    },
    {
      "type": "Feature",
      "geometry": {
        "type": "Polygon",
        "coordinates": [
          [
            [
              101.085576,
              39.986612
            ],
            [
              101.214094,
              39.986612
            ],
            [
              101.214094,
              40.514776
            ],
            [
              101.085576,
              40.514776
            ],
            [
              101.085576,
              39.986612
            ]
          ]
        ]
      },
      "properties": {
        "id": "B13000110116A010",
        "source": "MGP",
        "sensor": "WORLDVIEW-LEGION-03",
        "type": "optical",
        "datetime": "2026-09-01T01:42:35.874810Z",
        "cloud_cover": 0.0,
        "name": "B13000110116A010",
        "thumbnail_url": "https://api.maxar.com/discovery/v1/collections/lg03/items/B13000110116A010/assets/collections/dg-archive/assets/browse/B13000110116A010.browse.tif",
        "metadata_url": "https://api.maxar.com/discovery/v1/collections/lg03/items/B13000110116A010",
        "download_url": null,
        "links": [
          {
            "label": "Vantor Hub（旧MGP Pro）で開く",
            "url": "https://pro.maxar.com"
          }
        ],
        "first_seen": "2026-09-01T21:01:55.948965+00:00"
      }
    },
    {
      "type": "Feature",
      "geometry": {
        "type": "Polygon",
        "coordinates": [
          [
            [
              98.753797,
              40.983914
            ],
            [
              98.890946,
              40.983914
            ],
            [
              98.890946,
              41.515596
            ],
            [
              98.753797,
              41.515596
            ],
            [
              98.753797,
              40.983914
            ]
          ]
        ]
      },
      "properties": {
        "id": "B130001101171610",
        "source": "MGP",
        "sensor": "WORLDVIEW-LEGION-03",
        "type": "optical",
        "datetime": "2026-09-01T01:41:57.257000Z",
        "cloud_cover": 0.0,
        "name": "B130001101171610",
        "thumbnail_url": "https://api.maxar.com/discovery/v1/collections/lg03/items/B130001101171610/assets/collections/dg-archive/assets/browse/B130001101171610.browse.tif",
        "metadata_url": "https://api.maxar.com/discovery/v1/collections/lg03/items/B130001101171610",
        "download_url": null,
        "links": [
          {
            "label": "Vantor Hub（旧MGP Pro）で開く",
            "url": "https://pro.maxar.com"
          }
        ],
        "first_seen": "2026-09-01T21:01:55.948965+00:00"
      }
    },
    {
      "type": "Feature",
      "geometry": {
        "type": "Polygon",
        "coordinates": [
          [
            [
              110.044296,
              44.840745
            ],
            [
              110.194155,
              44.840745
            ],
            [
              110.194155,
              44.999185
            ],
            [
              110.044296,
              44.999185
            ],
            [
              110.044296,
              44.840745
            ]
          ]
        ]
      },
      "properties": {
        "id": "B160001101D16910",
        "source": "MGP",
        "sensor": "WORLDVIEW-LEGION-06",
        "type": "optical",
        "datetime": "2026-09-01T09:24:21.999592Z",
        "cloud_cover": 0.0,
        "name": "B160001101D16910",
        "thumbnail_url": "https://api.maxar.com/discovery/v1/collections/lg06/items/B160001101D16910/assets/collections/dg-archive/assets/browse/B160001101D16910.browse.tif",
        "metadata_url": "https://api.maxar.com/discovery/v1/collections/lg06/items/B160001101D16910",
        "download_url": null,
        "links": [
          {
            "label": "Vantor Hub（旧MGP Pro）で開く",
            "url": "https://pro.maxar.com"
          }
        ],
        "first_seen": "2026-09-01T21:01:55.948965+00:00"
      }
    },
    {
      "type": "Feature",
      "geometry": {
        "type": "Polygon",
        "coordinates": [
          [
            [
              124.097863,
              40.985381
            ],
            [
              124.233577,
              40.985381
            ],
            [
              124.233577,
              42.017702
            ],
            [
              124.097863,
              42.017702
            ],
            [
              124.097863,
              40.985381
            ]
          ]
        ]
      },
      "properties": {
        "id": "B160001101D16310",
        "source": "MGP",
        "sensor": "WORLDVIEW-LEGION-06",
        "type": "optical",
        "datetime": "2026-09-01T07:47:02.382000Z",
        "cloud_cover": 9.18509162579993,
        "name": "B160001101D16310",
        "thumbnail_url": "https://api.maxar.com/discovery/v1/collections/lg06/items/B160001101D16310/assets/collections/dg-archive/assets/browse/B160001101D16310.browse.tif",
        "metadata_url": "https://api.maxar.com/discovery/v1/collections/lg06/items/B160001101D16310",
        "download_url": null,
        "links": [
          {
            "label": "Vantor Hub（旧MGP Pro）で開く",
            "url": "https://pro.maxar.com"
          }
        ],
        "first_seen": "2026-09-01T21:01:55.948965+00:00"
      }
    },
    {
      "type": "Feature",
      "geometry": {
        "type": "Polygon",
        "coordinates": [
          [
            [
              123.993925,
              40.981755
            ],
            [
              124.123696,
              40.981755
            ],
            [
              124.123696,
              42.013479
            ],
            [
              123.993925,
              42.013479
            ],
            [
              123.993925,
              40.981755
            ]
          ]
        ]
      },
      "properties": {
        "id": "B160001101D16210",
        "source": "MGP",
        "sensor": "WORLDVIEW-LEGION-06",
        "type": "optical",
        "datetime": "2026-09-01T07:46:31.499606Z",
        "cloud_cover": 7.1953054369073675,
        "name": "B160001101D16210",
        "thumbnail_url": "https://api.maxar.com/discovery/v1/collections/lg06/items/B160001101D16210/assets/collections/dg-archive/assets/browse/B160001101D16210.browse.tif",
        "metadata_url": "https://api.maxar.com/discovery/v1/collections/lg06/items/B160001101D16210",
        "download_url": null,
        "links": [
          {
            "label": "Vantor Hub（旧MGP Pro）で開く",
            "url": "https://pro.maxar.com"
          }
        ],
        "first_seen": "2026-09-01T21:01:55.948965+00:00"
      }
    },
    {
      "type": "Feature",
      "geometry": {
        "type": "Polygon",
        "coordinates": [
          [
            [
              118.286288,
              37.983579
            ],
            [
              118.409434,
              37.983579
            ],
            [
              118.409434,
              38.519209
            ],
            [
              118.286288,
              38.519209
            ],
            [
              118.286288,
              37.983579
            ]
          ]
        ]
      },
      "properties": {
        "id": "B160001101D15310",
        "source": "MGP",
        "sensor": "WORLDVIEW-LEGION-06",
        "type": "optical",
        "datetime": "2026-09-01T07:45:39.249706Z",
        "cloud_cover": 0.0,
        "name": "B160001101D15310",
        "thumbnail_url": "https://api.maxar.com/discovery/v1/collections/lg06/items/B160001101D15310/assets/collections/dg-archive/assets/browse/B160001101D15310.browse.tif",
        "metadata_url": "https://api.maxar.com/discovery/v1/collections/lg06/items/B160001101D15310",
        "download_url": null,
        "links": [
          {
            "label": "Vantor Hub（旧MGP Pro）で開く",
            "url": "https://pro.maxar.com"
          }
        ],
        "first_seen": "2026-09-01T21:01:55.948965+00:00"
      }
    },
    {
      "type": "Feature",
      "geometry": {
        "type": "Polygon",
        "coordinates": [
          [
            [
              118.190468,
              37.983629
            ],
            [
              118.310414,
              37.983629
            ],
            [
              118.310414,
              38.51492
            ],
            [
              118.190468,
              38.51492
            ],
            [
              118.190468,
              37.983629
            ]
          ]
        ]
      },
      "properties": {
        "id": "B160001101D15210",
        "source": "MGP",
        "sensor": "WORLDVIEW-LEGION-06",
        "type": "optical",
        "datetime": "2026-09-01T07:45:15.874678Z",
        "cloud_cover": 0.0,
        "name": "B160001101D15210",
        "thumbnail_url": "https://api.maxar.com/discovery/v1/collections/lg06/items/B160001101D15210/assets/collections/dg-archive/assets/browse/B160001101D15210.browse.tif",
        "metadata_url": "https://api.maxar.com/discovery/v1/collections/lg06/items/B160001101D15210",
        "download_url": null,
        "links": [
          {
            "label": "Vantor Hub（旧MGP Pro）で開く",
            "url": "https://pro.maxar.com"
          }
        ],
        "first_seen": "2026-09-01T21:01:55.948965+00:00"
      }
    },
    {
      "type": "Feature",
      "geometry": {
        "type": "Polygon",
        "coordinates": [
          [
            [
              125.146104,
              39.856353
            ],
            [
              125.279667,
              39.856353
            ],
            [
              125.279667,
              39.974754
            ],
            [
              125.146104,
              39.974754
            ],
            [
              125.146104,
              39.856353
            ]
          ]
        ]
      },
      "properties": {
        "id": "B1400011010A7710",
        "source": "MGP",
        "sensor": "WORLDVIEW-LEGION-04",
        "type": "optical",
        "datetime": "2026-09-01T06:26:48.249647Z",
        "cloud_cover": 17.324859460045815,
        "name": "B1400011010A7710",
        "thumbnail_url": "https://api.maxar.com/discovery/v1/collections/lg04/items/B1400011010A7710/assets/collections/dg-archive/assets/browse/B1400011010A7710.browse.tif",
        "metadata_url": "https://api.maxar.com/discovery/v1/collections/lg04/items/B1400011010A7710",
        "download_url": null,
        "links": [
          {
            "label": "Vantor Hub（旧MGP Pro）で開く",
            "url": "https://pro.maxar.com"
          }
        ],
        "first_seen": "2026-09-01T21:01:55.948965+00:00"
      }
    },
    {
      "type": "Feature",
      "geometry": {
        "type": "Polygon",
        "coordinates": [
          [
            [
              124.213226,
              39.977251
            ],
            [
              124.358106,
              39.977251
            ],
            [
              124.358106,
              40.077473
            ],
            [
              124.213226,
              40.077473
            ],
            [
              124.213226,
              39.977251
            ]
          ]
        ]
      },
      "properties": {
        "id": "B1400011010A9010",
        "source": "MGP",
        "sensor": "WORLDVIEW-LEGION-04",
        "type": "optical",
        "datetime": "2026-09-01T06:26:23.124760Z",
        "cloud_cover": 3.9653824660096806,
        "name": "B1400011010A9010",
        "thumbnail_url": "https://api.maxar.com/discovery/v1/collections/lg04/items/B1400011010A9010/assets/collections/dg-archive/assets/browse/B1400011010A9010.browse.tif",
        "metadata_url": "https://api.maxar.com/discovery/v1/collections/lg04/items/B1400011010A9010",
        "download_url": null,
        "links": [
          {
            "label": "Vantor Hub（旧MGP Pro）で開く",
            "url": "https://pro.maxar.com"
          }
        ],
        "first_seen": "2026-09-01T21:01:55.948965+00:00"
      }
    },
    {
      "type": "Feature",
      "geometry": {
        "type": "Polygon",
        "coordinates": [
          [
            [
              125.546909,
              39.568264
            ],
            [
              125.810669,
              39.568264
            ],
            [
              125.810669,
              39.898574
            ],
            [
              125.546909,
              39.898574
            ],
            [
              125.546909,
              39.568264
            ]
          ]
        ]
      },
      "properties": {
        "id": "B1400011010A6E10",
        "source": "MGP",
        "sensor": "WORLDVIEW-LEGION-04",
        "type": "optical",
        "datetime": "2026-09-01T06:25:52.874664Z",
        "cloud_cover": 61.08737032228665,
        "name": "B1400011010A6E10",
        "thumbnail_url": "https://api.maxar.com/discovery/v1/collections/lg04/items/B1400011010A6E10/assets/collections/dg-archive/assets/browse/B1400011010A6E10.browse.tif",
        "metadata_url": "https://api.maxar.com/discovery/v1/collections/lg04/items/B1400011010A6E10",
        "download_url": null,
        "links": [
          {
            "label": "Vantor Hub（旧MGP Pro）で開く",
            "url": "https://pro.maxar.com"
          }
        ],
        "first_seen": "2026-09-01T21:01:55.948965+00:00"
      }
    },
    {
      "type": "Feature",
      "geometry": {
        "type": "Polygon",
        "coordinates": [
          [
            [
              115.881565,
              42.482801
            ],
            [
              116.018571,
              42.482801
            ],
            [
              116.018571,
              43.020577
            ],
            [
              115.881565,
              43.020577
            ],
            [
              115.881565,
              42.482801
            ]
          ]
        ]
      },
      "properties": {
        "id": "B1400011010AD010",
        "source": "MGP",
        "sensor": "WORLDVIEW-LEGION-04",
        "type": "optical",
        "datetime": "2026-09-01T06:24:43.632000Z",
        "cloud_cover": 0.007239536585314425,
        "name": "B1400011010AD010",
        "thumbnail_url": "https://api.maxar.com/discovery/v1/collections/lg04/items/B1400011010AD010/assets/collections/dg-archive/assets/browse/B1400011010AD010.browse.tif",
        "metadata_url": "https://api.maxar.com/discovery/v1/collections/lg04/items/B1400011010AD010",
        "download_url": null,
        "links": [
          {
            "label": "Vantor Hub（旧MGP Pro）で開く",
            "url": "https://pro.maxar.com"
          }
        ],
        "first_seen": "2026-09-01T21:01:55.948965+00:00"
      }
    },
    {
      "type": "Feature",
      "geometry": {
        "type": "Polygon",
        "coordinates": [
          [
            [
              112.063534,
              43.404206
            ],
            [
              112.193179,
              43.404206
            ],
            [
              112.193179,
              43.504839
            ],
            [
              112.063534,
              43.504839
            ],
            [
              112.063534,
              43.404206
            ]
          ]
        ]
      },
      "properties": {
        "id": "B1400011010A8F10",
        "source": "MGP",
        "sensor": "WORLDVIEW-LEGION-04",
        "type": "optical",
        "datetime": "2026-09-01T06:24:04.249661Z",
        "cloud_cover": 0.0,
        "name": "B1400011010A8F10",
        "thumbnail_url": "https://api.maxar.com/discovery/v1/collections/lg04/items/B1400011010A8F10/assets/collections/dg-archive/assets/browse/B1400011010A8F10.browse.tif",
        "metadata_url": "https://api.maxar.com/discovery/v1/collections/lg04/items/B1400011010A8F10",
        "download_url": null,
        "links": [
          {
            "label": "Vantor Hub（旧MGP Pro）で開く",
            "url": "https://pro.maxar.com"
          }
        ],
        "first_seen": "2026-09-01T21:01:55.948965+00:00"
      }
    },
    {
      "type": "Feature",
      "geometry": {
        "type": "Polygon",
        "coordinates": [
          [
            [
              110.048564,
              44.83903
            ],
            [
              110.191101,
              44.83903
            ],
            [
              110.191101,
              44.992544
            ],
            [
              110.048564,
              44.992544
            ],
            [
              110.048564,
              44.83903
            ]
          ]
        ]
      },
      "properties": {
        "id": "B1400011010A7010",
        "source": "MGP",
        "sensor": "WORLDVIEW-LEGION-04",
        "type": "optical",
        "datetime": "2026-09-01T06:23:35.249748Z",
        "cloud_cover": 0.0,
        "name": "B1400011010A7010",
        "thumbnail_url": "https://api.maxar.com/discovery/v1/collections/lg04/items/B1400011010A7010/assets/collections/dg-archive/assets/browse/B1400011010A7010.browse.tif",
        "metadata_url": "https://api.maxar.com/discovery/v1/collections/lg04/items/B1400011010A7010",
        "download_url": null,
        "links": [
          {
            "label": "Vantor Hub（旧MGP Pro）で開く",
            "url": "https://pro.maxar.com"
          }
        ],
        "first_seen": "2026-09-01T21:01:55.948965+00:00"
      }
    },
    {
      "type": "Feature",
      "geometry": {
        "type": "Polygon",
        "coordinates": [
          [
            [
              114.311566,
              37.943529
            ],
            [
              114.523192,
              37.943529
            ],
            [
              114.523192,
              38.11041
            ],
            [
              114.311566,
              38.11041
            ],
            [
              114.311566,
              37.943529
            ]
          ]
        ]
      },
      "properties": {
        "id": "B020001100D91810",
        "source": "MGP",
        "sensor": "WV01",
        "type": "optical",
        "datetime": "2026-09-01T06:20:07.934580Z",
        "cloud_cover": 12.256755217261139,
        "name": "B020001100D91810",
        "thumbnail_url": "https://api.maxar.com/discovery/v1/collections/wv01/items/B020001100D91810/assets/collections/dg-archive/assets/browse/B020001100D91810.browse.tif",
        "metadata_url": "https://api.maxar.com/discovery/v1/collections/wv01/items/B020001100D91810",
        "download_url": null,
        "links": [
          {
            "label": "Vantor Hub（旧MGP Pro）で開く",
            "url": "https://pro.maxar.com"
          }
        ],
        "first_seen": "2026-09-01T21:01:55.948965+00:00"
      }
    },
    {
      "type": "Feature",
      "geometry": {
        "type": "Polygon",
        "coordinates": [
          [
            [
              116.280928,
              39.689143
            ],
            [
              116.554977,
              39.689143
            ],
            [
              116.554977,
              39.902063
            ],
            [
              116.280928,
              39.902063
            ],
            [
              116.280928,
              39.689143
            ]
          ]
        ]
      },
      "properties": {
        "id": "B020001100D91710",
        "source": "MGP",
        "sensor": "WV01",
        "type": "optical",
        "datetime": "2026-09-01T06:19:53.784334Z",
        "cloud_cover": 0.06250394051511775,
        "name": "B020001100D91710",
        "thumbnail_url": "https://api.maxar.com/discovery/v1/collections/wv01/items/B020001100D91710/assets/collections/dg-archive/assets/browse/B020001100D91710.browse.tif",
        "metadata_url": "https://api.maxar.com/discovery/v1/collections/wv01/items/B020001100D91710",
        "download_url": null,
        "links": [
          {
            "label": "Vantor Hub（旧MGP Pro）で開く",
            "url": "https://pro.maxar.com"
          }
        ],
        "first_seen": "2026-09-01T21:01:55.948965+00:00"
      }
    },
    {
      "type": "Feature",
      "geometry": {
        "type": "Polygon",
        "coordinates": [
          [
            [
              116.084856,
              39.931254
            ],
            [
              116.341284,
              39.931254
            ],
            [
              116.341284,
              40.124073
            ],
            [
              116.084856,
              40.124073
            ],
            [
              116.084856,
              39.931254
            ]
          ]
        ]
      },
      "properties": {
        "id": "B020001100D91510",
        "source": "MGP",
        "sensor": "WV01",
        "type": "optical",
        "datetime": "2026-09-01T06:19:43.384087Z",
        "cloud_cover": 0.0025627909408415593,
        "name": "B020001100D91510",
        "thumbnail_url": "https://api.maxar.com/discovery/v1/collections/wv01/items/B020001100D91510/assets/collections/dg-archive/assets/browse/B020001100D91510.browse.tif",
        "metadata_url": "https://api.maxar.com/discovery/v1/collections/wv01/items/B020001100D91510",
        "download_url": null,
        "links": [
          {
            "label": "Vantor Hub（旧MGP Pro）で開く",
            "url": "https://pro.maxar.com"
          }
        ],
        "first_seen": "2026-09-01T21:01:55.948965+00:00"
      }
    },
    {
      "type": "Feature",
      "geometry": {
        "type": "Polygon",
        "coordinates": [
          [
            [
              113.941243,
              41.2267
            ],
            [
              114.17397,
              41.2267
            ],
            [
              114.17397,
              42.778072
            ],
            [
              113.941243,
              42.778072
            ],
            [
              113.941243,
              41.2267
            ]
          ]
        ]
      },
      "properties": {
        "id": "B020001100D91C10",
        "source": "MGP",
        "sensor": "WV01",
        "type": "optical",
        "datetime": "2026-09-01T06:19:19.334507Z",
        "cloud_cover": 0.001157124120400458,
        "name": "B020001100D91C10",
        "thumbnail_url": "https://api.maxar.com/discovery/v1/collections/wv01/items/B020001100D91C10/assets/collections/dg-archive/assets/browse/B020001100D91C10.browse.tif",
        "metadata_url": "https://api.maxar.com/discovery/v1/collections/wv01/items/B020001100D91C10",
        "download_url": null,
        "links": [
          {
            "label": "Vantor Hub（旧MGP Pro）で開く",
            "url": "https://pro.maxar.com"
          }
        ],
        "first_seen": "2026-09-01T21:01:55.948965+00:00"
      }
    },
    {
      "type": "Feature",
      "geometry": {
        "type": "Polygon",
        "coordinates": [
          [
            [
              113.824601,
              41.987681
            ],
            [
              114.043279,
              41.987681
            ],
            [
              114.043279,
              42.509226
            ],
            [
              113.824601,
              42.509226
            ],
            [
              113.824601,
              41.987681
            ]
          ]
        ]
      },
      "properties": {
        "id": "B020001100D91610",
        "source": "MGP",
        "sensor": "WV01",
        "type": "optical",
        "datetime": "2026-09-01T06:19:03.584260Z",
        "cloud_cover": 0.005548424477718909,
        "name": "B020001100D91610",
        "thumbnail_url": "https://api.maxar.com/discovery/v1/collections/wv01/items/B020001100D91610/assets/collections/dg-archive/assets/browse/B020001100D91610.browse.tif",
        "metadata_url": "https://api.maxar.com/discovery/v1/collections/wv01/items/B020001100D91610",
        "download_url": null,
        "links": [
          {
            "label": "Vantor Hub（旧MGP Pro）で開く",
            "url": "https://pro.maxar.com"
          }
        ],
        "first_seen": "2026-09-01T21:01:55.948965+00:00"
      }
    },
    {
      "type": "Feature",
      "geometry": {
        "type": "Polygon",
        "coordinates": [
          [
            [
              113.944765,
              41.232138
            ],
            [
              114.167965,
              41.232138
            ],
            [
              114.167965,
              42.77804
            ],
            [
              113.944765,
              42.77804
            ],
            [
              113.944765,
              41.232138
            ]
          ]
        ]
      },
      "properties": {
        "id": "670e43e1-3b93-4827-9f15-e70655d6e2c8-inv",
        "source": "MGP",
        "sensor": "-",
        "type": "optical",
        "datetime": "2026-09-01T06:18:37.735017Z",
        "cloud_cover": null,
        "name": "670e43e1-3b93-4827-9f15-e70655d6e2c8-inv",
        "thumbnail_url": null,
        "metadata_url": "https://api.maxar.com/discovery/v1/collections/wv01-intrack-stereo/items/670e43e1-3b93-4827-9f15-e70655d6e2c8-inv",
        "download_url": null,
        "links": [
          {
            "label": "Vantor Hub（旧MGP Pro）で開く",
            "url": "https://pro.maxar.com"
          }
        ],
        "first_seen": "2026-09-01T21:01:55.948965+00:00"
      }
    },
    {
      "type": "Feature",
      "geometry": {
        "type": "Polygon",
        "coordinates": [
          [
            [
              113.944405,
              41.232015
            ],
            [
              114.168731,
              41.232015
            ],
            [
              114.168731,
              42.780408
            ],
            [
              113.944405,
              42.780408
            ],
            [
              113.944405,
              41.232015
            ]
          ]
        ]
      },
      "properties": {
        "id": "B020001100D91910",
        "source": "MGP",
        "sensor": "WV01",
        "type": "optical",
        "datetime": "2026-09-01T06:18:37.734349Z",
        "cloud_cover": 0.0,
        "name": "B020001100D91910",
        "thumbnail_url": "https://api.maxar.com/discovery/v1/collections/wv01/items/B020001100D91910/assets/collections/dg-archive/assets/browse/B020001100D91910.browse.tif",
        "metadata_url": "https://api.maxar.com/discovery/v1/collections/wv01/items/B020001100D91910",
        "download_url": null,
        "links": [
          {
            "label": "Vantor Hub（旧MGP Pro）で開く",
            "url": "https://pro.maxar.com"
          }
        ],
        "first_seen": "2026-09-01T21:01:55.948965+00:00"
      }
    },
    {
      "type": "Feature",
      "geometry": {
        "type": "Polygon",
        "coordinates": [
          [
            [
              114.414318,
              44.490652
            ],
            [
              114.641266,
              44.490652
            ],
            [
              114.641266,
              45.01292
            ],
            [
              114.414318,
              45.01292
            ],
            [
              114.414318,
              44.490652
            ]
          ]
        ]
      },
      "properties": {
        "id": "B020001100D91410",
        "source": "MGP",
        "sensor": "WV01",
        "type": "optical",
        "datetime": "2026-09-01T06:18:22.334437Z",
        "cloud_cover": 24.933234743650452,
        "name": "B020001100D91410",
        "thumbnail_url": "https://api.maxar.com/discovery/v1/collections/wv01/items/B020001100D91410/assets/collections/dg-archive/assets/browse/B020001100D91410.browse.tif",
        "metadata_url": "https://api.maxar.com/discovery/v1/collections/wv01/items/B020001100D91410",
        "download_url": null,
        "links": [
          {
            "label": "Vantor Hub（旧MGP Pro）で開く",
            "url": "https://pro.maxar.com"
          }
        ],
        "first_seen": "2026-09-01T21:01:55.948965+00:00"
      }
    },
    {
      "type": "Feature",
      "geometry": {
        "type": "Polygon",
        "coordinates": [
          [
            [
              117.443437,
              46.966816
            ],
            [
              117.72597,
              46.966816
            ],
            [
              117.72597,
              47.761253
            ],
            [
              117.443437,
              47.761253
            ],
            [
              117.443437,
              46.966816
            ]
          ]
        ]
      },
      "properties": {
        "id": "B020001100D91310",
        "source": "MGP",
        "sensor": "WV01",
        "type": "optical",
        "datetime": "2026-09-01T06:18:01.834526Z",
        "cloud_cover": 3.002910614279205,
        "name": "B020001100D91310",
        "thumbnail_url": "https://api.maxar.com/discovery/v1/collections/wv01/items/B020001100D91310/assets/collections/dg-archive/assets/browse/B020001100D91310.browse.tif",
        "metadata_url": "https://api.maxar.com/discovery/v1/collections/wv01/items/B020001100D91310",
        "download_url": null,
        "links": [
          {
            "label": "Vantor Hub（旧MGP Pro）で開く",
            "url": "https://pro.maxar.com"
          }
        ],
        "first_seen": "2026-09-01T21:01:55.948965+00:00"
      }
    },
    {
      "type": "Feature",
      "geometry": {
        "type": "Polygon",
        "coordinates": [
          [
            [
              117.217171,
              46.983886
            ],
            [
              117.484204,
              46.983886
            ],
            [
              117.484204,
              47.74799
            ],
            [
              117.217171,
              47.74799
            ],
            [
              117.217171,
              46.983886
            ]
          ]
        ]
      },
      "properties": {
        "id": "B020001100D90F10",
        "source": "MGP",
        "sensor": "WV01",
        "type": "optical",
        "datetime": "2026-09-01T06:17:49.934280Z",
        "cloud_cover": 0.5489072984929847,
        "name": "B020001100D90F10",
        "thumbnail_url": "https://api.maxar.com/discovery/v1/collections/wv01/items/B020001100D90F10/assets/collections/dg-archive/assets/browse/B020001100D90F10.browse.tif",
        "metadata_url": "https://api.maxar.com/discovery/v1/collections/wv01/items/B020001100D90F10",
        "download_url": null,
        "links": [
          {
            "label": "Vantor Hub（旧MGP Pro）で開く",
            "url": "https://pro.maxar.com"
          }
        ],
        "first_seen": "2026-09-01T21:01:55.948965+00:00"
      }
    },
    {
      "type": "Feature",
      "geometry": {
        "type": "Polygon",
        "coordinates": [
          [
            [
              117.011481,
              46.992389
            ],
            [
              117.253842,
              46.992389
            ],
            [
              117.253842,
              47.736257
            ],
            [
              117.011481,
              47.736257
            ],
            [
              117.011481,
              46.992389
            ]
          ]
        ]
      },
      "properties": {
        "id": "B020001100D91210",
        "source": "MGP",
        "sensor": "WV01",
        "type": "optical",
        "datetime": "2026-09-01T06:17:37.784365Z",
        "cloud_cover": 0.587253091711718,
        "name": "B020001100D91210",
        "thumbnail_url": "https://api.maxar.com/discovery/v1/collections/wv01/items/B020001100D91210/assets/collections/dg-archive/assets/browse/B020001100D91210.browse.tif",
        "metadata_url": "https://api.maxar.com/discovery/v1/collections/wv01/items/B020001100D91210",
        "download_url": null,
        "links": [
          {
            "label": "Vantor Hub（旧MGP Pro）で開く",
            "url": "https://pro.maxar.com"
          }
        ],
        "first_seen": "2026-09-01T21:01:55.948965+00:00"
      }
    },
    {
      "type": "Feature",
      "geometry": {
        "type": "Polygon",
        "coordinates": [
          [
            [
              116.92344,
              49.469519
            ],
            [
              117.209551,
              49.469519
            ],
            [
              117.209551,
              51.035218
            ],
            [
              116.92344,
              51.035218
            ],
            [
              116.92344,
              49.469519
            ]
          ]
        ]
      },
      "properties": {
        "id": "B020001100D91110",
        "source": "MGP",
        "sensor": "WV01",
        "type": "optical",
        "datetime": "2026-09-01T06:17:15.284454Z",
        "cloud_cover": 4.466601831034733,
        "name": "B020001100D91110",
        "thumbnail_url": "https://api.maxar.com/discovery/v1/collections/wv01/items/B020001100D91110/assets/collections/dg-archive/assets/browse/B020001100D91110.browse.tif",
        "metadata_url": "https://api.maxar.com/discovery/v1/collections/wv01/items/B020001100D91110",
        "download_url": null,
        "links": [
          {
            "label": "Vantor Hub（旧MGP Pro）で開く",
            "url": "https://pro.maxar.com"
          }
        ],
        "first_seen": "2026-09-01T21:01:55.948965+00:00"
      }
    },
    {
      "type": "Feature",
      "geometry": {
        "type": "Polygon",
        "coordinates": [
          [
            [
              115.669483,
              50.80821
            ],
            [
              115.941443,
              50.80821
            ],
            [
              115.941443,
              50.994602
            ],
            [
              115.669483,
              50.994602
            ],
            [
              115.669483,
              50.80821
            ]
          ]
        ]
      },
      "properties": {
        "id": "B020001100D90C10",
        "source": "MGP",
        "sensor": "WV01",
        "type": "optical",
        "datetime": "2026-09-01T06:16:59.984206Z",
        "cloud_cover": 28.26614451960994,
        "name": "B020001100D90C10",
        "thumbnail_url": "https://api.maxar.com/discovery/v1/collections/wv01/items/B020001100D90C10/assets/collections/dg-archive/assets/browse/B020001100D90C10.browse.tif",
        "metadata_url": "https://api.maxar.com/discovery/v1/collections/wv01/items/B020001100D90C10",
        "download_url": null,
        "links": [
          {
            "label": "Vantor Hub（旧MGP Pro）で開く",
            "url": "https://pro.maxar.com"
          }
        ],
        "first_seen": "2026-09-01T21:01:55.948965+00:00"
      }
    },
    {
      "type": "Feature",
      "geometry": {
        "type": "Polygon",
        "coordinates": [
          [
            [
              116.935645,
              49.482409
            ],
            [
              117.194495,
              49.482409
            ],
            [
              117.194495,
              51.028919
            ],
            [
              116.935645,
              51.028919
            ],
            [
              116.935645,
              49.482409
            ]
          ]
        ]
      },
      "properties": {
        "id": "B020001100D91010",
        "source": "MGP",
        "sensor": "WV01",
        "type": "optical",
        "datetime": "2026-09-01T06:16:26.084295Z",
        "cloud_cover": 4.147909513293102,
        "name": "B020001100D91010",
        "thumbnail_url": "https://api.maxar.com/discovery/v1/collections/wv01/items/B020001100D91010/assets/collections/dg-archive/assets/browse/B020001100D91010.browse.tif",
        "metadata_url": "https://api.maxar.com/discovery/v1/collections/wv01/items/B020001100D91010",
        "download_url": null,
        "links": [
          {
            "label": "Vantor Hub（旧MGP Pro）で開く",
            "url": "https://pro.maxar.com"
          }
        ],
        "first_seen": "2026-09-01T21:01:55.948965+00:00"
      }
    },
    {
      "type": "Feature",
      "geometry": {
        "type": "Polygon",
        "coordinates": [
          [
            [
              116.935645,
              49.482409
            ],
            [
              117.194495,
              49.482409
            ],
            [
              117.194495,
              51.028919
            ],
            [
              116.935645,
              51.028919
            ],
            [
              116.935645,
              49.482409
            ]
          ]
        ]
      },
      "properties": {
        "id": "e8ed6833-9339-4011-9c19-29a6f0dc36f0-inv",
        "source": "MGP",
        "sensor": "-",
        "type": "optical",
        "datetime": "2026-09-01T06:16:26.084295Z",
        "cloud_cover": null,
        "name": "e8ed6833-9339-4011-9c19-29a6f0dc36f0-inv",
        "thumbnail_url": null,
        "metadata_url": "https://api.maxar.com/discovery/v1/collections/wv01-intrack-stereo/items/e8ed6833-9339-4011-9c19-29a6f0dc36f0-inv",
        "download_url": null,
        "links": [
          {
            "label": "Vantor Hub（旧MGP Pro）で開く",
            "url": "https://pro.maxar.com"
          }
        ],
        "first_seen": "2026-09-01T21:01:55.948965+00:00"
      }
    },
    {
      "type": "Feature",
      "geometry": {
        "type": "Polygon",
        "coordinates": [
          [
            [
              115.266968,
              50.832528
            ],
            [
              115.583641,
              50.832528
            ],
            [
              115.583641,
              51.069019
            ],
            [
              115.266968,
              51.069019
            ],
            [
              115.266968,
              50.832528
            ]
          ]
        ]
      },
      "properties": {
        "id": "B020001100D90B10",
        "source": "MGP",
        "sensor": "WV01",
        "type": "optical",
        "datetime": "2026-09-01T06:16:08.784383Z",
        "cloud_cover": 2.7721398103902817,
        "name": "B020001100D90B10",
        "thumbnail_url": "https://api.maxar.com/discovery/v1/collections/wv01/items/B020001100D90B10/assets/collections/dg-archive/assets/browse/B020001100D90B10.browse.tif",
        "metadata_url": "https://api.maxar.com/discovery/v1/collections/wv01/items/B020001100D90B10",
        "download_url": null,
        "links": [
          {
            "label": "Vantor Hub（旧MGP Pro）で開く",
            "url": "https://pro.maxar.com"
          }
        ],
        "first_seen": "2026-09-01T21:01:55.948965+00:00"
      }
    },
    {
      "type": "Feature",
      "geometry": {
        "type": "Polygon",
        "coordinates": [
          [
            [
              122.682055,
              47.793987
            ],
            [
              122.850577,
              47.793987
            ],
            [
              122.850577,
              47.926274
            ],
            [
              122.682055,
              47.926274
            ],
            [
              122.682055,
              47.793987
            ]
          ]
        ]
      },
      "properties": {
        "id": "B1400011010A8D10",
        "source": "MGP",
        "sensor": "WORLDVIEW-LEGION-04",
        "type": "optical",
        "datetime": "2026-09-01T04:46:22.999773Z",
        "cloud_cover": 74.50087140682565,
        "name": "B1400011010A8D10",
        "thumbnail_url": "https://api.maxar.com/discovery/v1/collections/lg04/items/B1400011010A8D10/assets/collections/dg-archive/assets/browse/B1400011010A8D10.browse.tif",
        "metadata_url": "https://api.maxar.com/discovery/v1/collections/lg04/items/B1400011010A8D10",
        "download_url": null,
        "links": [
          {
            "label": "Vantor Hub（旧MGP Pro）で開く",
            "url": "https://pro.maxar.com"
          }
        ],
        "first_seen": "2026-09-01T21:01:55.948965+00:00"
      }
    },
    {
      "type": "Feature",
      "geometry": {
        "type": "Polygon",
        "coordinates": [
          [
            [
              110.043938,
              44.841389
            ],
            [
              110.195634,
              44.841389
            ],
            [
              110.195634,
              44.986744
            ],
            [
              110.043938,
              44.986744
            ],
            [
              110.043938,
              44.841389
            ]
          ]
        ]
      },
      "properties": {
        "id": "B1400011010A5210",
        "source": "MGP",
        "sensor": "WORLDVIEW-LEGION-04",
        "type": "optical",
        "datetime": "2026-09-01T04:44:37.249779Z",
        "cloud_cover": 0.0,
        "name": "B1400011010A5210",
        "thumbnail_url": "https://api.maxar.com/discovery/v1/collections/lg04/items/B1400011010A5210/assets/collections/dg-archive/assets/browse/B1400011010A5210.browse.tif",
        "metadata_url": "https://api.maxar.com/discovery/v1/collections/lg04/items/B1400011010A5210",
        "download_url": null,
        "links": [
          {
            "label": "Vantor Hub（旧MGP Pro）で開く",
            "url": "https://pro.maxar.com"
          }
        ],
        "first_seen": "2026-09-01T21:01:55.948965+00:00"
      }
    },
    {
      "type": "Feature",
      "geometry": {
        "type": "Polygon",
        "coordinates": [
          [
            [
              112.180165,
              46.480059
            ],
            [
              112.346945,
              46.480059
            ],
            [
              112.346945,
              47.028718
            ],
            [
              112.180165,
              47.028718
            ],
            [
              112.180165,
              46.480059
            ]
          ]
        ]
      },
      "properties": {
        "id": "B1400011010A8410",
        "source": "MGP",
        "sensor": "WORLDVIEW-LEGION-04",
        "type": "optical",
        "datetime": "2026-09-01T04:44:02.999737Z",
        "cloud_cover": 0.13658138951987067,
        "name": "B1400011010A8410",
        "thumbnail_url": "https://api.maxar.com/discovery/v1/collections/lg04/items/B1400011010A8410/assets/collections/dg-archive/assets/browse/B1400011010A8410.browse.tif",
        "metadata_url": "https://api.maxar.com/discovery/v1/collections/lg04/items/B1400011010A8410",
        "download_url": null,
        "links": [
          {
            "label": "Vantor Hub（旧MGP Pro）で開く",
            "url": "https://pro.maxar.com"
          }
        ],
        "first_seen": "2026-09-01T21:01:55.948965+00:00"
      }
    },
    {
      "type": "Feature",
      "geometry": {
        "type": "Polygon",
        "coordinates": [
          [
            [
              114.607534,
              37.470701
            ],
            [
              114.727186,
              37.470701
            ],
            [
              114.727186,
              38.02466
            ],
            [
              114.607534,
              38.02466
            ],
            [
              114.607534,
              37.470701
            ]
          ]
        ]
      },
      "properties": {
        "id": "B1200011011CEE10",
        "source": "MGP",
        "sensor": "WORLDVIEW-LEGION-02",
        "type": "optical",
        "datetime": "2026-09-01T03:28:30.757000Z",
        "cloud_cover": 5.700727189163477,
        "name": "B1200011011CEE10",
        "thumbnail_url": "https://api.maxar.com/discovery/v1/collections/lg02/items/B1200011011CEE10/assets/collections/dg-archive/assets/browse/B1200011011CEE10.browse.tif",
        "metadata_url": "https://api.maxar.com/discovery/v1/collections/lg02/items/B1200011011CEE10",
        "download_url": null,
        "links": [
          {
            "label": "Vantor Hub（旧MGP Pro）で開く",
            "url": "https://pro.maxar.com"
          }
        ],
        "first_seen": "2026-09-01T21:01:55.948965+00:00"
      }
    },
    {
      "type": "Feature",
      "geometry": {
        "type": "Polygon",
        "coordinates": [
          [
            [
              110.00938,
              44.8406
            ],
            [
              110.229967,
              44.8406
            ],
            [
              110.229967,
              44.993906
            ],
            [
              110.00938,
              44.993906
            ],
            [
              110.00938,
              44.8406
            ]
          ]
        ]
      },
      "properties": {
        "id": "B050001100687710",
        "source": "MGP",
        "sensor": "GE01",
        "type": "optical",
        "datetime": "2026-09-01T03:28:25.285396Z",
        "cloud_cover": 0.0,
        "name": "B050001100687710",
        "thumbnail_url": "https://api.maxar.com/discovery/v1/collections/ge01/items/B050001100687710/assets/collections/dg-archive/assets/browse/B050001100687710.browse.tif",
        "metadata_url": "https://api.maxar.com/discovery/v1/collections/ge01/items/B050001100687710",
        "download_url": null,
        "links": [
          {
            "label": "Vantor Hub（旧MGP Pro）で開く",
            "url": "https://pro.maxar.com"
          }
        ],
        "first_seen": "2026-09-01T21:01:55.948965+00:00"
      }
    },
    {
      "type": "Feature",
      "geometry": {
        "type": "Polygon",
        "coordinates": [
          [
            [
              116.681042,
              39.622098
            ],
            [
              116.812881,
              39.622098
            ],
            [
              116.812881,
              40.368871
            ],
            [
              116.681042,
              40.368871
            ],
            [
              116.681042,
              39.622098
            ]
          ]
        ]
      },
      "properties": {
        "id": "B1200011011CEF10",
        "source": "MGP",
        "sensor": "WORLDVIEW-LEGION-02",
        "type": "optical",
        "datetime": "2026-09-01T03:27:39.007000Z",
        "cloud_cover": 0.0,
        "name": "B1200011011CEF10",
        "thumbnail_url": "https://api.maxar.com/discovery/v1/collections/lg02/items/B1200011011CEF10/assets/collections/dg-archive/assets/browse/B1200011011CEF10.browse.tif",
        "metadata_url": "https://api.maxar.com/discovery/v1/collections/lg02/items/B1200011011CEF10",
        "download_url": null,
        "links": [
          {
            "label": "Vantor Hub（旧MGP Pro）で開く",
            "url": "https://pro.maxar.com"
          }
        ],
        "first_seen": "2026-09-01T21:01:55.948965+00:00"
      }
    },
    {
      "type": "Feature",
      "geometry": {
        "type": "Polygon",
        "coordinates": [
          [
            [
              110.778782,
              48.478808
            ],
            [
              111.03128,
              48.478808
            ],
            [
              111.03128,
              49.024937
            ],
            [
              110.778782,
              49.024937
            ],
            [
              110.778782,
              48.478808
            ]
          ]
        ]
      },
      "properties": {
        "id": "B050001100688810",
        "source": "MGP",
        "sensor": "GE01",
        "type": "optical",
        "datetime": "2026-09-01T03:27:23.485731Z",
        "cloud_cover": 0.0,
        "name": "B050001100688810",
        "thumbnail_url": "https://api.maxar.com/discovery/v1/collections/ge01/items/B050001100688810/assets/collections/dg-archive/assets/browse/B050001100688810.browse.tif",
        "metadata_url": "https://api.maxar.com/discovery/v1/collections/ge01/items/B050001100688810",
        "download_url": null,
        "links": [
          {
            "label": "Vantor Hub（旧MGP Pro）で開く",
            "url": "https://pro.maxar.com"
          }
        ],
        "first_seen": "2026-09-01T21:01:55.948965+00:00"
      }
    },
    {
      "type": "Feature",
      "geometry": {
        "type": "Polygon",
        "coordinates": [
          [
            [
              116.58151,
              39.608996
            ],
            [
              116.709016,
              39.608996
            ],
            [
              116.709016,
              40.360348
            ],
            [
              116.58151,
              40.360348
            ],
            [
              116.58151,
              39.608996
            ]
          ]
        ]
      },
      "properties": {
        "id": "B1200011011CED10",
        "source": "MGP",
        "sensor": "WORLDVIEW-LEGION-02",
        "type": "optical",
        "datetime": "2026-09-01T03:27:09.757000Z",
        "cloud_cover": 0.013229974470400871,
        "name": "B1200011011CED10",
        "thumbnail_url": "https://api.maxar.com/discovery/v1/collections/lg02/items/B1200011011CED10/assets/collections/dg-archive/assets/browse/B1200011011CED10.browse.tif",
        "metadata_url": "https://api.maxar.com/discovery/v1/collections/lg02/items/B1200011011CED10",
        "download_url": null,
        "links": [
          {
            "label": "Vantor Hub（旧MGP Pro）で開く",
            "url": "https://pro.maxar.com"
          }
        ],
        "first_seen": "2026-09-01T21:01:55.948965+00:00"
      }
    },
    {
      "type": "Feature",
      "geometry": {
        "type": "Polygon",
        "coordinates": [
          [
            [
              116.463511,
              41.093718
            ],
            [
              116.59174,
              41.093718
            ],
            [
              116.59174,
              41.19736
            ],
            [
              116.463511,
              41.19736
            ],
            [
              116.463511,
              41.093718
            ]
          ]
        ]
      },
      "properties": {
        "id": "B1200011011D9710",
        "source": "MGP",
        "sensor": "WORLDVIEW-LEGION-02",
        "type": "optical",
        "datetime": "2026-09-01T03:26:54.382000Z",
        "cloud_cover": 0.3827808767486938,
        "name": "B1200011011D9710",
        "thumbnail_url": "https://api.maxar.com/discovery/v1/collections/lg02/items/B1200011011D9710/assets/collections/dg-archive/assets/browse/B1200011011D9710.browse.tif",
        "metadata_url": "https://api.maxar.com/discovery/v1/collections/lg02/items/B1200011011D9710",
        "download_url": null,
        "links": [
          {
            "label": "Vantor Hub（旧MGP Pro）で開く",
            "url": "https://pro.maxar.com"
          }
        ],
        "first_seen": "2026-09-01T21:01:55.948965+00:00"
      }
    },
    {
      "type": "Feature",
      "geometry": {
        "type": "Polygon",
        "coordinates": [
          [
            [
              110.927623,
              48.464989
            ],
            [
              111.195531,
              48.464989
            ],
            [
              111.195531,
              49.017487
            ],
            [
              110.927623,
              49.017487
            ],
            [
              110.927623,
              48.464989
            ]
          ]
        ]
      },
      "properties": {
        "id": "B050001100688710",
        "source": "MGP",
        "sensor": "GE01",
        "type": "optical",
        "datetime": "2026-09-01T03:26:24.685244Z",
        "cloud_cover": 0.0,
        "name": "B050001100688710",
        "thumbnail_url": "https://api.maxar.com/discovery/v1/collections/ge01/items/B050001100688710/assets/collections/dg-archive/assets/browse/B050001100688710.browse.tif",
        "metadata_url": "https://api.maxar.com/discovery/v1/collections/ge01/items/B050001100688710",
        "download_url": null,
        "links": [
          {
            "label": "Vantor Hub（旧MGP Pro）で開く",
            "url": "https://pro.maxar.com"
          }
        ],
        "first_seen": "2026-09-01T21:01:55.948965+00:00"
      }
    },
    {
      "type": "Feature",
      "geometry": {
        "type": "Polygon",
        "coordinates": [
          [
            [
              115.266962,
              42.972861
            ],
            [
              115.408969,
              42.972861
            ],
            [
              115.408969,
              44.522412
            ],
            [
              115.266962,
              44.522412
            ],
            [
              115.266962,
              42.972861
            ]
          ]
        ]
      },
      "properties": {
        "id": "B1200011011CF610",
        "source": "MGP",
        "sensor": "WORLDVIEW-LEGION-02",
        "type": "optical",
        "datetime": "2026-09-01T03:26:08.382000Z",
        "cloud_cover": 4.903357516170273,
        "name": "B1200011011CF610",
        "thumbnail_url": "https://api.maxar.com/discovery/v1/collections/lg02/items/B1200011011CF610/assets/collections/dg-archive/assets/browse/B1200011011CF610.browse.tif",
        "metadata_url": "https://api.maxar.com/discovery/v1/collections/lg02/items/B1200011011CF610",
        "download_url": null,
        "links": [
          {
            "label": "Vantor Hub（旧MGP Pro）で開く",
            "url": "https://pro.maxar.com"
          }
        ],
        "first_seen": "2026-09-01T21:01:55.948965+00:00"
      }
    },
    {
      "type": "Feature",
      "geometry": {
        "type": "Polygon",
        "coordinates": [
          [
            [
              118.48404,
              49.472081
            ],
            [
              118.631388,
              49.472081
            ],
            [
              118.631388,
              50.015821
            ],
            [
              118.48404,
              50.015821
            ],
            [
              118.48404,
              49.472081
            ]
          ]
        ]
      },
      "properties": {
        "id": "B1200011011CE110",
        "source": "MGP",
        "sensor": "WORLDVIEW-LEGION-02",
        "type": "optical",
        "datetime": "2026-09-01T03:25:19.257000Z",
        "cloud_cover": 10.854179854788823,
        "name": "B1200011011CE110",
        "thumbnail_url": "https://api.maxar.com/discovery/v1/collections/lg02/items/B1200011011CE110/assets/collections/dg-archive/assets/browse/B1200011011CE110.browse.tif",
        "metadata_url": "https://api.maxar.com/discovery/v1/collections/lg02/items/B1200011011CE110",
        "download_url": null,
        "links": [
          {
            "label": "Vantor Hub（旧MGP Pro）で開く",
            "url": "https://pro.maxar.com"
          }
        ],
        "first_seen": "2026-09-01T21:01:55.948965+00:00"
      }
    },
    {
      "type": "Feature",
      "geometry": {
        "type": "Polygon",
        "coordinates": [
          [
            [
              120.975806,
              50.982624
            ],
            [
              121.136571,
              50.982624
            ],
            [
              121.136571,
              51.52638
            ],
            [
              120.975806,
              51.52638
            ],
            [
              120.975806,
              50.982624
            ]
          ]
        ]
      },
      "properties": {
        "id": "B1200011011CDF10",
        "source": "MGP",
        "sensor": "WORLDVIEW-LEGION-02",
        "type": "optical",
        "datetime": "2026-09-01T03:24:36.507000Z",
        "cloud_cover": 94.72566959266024,
        "name": "B1200011011CDF10",
        "thumbnail_url": "https://api.maxar.com/discovery/v1/collections/lg02/items/B1200011011CDF10/assets/collections/dg-archive/assets/browse/B1200011011CDF10.browse.tif",
        "metadata_url": "https://api.maxar.com/discovery/v1/collections/lg02/items/B1200011011CDF10",
        "download_url": null,
        "links": [
          {
            "label": "Vantor Hub（旧MGP Pro）で開く",
            "url": "https://pro.maxar.com"
          }
        ],
        "first_seen": "2026-09-01T21:01:55.948965+00:00"
      }
    },
    {
      "type": "Feature",
      "geometry": {
        "type": "Polygon",
        "coordinates": [
          [
            [
              121.10013,
              50.970737
            ],
            [
              121.259032,
              50.970737
            ],
            [
              121.259032,
              51.521126
            ],
            [
              121.10013,
              51.521126
            ],
            [
              121.10013,
              50.970737
            ]
          ]
        ]
      },
      "properties": {
        "id": "B1200011011CDE10",
        "source": "MGP",
        "sensor": "WORLDVIEW-LEGION-02",
        "type": "optical",
        "datetime": "2026-09-01T03:24:10.382000Z",
        "cloud_cover": 96.3679530067228,
        "name": "B1200011011CDE10",
        "thumbnail_url": "https://api.maxar.com/discovery/v1/collections/lg02/items/B1200011011CDE10/assets/collections/dg-archive/assets/browse/B1200011011CDE10.browse.tif",
        "metadata_url": "https://api.maxar.com/discovery/v1/collections/lg02/items/B1200011011CDE10",
        "download_url": null,
        "links": [
          {
            "label": "Vantor Hub（旧MGP Pro）で開く",
            "url": "https://pro.maxar.com"
          }
        ],
        "first_seen": "2026-09-01T21:01:55.948965+00:00"
      }
    },
    {
      "type": "Feature",
      "geometry": {
        "type": "Polygon",
        "coordinates": [
          [
            [
              121.699174,
              42.984818
            ],
            [
              121.827249,
              42.984818
            ],
            [
              121.827249,
              43.512694
            ],
            [
              121.699174,
              43.512694
            ],
            [
              121.699174,
              42.984818
            ]
          ]
        ]
      },
      "properties": {
        "id": "B1400011010A4910",
        "source": "MGP",
        "sensor": "WORLDVIEW-LEGION-04",
        "type": "optical",
        "datetime": "2026-09-01T03:06:47.499784Z",
        "cloud_cover": 0.023344536220635374,
        "name": "B1400011010A4910",
        "thumbnail_url": "https://api.maxar.com/discovery/v1/collections/lg04/items/B1400011010A4910/assets/collections/dg-archive/assets/browse/B1400011010A4910.browse.tif",
        "metadata_url": "https://api.maxar.com/discovery/v1/collections/lg04/items/B1400011010A4910",
        "download_url": null,
        "links": [
          {
            "label": "Vantor Hub（旧MGP Pro）で開く",
            "url": "https://pro.maxar.com"
          }
        ],
        "first_seen": "2026-09-01T21:01:55.948965+00:00"
      }
    },
    {
      "type": "Feature",
      "geometry": {
        "type": "Polygon",
        "coordinates": [
          [
            [
              120.193414,
              41.976971
            ],
            [
              120.325678,
              41.976971
            ],
            [
              120.325678,
              42.52416
            ],
            [
              120.193414,
              42.52416
            ],
            [
              120.193414,
              41.976971
            ]
          ]
        ]
      },
      "properties": {
        "id": "B1400011010A4710",
        "source": "MGP",
        "sensor": "WORLDVIEW-LEGION-04",
        "type": "optical",
        "datetime": "2026-09-01T03:06:12.499738Z",
        "cloud_cover": 1.5621432974655662,
        "name": "B1400011010A4710",
        "thumbnail_url": "https://api.maxar.com/discovery/v1/collections/lg04/items/B1400011010A4710/assets/collections/dg-archive/assets/browse/B1400011010A4710.browse.tif",
        "metadata_url": "https://api.maxar.com/discovery/v1/collections/lg04/items/B1400011010A4710",
        "download_url": null,
        "links": [
          {
            "label": "Vantor Hub（旧MGP Pro）で開く",
            "url": "https://pro.maxar.com"
          }
        ],
        "first_seen": "2026-09-01T21:01:55.948965+00:00"
      }
    },
    {
      "type": "Feature",
      "geometry": {
        "type": "Polygon",
        "coordinates": [
          [
            [
              118.290855,
              41.982871
            ],
            [
              118.428874,
              41.982871
            ],
            [
              118.428874,
              42.517638
            ],
            [
              118.290855,
              42.517638
            ],
            [
              118.290855,
              41.982871
            ]
          ]
        ]
      },
      "properties": {
        "id": "B1400011010A8210",
        "source": "MGP",
        "sensor": "WORLDVIEW-LEGION-04",
        "type": "optical",
        "datetime": "2026-09-01T03:05:37.132000Z",
        "cloud_cover": 0.5500325001926513,
        "name": "B1400011010A8210",
        "thumbnail_url": "https://api.maxar.com/discovery/v1/collections/lg04/items/B1400011010A8210/assets/collections/dg-archive/assets/browse/B1400011010A8210.browse.tif",
        "metadata_url": "https://api.maxar.com/discovery/v1/collections/lg04/items/B1400011010A8210",
        "download_url": null,
        "links": [
          {
            "label": "Vantor Hub（旧MGP Pro）で開く",
            "url": "https://pro.maxar.com"
          }
        ],
        "first_seen": "2026-09-01T21:01:55.948965+00:00"
      }
    },
    {
      "type": "Feature",
      "geometry": {
        "type": "Polygon",
        "coordinates": [
          [
            [
              114.109163,
              40.979141
            ],
            [
              114.239704,
              40.979141
            ],
            [
              114.239704,
              41.515257
            ],
            [
              114.109163,
              41.515257
            ],
            [
              114.109163,
              40.979141
            ]
          ]
        ]
      },
      "properties": {
        "id": "B1400011010A3210",
        "source": "MGP",
        "sensor": "WORLDVIEW-LEGION-04",
        "type": "optical",
        "datetime": "2026-09-01T03:04:50.624824Z",
        "cloud_cover": 0.0026143762760752697,
        "name": "B1400011010A3210",
        "thumbnail_url": "https://api.maxar.com/discovery/v1/collections/lg04/items/B1400011010A3210/assets/collections/dg-archive/assets/browse/B1400011010A3210.browse.tif",
        "metadata_url": "https://api.maxar.com/discovery/v1/collections/lg04/items/B1400011010A3210",
        "download_url": null,
        "links": [
          {
            "label": "Vantor Hub（旧MGP Pro）で開く",
            "url": "https://pro.maxar.com"
          }
        ],
        "first_seen": "2026-09-01T21:01:55.948965+00:00"
      }
    },
    {
      "type": "Feature",
      "geometry": {
        "type": "Polygon",
        "coordinates": [
          [
            [
              109.700631,
              40.983024
            ],
            [
              109.822011,
              40.983024
            ],
            [
              109.822011,
              41.515073
            ],
            [
              109.700631,
              41.515073
            ],
            [
              109.700631,
              40.983024
            ]
          ]
        ]
      },
      "properties": {
        "id": "B1400011010A7C10",
        "source": "MGP",
        "sensor": "WORLDVIEW-LEGION-04",
        "type": "optical",
        "datetime": "2026-09-01T03:04:04.882000Z",
        "cloud_cover": 0.0018618138930832473,
        "name": "B1400011010A7C10",
        "thumbnail_url": "https://api.maxar.com/discovery/v1/collections/lg04/items/B1400011010A7C10/assets/collections/dg-archive/assets/browse/B1400011010A7C10.browse.tif",
        "metadata_url": "https://api.maxar.com/discovery/v1/collections/lg04/items/B1400011010A7C10",
        "download_url": null,
        "links": [
          {
            "label": "Vantor Hub（旧MGP Pro）で開く",
            "url": "https://pro.maxar.com"
          }
        ],
        "first_seen": "2026-09-01T21:01:55.948965+00:00"
      }
    },
    {
      "type": "Feature",
      "geometry": {
        "type": "Polygon",
        "coordinates": [
          [
            [
              109.590431,
              40.980868
            ],
            [
              109.727373,
              40.980868
            ],
            [
              109.727373,
              41.515562
            ],
            [
              109.590431,
              41.515562
            ],
            [
              109.590431,
              40.980868
            ]
          ]
        ]
      },
      "properties": {
        "id": "B1400011010A6010",
        "source": "MGP",
        "sensor": "WORLDVIEW-LEGION-04",
        "type": "optical",
        "datetime": "2026-09-01T03:03:41.499700Z",
        "cloud_cover": 0.0,
        "name": "B1400011010A6010",
        "thumbnail_url": "https://api.maxar.com/discovery/v1/collections/lg04/items/B1400011010A6010/assets/collections/dg-archive/assets/browse/B1400011010A6010.browse.tif",
        "metadata_url": "https://api.maxar.com/discovery/v1/collections/lg04/items/B1400011010A6010",
        "download_url": null,
        "links": [
          {
            "label": "Vantor Hub（旧MGP Pro）で開く",
            "url": "https://pro.maxar.com"
          }
        ],
        "first_seen": "2026-09-01T21:01:55.948965+00:00"
      }
    },
    {
      "type": "Feature",
      "geometry": {
        "type": "Polygon",
        "coordinates": [
          [
            [
              122.286398,
              49.480297
            ],
            [
              122.492045,
              49.480297
            ],
            [
              122.492045,
              49.765563
            ],
            [
              122.286398,
              49.765563
            ],
            [
              122.286398,
              49.480297
            ]
          ]
        ]
      },
      "properties": {
        "id": "B04000110090D610",
        "source": "MGP",
        "sensor": "WV03",
        "type": "optical",
        "datetime": "2026-09-01T03:02:39.907458Z",
        "cloud_cover": 93.88607805805562,
        "name": "B04000110090D610",
        "thumbnail_url": "https://api.maxar.com/discovery/v1/collections/wv03-vnir/items/B04000110090D610/assets/collections/dg-archive/assets/browse/B04000110090D610.browse.tif",
        "metadata_url": "https://api.maxar.com/discovery/v1/collections/wv03-vnir/items/B04000110090D610",
        "download_url": null,
        "links": [
          {
            "label": "Vantor Hub（旧MGP Pro）で開く",
            "url": "https://pro.maxar.com"
          }
        ],
        "first_seen": "2026-09-01T21:01:55.948965+00:00"
      }
    },
    {
      "type": "Feature",
      "geometry": {
        "type": "Polygon",
        "coordinates": [
          [
            [
              124.680965,
              49.457373
            ],
            [
              124.893291,
              49.457373
            ],
            [
              124.893291,
              50.015342
            ],
            [
              124.680965,
              50.015342
            ],
            [
              124.680965,
              49.457373
            ]
          ]
        ]
      },
      "properties": {
        "id": "B040001100911110",
        "source": "MGP",
        "sensor": "WV03",
        "type": "optical",
        "datetime": "2026-09-01T03:01:46.658816Z",
        "cloud_cover": 91.04709737725548,
        "name": "B040001100911110",
        "thumbnail_url": "https://api.maxar.com/discovery/v1/collections/wv03-vnir/items/B040001100911110/assets/collections/dg-archive/assets/browse/B040001100911110.browse.tif",
        "metadata_url": "https://api.maxar.com/discovery/v1/collections/wv03-vnir/items/B040001100911110",
        "download_url": null,
        "links": [
          {
            "label": "Vantor Hub（旧MGP Pro）で開く",
            "url": "https://pro.maxar.com"
          }
        ],
        "first_seen": "2026-09-01T21:01:55.948965+00:00"
      }
    },
    {
      "type": "Feature",
      "geometry": {
        "type": "Polygon",
        "coordinates": [
          [
            [
              124.495267,
              49.471728
            ],
            [
              124.706551,
              49.471728
            ],
            [
              124.706551,
              50.042201
            ],
            [
              124.495267,
              50.042201
            ],
            [
              124.495267,
              49.471728
            ]
          ]
        ]
      },
      "properties": {
        "id": "B040001100910610",
        "source": "MGP",
        "sensor": "WV03",
        "type": "optical",
        "datetime": "2026-09-01T03:01:31.109258Z",
        "cloud_cover": 98.10569459148857,
        "name": "B040001100910610",
        "thumbnail_url": "https://api.maxar.com/discovery/v1/collections/wv03-vnir/items/B040001100910610/assets/collections/dg-archive/assets/browse/B040001100910610.browse.tif",
        "metadata_url": "https://api.maxar.com/discovery/v1/collections/wv03-vnir/items/B040001100910610",
        "download_url": null,
        "links": [
          {
            "label": "Vantor Hub（旧MGP Pro）で開く",
            "url": "https://pro.maxar.com"
          }
        ],
        "first_seen": "2026-09-01T21:01:55.948965+00:00"
      }
    },
    {
      "type": "Feature",
      "geometry": {
        "type": "Polygon",
        "coordinates": [
          [
            [
              125.171536,
              51.977456
            ],
            [
              125.389046,
              51.977456
            ],
            [
              125.389046,
              52.539163
            ],
            [
              125.171536,
              52.539163
            ],
            [
              125.171536,
              51.977456
            ]
          ]
        ]
      },
      "properties": {
        "id": "B040001100911010",
        "source": "MGP",
        "sensor": "WV03",
        "type": "optical",
        "datetime": "2026-09-01T03:00:46.758990Z",
        "cloud_cover": 85.09645390070922,
        "name": "B040001100911010",
        "thumbnail_url": "https://api.maxar.com/discovery/v1/collections/wv03-vnir/items/B040001100911010/assets/collections/dg-archive/assets/browse/B040001100911010.browse.tif",
        "metadata_url": "https://api.maxar.com/discovery/v1/collections/wv03-vnir/items/B040001100911010",
        "download_url": null,
        "links": [
          {
            "label": "Vantor Hub（旧MGP Pro）で開く",
            "url": "https://pro.maxar.com"
          }
        ],
        "first_seen": "2026-09-01T21:01:55.948965+00:00"
      }
    },
    {
      "type": "Feature",
      "geometry": {
        "type": "Polygon",
        "coordinates": [
          [
            [
              125.081838,
              39.742979
            ],
            [
              125.338179,
              39.742979
            ],
            [
              125.338179,
              39.984309
            ],
            [
              125.081838,
              39.984309
            ],
            [
              125.081838,
              39.742979
            ]
          ]
        ]
      },
      "properties": {
        "id": "B030001100DA9B10",
        "source": "MGP",
        "sensor": "WV02",
        "type": "optical",
        "datetime": "2026-09-01T02:34:49.359553Z",
        "cloud_cover": 24.232755568570763,
        "name": "B030001100DA9B10",
        "thumbnail_url": "https://api.maxar.com/discovery/v1/collections/wv02/items/B030001100DA9B10/assets/collections/dg-archive/assets/browse/B030001100DA9B10.browse.tif",
        "metadata_url": "https://api.maxar.com/discovery/v1/collections/wv02/items/B030001100DA9B10",
        "download_url": null,
        "links": [
          {
            "label": "Vantor Hub（旧MGP Pro）で開く",
            "url": "https://pro.maxar.com"
          }
        ],
        "first_seen": "2026-09-01T21:01:55.948965+00:00"
      }
    },
    {
      "type": "Feature",
      "geometry": {
        "type": "Polygon",
        "coordinates": [
          [
            [
              125.741464,
              39.067541
            ],
            [
              125.87269,
              39.067541
            ],
            [
              125.87269,
              39.184694
            ],
            [
              125.741464,
              39.184694
            ],
            [
              125.741464,
              39.067541
            ]
          ]
        ]
      },
      "properties": {
        "id": "B1400011010A1410",
        "source": "MGP",
        "sensor": "WORLDVIEW-LEGION-04",
        "type": "optical",
        "datetime": "2026-09-01T01:27:53.374744Z",
        "cloud_cover": 99.32758441300294,
        "name": "B1400011010A1410",
        "thumbnail_url": "https://api.maxar.com/discovery/v1/collections/lg04/items/B1400011010A1410/assets/collections/dg-archive/assets/browse/B1400011010A1410.browse.tif",
        "metadata_url": "https://api.maxar.com/discovery/v1/collections/lg04/items/B1400011010A1410",
        "download_url": null,
        "links": [
          {
            "label": "Vantor Hub（旧MGP Pro）で開く",
            "url": "https://pro.maxar.com"
          }
        ],
        "first_seen": "2026-09-01T21:01:55.948965+00:00"
      }
    },
    {
      "type": "Feature",
      "geometry": {
        "type": "Polygon",
        "coordinates": [
          [
            [
              125.781103,
              39.17869
            ],
            [
              125.898813,
              39.17869
            ],
            [
              125.898813,
              39.284823
            ],
            [
              125.781103,
              39.284823
            ],
            [
              125.781103,
              39.17869
            ]
          ]
        ]
      },
      "properties": {
        "id": "B1400011010A1A10",
        "source": "MGP",
        "sensor": "WORLDVIEW-LEGION-04",
        "type": "optical",
        "datetime": "2026-09-01T01:27:31.874747Z",
        "cloud_cover": 98.73662900654136,
        "name": "B1400011010A1A10",
        "thumbnail_url": "https://api.maxar.com/discovery/v1/collections/lg04/items/B1400011010A1A10/assets/collections/dg-archive/assets/browse/B1400011010A1A10.browse.tif",
        "metadata_url": "https://api.maxar.com/discovery/v1/collections/lg04/items/B1400011010A1A10",
        "download_url": null,
        "links": [
          {
            "label": "Vantor Hub（旧MGP Pro）で開く",
            "url": "https://pro.maxar.com"
          }
        ],
        "first_seen": "2026-09-01T21:01:55.948965+00:00"
      }
    },
    {
      "type": "Feature",
      "geometry": {
        "type": "Polygon",
        "coordinates": [
          [
            [
              125.744245,
              39.06549
            ],
            [
              125.870087,
              39.06549
            ],
            [
              125.870087,
              39.189745
            ],
            [
              125.744245,
              39.189745
            ],
            [
              125.744245,
              39.06549
            ]
          ]
        ]
      },
      "properties": {
        "id": "B1400011010A1310",
        "source": "MGP",
        "sensor": "WORLDVIEW-LEGION-04",
        "type": "optical",
        "datetime": "2026-09-01T01:27:07.249787Z",
        "cloud_cover": 99.52767152856032,
        "name": "B1400011010A1310",
        "thumbnail_url": "https://api.maxar.com/discovery/v1/collections/lg04/items/B1400011010A1310/assets/collections/dg-archive/assets/browse/B1400011010A1310.browse.tif",
        "metadata_url": "https://api.maxar.com/discovery/v1/collections/lg04/items/B1400011010A1310",
        "download_url": null,
        "links": [
          {
            "label": "Vantor Hub（旧MGP Pro）で開く",
            "url": "https://pro.maxar.com"
          }
        ],
        "first_seen": "2026-09-01T21:01:55.948965+00:00"
      }
    },
    {
      "type": "Feature",
      "geometry": {
        "type": "Polygon",
        "coordinates": [
          [
            [
              125.744245,
              39.067596
            ],
            [
              125.870038,
              39.067596
            ],
            [
              125.870038,
              39.184687
            ],
            [
              125.744245,
              39.184687
            ],
            [
              125.744245,
              39.067596
            ]
          ]
        ]
      },
      "properties": {
        "id": "e985fbd3-aaf1-404c-a7d5-587b4b52bd8c-inv",
        "source": "MGP",
        "sensor": "-",
        "type": "optical",
        "datetime": "2026-09-01T01:27:07.249787Z",
        "cloud_cover": null,
        "name": "e985fbd3-aaf1-404c-a7d5-587b4b52bd8c-inv",
        "thumbnail_url": null,
        "metadata_url": "https://api.maxar.com/discovery/v1/collections/lg04-intrack-stereo/items/e985fbd3-aaf1-404c-a7d5-587b4b52bd8c-inv",
        "download_url": null,
        "links": [
          {
            "label": "Vantor Hub（旧MGP Pro）で開く",
            "url": "https://pro.maxar.com"
          }
        ],
        "first_seen": "2026-09-01T21:01:55.948965+00:00"
      }
    },
    {
      "type": "Feature",
      "geometry": {
        "type": "Polygon",
        "coordinates": [
          [
            [
              119.520861,
              36.980531
            ],
            [
              119.644477,
              36.980531
            ],
            [
              119.644477,
              37.519777
            ],
            [
              119.520861,
              37.519777
            ],
            [
              119.520861,
              36.980531
            ]
          ]
        ]
      },
      "properties": {
        "id": "B1400011010A2110",
        "source": "MGP",
        "sensor": "WORLDVIEW-LEGION-04",
        "type": "optical",
        "datetime": "2026-09-01T01:26:09.249738Z",
        "cloud_cover": 0.010074695676212529,
        "name": "B1400011010A2110",
        "thumbnail_url": "https://api.maxar.com/discovery/v1/collections/lg04/items/B1400011010A2110/assets/collections/dg-archive/assets/browse/B1400011010A2110.browse.tif",
        "metadata_url": "https://api.maxar.com/discovery/v1/collections/lg04/items/B1400011010A2110",
        "download_url": null,
        "links": [
          {
            "label": "Vantor Hub（旧MGP Pro）で開く",
            "url": "https://pro.maxar.com"
          }
        ],
        "first_seen": "2026-09-01T21:01:55.948965+00:00"
      }
    },
    {
      "type": "Feature",
      "geometry": {
        "type": "Polygon",
        "coordinates": [
          [
            [
              125.205189,
              39.951722
            ],
            [
              125.399261,
              39.951722
            ],
            [
              125.399261,
              40.122878
            ],
            [
              125.205189,
              40.122878
            ],
            [
              125.205189,
              39.951722
            ]
          ]
        ]
      },
      "properties": {
        "id": "B130001101167B10",
        "source": "MGP",
        "sensor": "WORLDVIEW-LEGION-03",
        "type": "optical",
        "datetime": "2026-09-01T00:09:01.999791Z",
        "cloud_cover": 0.0,
        "name": "B130001101167B10",
        "thumbnail_url": "https://api.maxar.com/discovery/v1/collections/lg03/items/B130001101167B10/assets/collections/dg-archive/assets/browse/B130001101167B10.browse.tif",
        "metadata_url": "https://api.maxar.com/discovery/v1/collections/lg03/items/B130001101167B10",
        "download_url": null,
        "links": [
          {
            "label": "Vantor Hub（旧MGP Pro）で開く",
            "url": "https://pro.maxar.com"
          }
        ],
        "first_seen": "2026-09-01T21:01:55.948965+00:00"
      }
    },
    {
      "type": "Feature",
      "geometry": {
        "type": "Polygon",
        "coordinates": [
          [
            [
              122.602581,
              39.483102
            ],
            [
              122.727432,
              39.483102
            ],
            [
              122.727432,
              40.020856
            ],
            [
              122.602581,
              40.020856
            ],
            [
              122.602581,
              39.483102
            ]
          ]
        ]
      },
      "properties": {
        "id": "B130001101168110",
        "source": "MGP",
        "sensor": "WORLDVIEW-LEGION-03",
        "type": "optical",
        "datetime": "2026-09-01T00:07:23.999799Z",
        "cloud_cover": 0.0,
        "name": "B130001101168110",
        "thumbnail_url": "https://api.maxar.com/discovery/v1/collections/lg03/items/B130001101168110/assets/collections/dg-archive/assets/browse/B130001101168110.browse.tif",
        "metadata_url": "https://api.maxar.com/discovery/v1/collections/lg03/items/B130001101168110",
        "download_url": null,
        "links": [
          {
            "label": "Vantor Hub（旧MGP Pro）で開く",
            "url": "https://pro.maxar.com"
          }
        ],
        "first_seen": "2026-09-01T21:01:55.948965+00:00"
      }
    },
    {
      "type": "Feature",
      "geometry": {
        "type": "Polygon",
        "coordinates": [
          [
            [
              121.010232,
              40.668594
            ],
            [
              121.138206,
              40.668594
            ],
            [
              121.138206,
              40.823872
            ],
            [
              121.010232,
              40.823872
            ],
            [
              121.010232,
              40.668594
            ]
          ]
        ]
      },
      "properties": {
        "id": "B130001101167810",
        "source": "MGP",
        "sensor": "WORLDVIEW-LEGION-03",
        "type": "optical",
        "datetime": "2026-09-01T00:06:50.499789Z",
        "cloud_cover": 0.0,
        "name": "B130001101167810",
        "thumbnail_url": "https://api.maxar.com/discovery/v1/collections/lg03/items/B130001101167810/assets/collections/dg-archive/assets/browse/B130001101167810.browse.tif",
        "metadata_url": "https://api.maxar.com/discovery/v1/collections/lg03/items/B130001101167810",
        "download_url": null,
        "links": [
          {
            "label": "Vantor Hub（旧MGP Pro）で開く",
            "url": "https://pro.maxar.com"
          }
        ],
        "first_seen": "2026-09-01T21:01:55.948965+00:00"
      }
    },
    {
      "type": "Feature",
      "geometry": {
        "type": "Polygon",
        "coordinates": [
          [
            [
              120.889888,
              40.662089
            ],
            [
              121.034653,
              40.662089
            ],
            [
              121.034653,
              40.836646
            ],
            [
              120.889888,
              40.836646
            ],
            [
              120.889888,
              40.662089
            ]
          ]
        ]
      },
      "properties": {
        "id": "B130001101167710",
        "source": "MGP",
        "sensor": "WORLDVIEW-LEGION-03",
        "type": "optical",
        "datetime": "2026-09-01T00:06:33.874815Z",
        "cloud_cover": 0.03219164415994208,
        "name": "B130001101167710",
        "thumbnail_url": "https://api.maxar.com/discovery/v1/collections/lg03/items/B130001101167710/assets/collections/dg-archive/assets/browse/B130001101167710.browse.tif",
        "metadata_url": "https://api.maxar.com/discovery/v1/collections/lg03/items/B130001101167710",
        "download_url": null,
        "links": [
          {
            "label": "Vantor Hub（旧MGP Pro）で開く",
            "url": "https://pro.maxar.com"
          }
        ],
        "first_seen": "2026-09-01T21:01:55.948965+00:00"
      }
    },
    {
      "type": "Feature",
      "geometry": {
        "type": "Polygon",
        "coordinates": [
          [
            [
              110.048807,
              44.842753
            ],
            [
              110.18984,
              44.842753
            ],
            [
              110.18984,
              44.995825
            ],
            [
              110.048807,
              44.995825
            ],
            [
              110.048807,
              44.842753
            ]
          ]
        ]
      },
      "properties": {
        "id": "B130001101167910",
        "source": "MGP",
        "sensor": "WORLDVIEW-LEGION-03",
        "type": "optical",
        "datetime": "2026-09-01T00:04:59.999678Z",
        "cloud_cover": 0.15006588869570447,
        "name": "B130001101167910",
        "thumbnail_url": "https://api.maxar.com/discovery/v1/collections/lg03/items/B130001101167910/assets/collections/dg-archive/assets/browse/B130001101167910.browse.tif",
        "metadata_url": "https://api.maxar.com/discovery/v1/collections/lg03/items/B130001101167910",
        "download_url": null,
        "links": [
          {
            "label": "Vantor Hub（旧MGP Pro）で開く",
            "url": "https://pro.maxar.com"
          }
        ],
        "first_seen": "2026-09-01T21:01:55.948965+00:00"
      }
    }
  ]
}