{
  "type": "FeatureCollection",
  "generated_at": "2026-08-18T10:14:25.604649+00:00",
  "count": 100,
  "features": [
    {
      "type": "Feature",
      "geometry": {
        "type": "Polygon",
        "coordinates": [
          [
            [
              43.197506,
              42.268467
            ],
            [
              44.09948,
              40.920612
            ],
            [
              44.95949,
              39.56417
            ],
            [
              45.780796,
              38.199936
            ],
            [
              46.566032,
              36.828487
            ],
            [
              47.317806,
              35.450333
            ],
            [
              48.038246,
              34.066048
            ],
            [
              48.72958,
              32.67604
            ],
            [
              49.39348,
              31.280624
            ],
            [
              50.032112,
              29.880518
            ],
            [
              50.646572,
              28.475664
            ],
            [
              51.23854,
              27.06659
            ],
            [
              51.809795,
              25.653742
            ],
            [
              52.032402,
              25.087444
            ],
            [
              52.115402,
              25.12715
            ],
            [
              53.644363,
              25.844393
            ],
            [
              56.169807,
              26.96155
            ],
            [
              57.779552,
              27.619452
            ],
            [
              59.246426,
              28.173298
            ],
            [
              60.3271,
              28.549059
            ],
            [
              61.413166,
              28.896252
            ],
            [
              62.276585,
              29.149342
            ],
            [
              63.20001,
              29.397078
            ],
            [
              63.97537,
              29.586805
            ],
            [
              64.77433,
              29.765066
            ],
            [
              64.8469,
              29.780401
            ],
            [
              65.614265,
              29.93392
            ],
            [
              66.51819,
              30.09482
            ],
            [
              67.35304,
              30.224735
            ],
            [
              68.38759,
              30.361774
            ],
            [
              69.39735,
              30.471441
            ],
            [
              70.730736,
              30.583164
            ],
            [
              72.134445,
              30.665216
            ],
            [
              74.18075,
              30.73095
            ],
            [
              76.656456,
              30.742914
            ],
            [
              78.78843,
              30.70597
            ],
            [
              78.59874,
              32.155296
            ],
            [
              78.41599,
              33.604065
            ],
            [
              78.24015,
              35.052254
            ],
            [
              78.072075,
              36.5
            ],
            [
              77.91155,
              37.946987
            ],
            [
              77.75894,
              39.39346
            ],
            [
              77.615036,
              40.839172
            ],
            [
              77.48002,
              42.28418
            ],
            [
              77.35466,
              43.72854
            ],
            [
              77.23931,
              45.17203
            ],
            [
              77.13456,
              46.614708
            ],
            [
              77.041595,
              48.05658
            ],
            [
              77.0082,
              48.63313
            ],
            [
              76.88446,
              48.641876
            ],
            [
              74.41284,
              48.78687
            ],
            [
              70.724045,
              48.8908
            ],
            [
              68.39022,
              48.877747
            ],
            [
              66.290436,
              48.804848
            ],
            [
              64.766685,
              48.710556
            ],
            [
              63.259804,
              48.579086
            ],
            [
              62.081604,
              48.447655
            ],
            [
              60.842422,
              48.28064
            ],
            [
              59.819332,
              48.119568
            ],
            [
              58.782112,
              47.934113
            ],
            [
              58.68877,
              47.916306
            ],
            [
              57.71058,
              47.71835
            ],
            [
              56.579136,
              47.462955
            ],
            [
              55.554085,
              47.20636
            ],
            [
              54.309917,
              46.861874
            ],
            [
              53.122356,
              46.49886
            ],
            [
              51.592007,
              45.98218
            ],
            [
              50.022873,
              45.397026
            ],
            [
              47.80106,
              44.478138
            ],
            [
              45.19578,
              43.27586
            ],
            [
              43.197506,
              42.268467
            ]
          ]
        ]
      },
      "properties": {
        "id": "10e226d3-38b5-4ba9-b80f-67358564f184",
        "source": "Copernicus",
        "sensor": "S5P",
        "type": "optical",
        "datetime": "2026-08-18T09:01:44.000000Z",
        "cloud_cover": null,
        "name": "S5P_NRTI_L2__CLOUD__20260818T090149_20260818T090649_45839_03_020800_20260818T092936.nc",
        "links": [
          {
            "label": "OData詳細",
            "url": "https://catalogue.dataspace.copernicus.eu/odata/v1/Products(10e226d3-38b5-4ba9-b80f-67358564f184)"
          },
          {
            "label": "Copernicus Browserで開く",
            "url": "https://browser.dataspace.copernicus.eu/?zoom=8&product=S5P_NRTI_L2__CLOUD__20260818T090149_20260818T090649_45839_03_020800_20260818T092936.nc"
          }
        ],
        "first_seen": "2026-08-18T10:14:17.015380+00:00"
      }
    },
    {
      "type": "Feature",
      "geometry": {
        "type": "Polygon",
        "coordinates": [
          [
            [
              43.360943,
              41.93387
            ],
            [
              44.253616,
              40.5845
            ],
            [
              45.105038,
              39.22667
            ],
            [
              45.918407,
              37.861176
            ],
            [
              46.69629,
              36.48858
            ],
            [
              47.44124,
              35.109367
            ],
            [
              48.155342,
              33.724117
            ],
            [
              48.84077,
              32.33322
            ],
            [
              49.49917,
              30.93698
            ],
            [
              50.132668,
              29.53612
            ],
            [
              50.742325,
              28.13056
            ],
            [
              51.32979,
              26.720829
            ],
            [
              51.89682,
              25.307379
            ],
            [
              52.117775,
              24.74094
            ],
            [
              52.444622,
              24.906988
            ],
            [
              54.800064,
              26.062624
            ],
            [
              56.988064,
              27.05836
            ],
            [
              58.24801,
              27.588684
            ],
            [
              59.631947,
              28.127071
            ],
            [
              60.523373,
              28.44619
            ],
            [
              61.58316,
              28.794855
            ],
            [
              62.311165,
              29.014235
            ],
            [
              63.22398,
              29.2658
            ],
            [
              63.881638,
              29.43092
            ],
            [
              64.742874,
              29.627054
            ],
            [
              65.389755,
              29.759645
            ],
            [
              66.27225,
              29.920557
            ],
            [
              66.96307,
              30.030756
            ],
            [
              67.947205,
              30.164555
            ],
            [
              68.75388,
              30.254763
            ],
            [
              69.96394,
              30.359575
            ],
            [
              71.01553,
              30.423794
            ],
            [
              72.71145,
              30.482384
            ],
            [
              74.32595,
              30.495464
            ],
            [
              77.31066,
              30.435205
            ],
            [
              78.67594,
              30.378176
            ],
            [
              78.48233,
              31.828014
            ],
            [
              78.29544,
              33.277313
            ],
            [
              78.11521,
              34.726048
            ],
            [
              77.94247,
              36.17435
            ],
            [
              77.776985,
              37.621914
            ],
            [
              77.61909,
              39.068985
            ],
            [
              77.46953,
              40.515316
            ],
            [
              77.32847,
              41.96096
            ],
            [
              77.196625,
              43.405987
            ],
            [
              77.07432,
              44.850174
            ],
            [
              76.962074,
              46.293583
            ],
            [
              76.86101,
              47.736214
            ],
            [
              76.824196,
              48.31298
            ],
            [
              76.34869,
              48.353436
            ],
            [
              72.90006,
              48.58047
            ],
            [
              69.69428,
              48.676502
            ],
            [
              67.86407,
              48.67348
            ],
            [
              65.87929,
              48.614563
            ],
            [
              64.619896,
              48.54329
            ],
            [
              63.14627,
              48.422787
            ],
            [
              62.150562,
              48.317036
            ],
            [
              60.9226,
              48.158024
            ],
            [
              60.05257,
              48.025505
            ],
            [
              58.932255,
              47.82976
            ],
            [
              58.105137,
              47.66657
            ],
            [
              56.996742,
              47.422153
            ],
            [
              56.14514,
              47.213707
            ],
            [
              54.95604,
              46.89166
            ],
            [
              54.001873,
              46.606575
            ],
            [
              52.6034,
              46.145554
            ],
            [
              51.41762,
              45.71497
            ],
            [
              49.55617,
              44.968567
            ],
            [
              47.83342,
              44.205677
            ],
            [
              44.744423,
              42.679157
            ],
            [
              43.360943,
              41.93387
            ]
          ]
        ]
      },
      "properties": {
        "id": "5a201227-d34c-4de4-a1ff-16ad3d05f73e",
        "source": "Copernicus",
        "sensor": "S5P",
        "type": "optical",
        "datetime": "2026-08-18T09:01:44.000000Z",
        "cloud_cover": null,
        "name": "S5P_NRTI_L2__CO_____20260818T090149_20260818T090649_45839_03_020901_20260818T092935.nc",
        "links": [
          {
            "label": "OData詳細",
            "url": "https://catalogue.dataspace.copernicus.eu/odata/v1/Products(5a201227-d34c-4de4-a1ff-16ad3d05f73e)"
          },
          {
            "label": "Copernicus Browserで開く",
            "url": "https://browser.dataspace.copernicus.eu/?zoom=8&product=S5P_NRTI_L2__CO_____20260818T090149_20260818T090649_45839_03_020901_20260818T092935.nc"
          }
        ],
        "first_seen": "2026-08-18T10:14:17.015380+00:00"
      }
    },
    {
      "type": "Feature",
      "geometry": {
        "type": "Polygon",
        "coordinates": [
          [
            [
              43.197506,
              42.268467
            ],
            [
              44.09948,
              40.920612
            ],
            [
              44.95949,
              39.56417
            ],
            [
              45.780796,
              38.199936
            ],
            [
              46.566032,
              36.828487
            ],
            [
              47.317806,
              35.450333
            ],
            [
              48.038246,
              34.066048
            ],
            [
              48.72958,
              32.67604
            ],
            [
              49.39348,
              31.280624
            ],
            [
              50.032112,
              29.880518
            ],
            [
              50.646572,
              28.475664
            ],
            [
              51.23854,
              27.06659
            ],
            [
              51.809795,
              25.653742
            ],
            [
              52.032402,
              25.087444
            ],
            [
              52.115402,
              25.12715
            ],
            [
              53.644363,
              25.844393
            ],
            [
              56.169807,
              26.96155
            ],
            [
              57.779552,
              27.619452
            ],
            [
              59.246426,
              28.173298
            ],
            [
              60.3271,
              28.549059
            ],
            [
              61.413166,
              28.896252
            ],
            [
              62.276585,
              29.149342
            ],
            [
              63.20001,
              29.397078
            ],
            [
              63.97537,
              29.586805
            ],
            [
              64.77433,
              29.765066
            ],
            [
              64.8469,
              29.780401
            ],
            [
              65.614265,
              29.93392
            ],
            [
              66.51819,
              30.09482
            ],
            [
              67.35304,
              30.224735
            ],
            [
              68.38759,
              30.361774
            ],
            [
              69.39735,
              30.471441
            ],
            [
              70.730736,
              30.583164
            ],
            [
              72.134445,
              30.665216
            ],
            [
              74.18075,
              30.73095
            ],
            [
              76.656456,
              30.742914
            ],
            [
              78.78843,
              30.70597
            ],
            [
              78.59874,
              32.155296
            ],
            [
              78.41599,
              33.604065
            ],
            [
              78.24015,
              35.052254
            ],
            [
              78.072075,
              36.5
            ],
            [
              77.91155,
              37.946987
            ],
            [
              77.75894,
              39.39346
            ],
            [
              77.615036,
              40.839172
            ],
            [
              77.48002,
              42.28418
            ],
            [
              77.35466,
              43.72854
            ],
            [
              77.23931,
              45.17203
            ],
            [
              77.13456,
              46.614708
            ],
            [
              77.041595,
              48.05658
            ],
            [
              77.0082,
              48.63313
            ],
            [
              76.88446,
              48.641876
            ],
            [
              74.41284,
              48.78687
            ],
            [
              70.724045,
              48.8908
            ],
            [
              68.39022,
              48.877747
            ],
            [
              66.290436,
              48.804848
            ],
            [
              64.766685,
              48.710556
            ],
            [
              63.259804,
              48.579086
            ],
            [
              62.081604,
              48.447655
            ],
            [
              60.842422,
              48.28064
            ],
            [
              59.819332,
              48.119568
            ],
            [
              58.782112,
              47.934113
            ],
            [
              58.68877,
              47.916306
            ],
            [
              57.71058,
              47.71835
            ],
            [
              56.579136,
              47.462955
            ],
            [
              55.554085,
              47.20636
            ],
            [
              54.309917,
              46.861874
            ],
            [
              53.122356,
              46.49886
            ],
            [
              51.592007,
              45.98218
            ],
            [
              50.022873,
              45.397026
            ],
            [
              47.80106,
              44.478138
            ],
            [
              45.19578,
              43.27586
            ],
            [
              43.197506,
              42.268467
            ]
          ]
        ]
      },
      "properties": {
        "id": "6a3b520c-3ffe-4123-a463-d28c2979ad1b",
        "source": "Copernicus",
        "sensor": "S5P",
        "type": "optical",
        "datetime": "2026-08-18T09:01:44.000000Z",
        "cloud_cover": null,
        "name": "S5P_NRTI_L2__SO2____20260818T090149_20260818T090649_45839_03_020800_20260818T093722.nc",
        "links": [
          {
            "label": "OData詳細",
            "url": "https://catalogue.dataspace.copernicus.eu/odata/v1/Products(6a3b520c-3ffe-4123-a463-d28c2979ad1b)"
          },
          {
            "label": "Copernicus Browserで開く",
            "url": "https://browser.dataspace.copernicus.eu/?zoom=8&product=S5P_NRTI_L2__SO2____20260818T090149_20260818T090649_45839_03_020800_20260818T093722.nc"
          }
        ],
        "first_seen": "2026-08-18T10:14:17.015380+00:00"
      }
    },
    {
      "type": "Feature",
      "geometry": {
        "type": "Polygon",
        "coordinates": [
          [
            [
              43.197506,
              42.268467
            ],
            [
              44.09948,
              40.920612
            ],
            [
              44.95949,
              39.56417
            ],
            [
              45.780796,
              38.199936
            ],
            [
              46.566032,
              36.828487
            ],
            [
              47.317806,
              35.450333
            ],
            [
              48.038246,
              34.066048
            ],
            [
              48.72958,
              32.67604
            ],
            [
              49.39348,
              31.280624
            ],
            [
              50.032112,
              29.880518
            ],
            [
              50.646572,
              28.475664
            ],
            [
              51.23854,
              27.06659
            ],
            [
              51.809795,
              25.653742
            ],
            [
              52.032402,
              25.087444
            ],
            [
              52.115402,
              25.12715
            ],
            [
              53.644363,
              25.844393
            ],
            [
              56.169807,
              26.96155
            ],
            [
              57.779552,
              27.619452
            ],
            [
              59.246426,
              28.173298
            ],
            [
              60.3271,
              28.549059
            ],
            [
              61.413166,
              28.896252
            ],
            [
              62.276585,
              29.149342
            ],
            [
              63.20001,
              29.397078
            ],
            [
              63.97537,
              29.586805
            ],
            [
              64.77433,
              29.765066
            ],
            [
              64.8469,
              29.780401
            ],
            [
              65.614265,
              29.93392
            ],
            [
              66.51819,
              30.09482
            ],
            [
              67.35304,
              30.224735
            ],
            [
              68.38759,
              30.361774
            ],
            [
              69.39735,
              30.471441
            ],
            [
              70.730736,
              30.583164
            ],
            [
              72.134445,
              30.665216
            ],
            [
              74.18075,
              30.73095
            ],
            [
              76.656456,
              30.742914
            ],
            [
              78.78843,
              30.70597
            ],
            [
              78.59874,
              32.155296
            ],
            [
              78.41599,
              33.604065
            ],
            [
              78.24015,
              35.052254
            ],
            [
              78.072075,
              36.5
            ],
            [
              77.91155,
              37.946987
            ],
            [
              77.75894,
              39.39346
            ],
            [
              77.615036,
              40.839172
            ],
            [
              77.48002,
              42.28418
            ],
            [
              77.35466,
              43.72854
            ],
            [
              77.23931,
              45.17203
            ],
            [
              77.13456,
              46.614708
            ],
            [
              77.041595,
              48.05658
            ],
            [
              77.0082,
              48.63313
            ],
            [
              76.88446,
              48.641876
            ],
            [
              74.41284,
              48.78687
            ],
            [
              70.724045,
              48.8908
            ],
            [
              68.39022,
              48.877747
            ],
            [
              66.290436,
              48.804848
            ],
            [
              64.766685,
              48.710556
            ],
            [
              63.259804,
              48.579086
            ],
            [
              62.081604,
              48.447655
            ],
            [
              60.842422,
              48.28064
            ],
            [
              59.819332,
              48.119568
            ],
            [
              58.782112,
              47.934113
            ],
            [
              58.68877,
              47.916306
            ],
            [
              57.71058,
              47.71835
            ],
            [
              56.579136,
              47.462955
            ],
            [
              55.554085,
              47.20636
            ],
            [
              54.309917,
              46.861874
            ],
            [
              53.122356,
              46.49886
            ],
            [
              51.592007,
              45.98218
            ],
            [
              50.022873,
              45.397026
            ],
            [
              47.80106,
              44.478138
            ],
            [
              45.19578,
              43.27586
            ],
            [
              43.197506,
              42.268467
            ]
          ]
        ]
      },
      "properties": {
        "id": "90d03d58-7dd6-4457-98d0-efac9a50bbe0",
        "source": "Copernicus",
        "sensor": "S5P",
        "type": "optical",
        "datetime": "2026-08-18T09:01:44.000000Z",
        "cloud_cover": null,
        "name": "S5P_NRTI_L2__NO2____20260818T090149_20260818T090649_45839_03_020901_20260818T093629.nc",
        "links": [
          {
            "label": "OData詳細",
            "url": "https://catalogue.dataspace.copernicus.eu/odata/v1/Products(90d03d58-7dd6-4457-98d0-efac9a50bbe0)"
          },
          {
            "label": "Copernicus Browserで開く",
            "url": "https://browser.dataspace.copernicus.eu/?zoom=8&product=S5P_NRTI_L2__NO2____20260818T090149_20260818T090649_45839_03_020901_20260818T093629.nc"
          }
        ],
        "first_seen": "2026-08-18T10:14:17.015380+00:00"
      }
    },
    {
      "type": "Feature",
      "geometry": {
        "type": "Polygon",
        "coordinates": [
          [
            [
              43.197506,
              42.268467
            ],
            [
              44.09948,
              40.920612
            ],
            [
              44.95949,
              39.56417
            ],
            [
              45.780796,
              38.199936
            ],
            [
              46.566032,
              36.828487
            ],
            [
              47.317806,
              35.450333
            ],
            [
              48.038246,
              34.066048
            ],
            [
              48.72958,
              32.67604
            ],
            [
              49.39348,
              31.280624
            ],
            [
              50.032112,
              29.880518
            ],
            [
              50.646572,
              28.475664
            ],
            [
              51.23854,
              27.06659
            ],
            [
              51.809795,
              25.653742
            ],
            [
              52.032402,
              25.087444
            ],
            [
              52.115402,
              25.12715
            ],
            [
              53.644363,
              25.844393
            ],
            [
              56.169807,
              26.96155
            ],
            [
              57.779552,
              27.619452
            ],
            [
              59.246426,
              28.173298
            ],
            [
              60.3271,
              28.549059
            ],
            [
              61.413166,
              28.896252
            ],
            [
              62.276585,
              29.149342
            ],
            [
              63.20001,
              29.397078
            ],
            [
              63.97537,
              29.586805
            ],
            [
              64.77433,
              29.765066
            ],
            [
              64.8469,
              29.780401
            ],
            [
              65.614265,
              29.93392
            ],
            [
              66.51819,
              30.09482
            ],
            [
              67.35304,
              30.224735
            ],
            [
              68.38759,
              30.361774
            ],
            [
              69.39735,
              30.471441
            ],
            [
              70.730736,
              30.583164
            ],
            [
              72.134445,
              30.665216
            ],
            [
              74.18075,
              30.73095
            ],
            [
              76.656456,
              30.742914
            ],
            [
              78.78843,
              30.70597
            ],
            [
              78.59874,
              32.155296
            ],
            [
              78.41599,
              33.604065
            ],
            [
              78.24015,
              35.052254
            ],
            [
              78.072075,
              36.5
            ],
            [
              77.91155,
              37.946987
            ],
            [
              77.75894,
              39.39346
            ],
            [
              77.615036,
              40.839172
            ],
            [
              77.48002,
              42.28418
            ],
            [
              77.35466,
              43.72854
            ],
            [
              77.23931,
              45.17203
            ],
            [
              77.13456,
              46.614708
            ],
            [
              77.041595,
              48.05658
            ],
            [
              77.0082,
              48.63313
            ],
            [
              76.88446,
              48.641876
            ],
            [
              74.41284,
              48.78687
            ],
            [
              70.724045,
              48.8908
            ],
            [
              68.39022,
              48.877747
            ],
            [
              66.290436,
              48.804848
            ],
            [
              64.766685,
              48.710556
            ],
            [
              63.259804,
              48.579086
            ],
            [
              62.081604,
              48.447655
            ],
            [
              60.842422,
              48.28064
            ],
            [
              59.819332,
              48.119568
            ],
            [
              58.782112,
              47.934113
            ],
            [
              58.68877,
              47.916306
            ],
            [
              57.71058,
              47.71835
            ],
            [
              56.579136,
              47.462955
            ],
            [
              55.554085,
              47.20636
            ],
            [
              54.309917,
              46.861874
            ],
            [
              53.122356,
              46.49886
            ],
            [
              51.592007,
              45.98218
            ],
            [
              50.022873,
              45.397026
            ],
            [
              47.80106,
              44.478138
            ],
            [
              45.19578,
              43.27586
            ],
            [
              43.197506,
              42.268467
            ]
          ]
        ]
      },
      "properties": {
        "id": "b466bb11-914d-45c7-91f1-0c4087b8afcc",
        "source": "Copernicus",
        "sensor": "S5P",
        "type": "optical",
        "datetime": "2026-08-18T09:01:44.000000Z",
        "cloud_cover": null,
        "name": "S5P_NRTI_L2__O3_____20260818T090149_20260818T090649_45839_03_020800_20260818T093625.nc",
        "links": [
          {
            "label": "OData詳細",
            "url": "https://catalogue.dataspace.copernicus.eu/odata/v1/Products(b466bb11-914d-45c7-91f1-0c4087b8afcc)"
          },
          {
            "label": "Copernicus Browserで開く",
            "url": "https://browser.dataspace.copernicus.eu/?zoom=8&product=S5P_NRTI_L2__O3_____20260818T090149_20260818T090649_45839_03_020800_20260818T093625.nc"
          }
        ],
        "first_seen": "2026-08-18T10:14:17.015380+00:00"
      }
    },
    {
      "type": "Feature",
      "geometry": {
        "type": "Polygon",
        "coordinates": [
          [
            [
              43.197506,
              42.268467
            ],
            [
              44.09948,
              40.920612
            ],
            [
              44.95949,
              39.56417
            ],
            [
              45.780796,
              38.199936
            ],
            [
              46.566032,
              36.828487
            ],
            [
              47.317806,
              35.450333
            ],
            [
              48.038246,
              34.066048
            ],
            [
              48.72958,
              32.67604
            ],
            [
              49.39348,
              31.280624
            ],
            [
              50.032112,
              29.880518
            ],
            [
              50.646572,
              28.475664
            ],
            [
              51.23854,
              27.06659
            ],
            [
              51.809795,
              25.653742
            ],
            [
              52.032402,
              25.087444
            ],
            [
              52.115402,
              25.12715
            ],
            [
              53.644363,
              25.844393
            ],
            [
              56.169807,
              26.96155
            ],
            [
              57.779552,
              27.619452
            ],
            [
              59.246426,
              28.173298
            ],
            [
              60.3271,
              28.549059
            ],
            [
              61.413166,
              28.896252
            ],
            [
              62.276585,
              29.149342
            ],
            [
              63.20001,
              29.397078
            ],
            [
              63.97537,
              29.586805
            ],
            [
              64.77433,
              29.765066
            ],
            [
              64.8469,
              29.780401
            ],
            [
              65.614265,
              29.93392
            ],
            [
              66.51819,
              30.09482
            ],
            [
              67.35304,
              30.224735
            ],
            [
              68.38759,
              30.361774
            ],
            [
              69.39735,
              30.471441
            ],
            [
              70.730736,
              30.583164
            ],
            [
              72.134445,
              30.665216
            ],
            [
              74.18075,
              30.73095
            ],
            [
              76.656456,
              30.742914
            ],
            [
              78.78843,
              30.70597
            ],
            [
              78.59874,
              32.155296
            ],
            [
              78.41599,
              33.604065
            ],
            [
              78.24015,
              35.052254
            ],
            [
              78.072075,
              36.5
            ],
            [
              77.91155,
              37.946987
            ],
            [
              77.75894,
              39.39346
            ],
            [
              77.615036,
              40.839172
            ],
            [
              77.48002,
              42.28418
            ],
            [
              77.35466,
              43.72854
            ],
            [
              77.23931,
              45.17203
            ],
            [
              77.13456,
              46.614708
            ],
            [
              77.041595,
              48.05658
            ],
            [
              77.0082,
              48.63313
            ],
            [
              76.88446,
              48.641876
            ],
            [
              74.41284,
              48.78687
            ],
            [
              70.724045,
              48.8908
            ],
            [
              68.39022,
              48.877747
            ],
            [
              66.290436,
              48.804848
            ],
            [
              64.766685,
              48.710556
            ],
            [
              63.259804,
              48.579086
            ],
            [
              62.081604,
              48.447655
            ],
            [
              60.842422,
              48.28064
            ],
            [
              59.819332,
              48.119568
            ],
            [
              58.782112,
              47.934113
            ],
            [
              58.68877,
              47.916306
            ],
            [
              57.71058,
              47.71835
            ],
            [
              56.579136,
              47.462955
            ],
            [
              55.554085,
              47.20636
            ],
            [
              54.309917,
              46.861874
            ],
            [
              53.122356,
              46.49886
            ],
            [
              51.592007,
              45.98218
            ],
            [
              50.022873,
              45.397026
            ],
            [
              47.80106,
              44.478138
            ],
            [
              45.19578,
              43.27586
            ],
            [
              43.197506,
              42.268467
            ]
          ]
        ]
      },
      "properties": {
        "id": "c8523901-46d2-4176-ac0a-035eb8eaefb6",
        "source": "Copernicus",
        "sensor": "S5P",
        "type": "optical",
        "datetime": "2026-08-18T09:01:44.000000Z",
        "cloud_cover": null,
        "name": "S5P_NRTI_L2__HCHO___20260818T090149_20260818T090649_45839_03_020800_20260818T093627.nc",
        "links": [
          {
            "label": "OData詳細",
            "url": "https://catalogue.dataspace.copernicus.eu/odata/v1/Products(c8523901-46d2-4176-ac0a-035eb8eaefb6)"
          },
          {
            "label": "Copernicus Browserで開く",
            "url": "https://browser.dataspace.copernicus.eu/?zoom=8&product=S5P_NRTI_L2__HCHO___20260818T090149_20260818T090649_45839_03_020800_20260818T093627.nc"
          }
        ],
        "first_seen": "2026-08-18T10:14:17.015380+00:00"
      }
    },
    {
      "type": "Feature",
      "geometry": {
        "type": "Polygon",
        "coordinates": [
          [
            [
              43.3246,
              42.33473
            ],
            [
              44.225033,
              40.98558
            ],
            [
              45.083538,
              39.6279
            ],
            [
              45.90338,
              38.262478
            ],
            [
              46.687206,
              36.889896
            ],
            [
              47.437614,
              35.510647
            ],
            [
              48.156754,
              34.125317
            ],
            [
              48.84684,
              32.734303
            ],
            [
              49.509556,
              31.337921
            ],
            [
              50.147068,
              29.93688
            ],
            [
              50.76047,
              28.531128
            ],
            [
              51.351448,
              27.121187
            ],
            [
              51.92177,
              25.707499
            ],
            [
              52.144024,
              25.140877
            ],
            [
              52.225647,
              25.179821
            ],
            [
              54.04363,
              26.02701
            ],
            [
              56.2746,
              27.0058
            ],
            [
              57.930702,
              27.678661
            ],
            [
              59.2618,
              28.178831
            ],
            [
              60.39009,
              28.570036
            ],
            [
              61.38535,
              28.887737
            ],
            [
              62.291977,
              29.153646
            ],
            [
              63.14095,
              29.381924
            ],
            [
              63.955833,
              29.582209
            ],
            [
              64.7563,
              29.761213
            ],
            [
              64.82898,
              29.776606
            ],
            [
              65.56041,
              29.923634
            ],
            [
              66.386536,
              30.072685
            ],
            [
              67.255196,
              30.210396
            ],
            [
              68.191536,
              30.337757
            ],
            [
              69.2289,
              30.4547
            ],
            [
              70.41511,
              30.559874
            ],
            [
              71.824615,
              30.649933
            ],
            [
              73.5853,
              30.717653
            ],
            [
              75.94927,
              30.746037
            ],
            [
              78.19172,
              30.720274
            ],
            [
              78.83605,
              30.704752
            ],
            [
              78.64711,
              32.153847
            ],
            [
              78.46517,
              33.602383
            ],
            [
              78.29019,
              35.050335
            ],
            [
              78.12305,
              36.49784
            ],
            [
              77.96352,
              37.94458
            ],
            [
              77.811966,
              39.390804
            ],
            [
              77.669205,
              40.83626
            ],
            [
              77.535416,
              42.28101
            ],
            [
              77.41138,
              43.7251
            ],
            [
              77.29745,
              45.168324
            ],
            [
              77.194214,
              46.61072
            ],
            [
              77.10289,
              48.052307
            ],
            [
              77.07019,
              48.628742
            ],
            [
              76.94561,
              48.637615
            ],
            [
              74.36466,
              48.78913
            ],
            [
              70.94619,
              48.888653
            ],
            [
              68.460976,
              48.87913
            ],
            [
              66.50454,
              48.81517
            ],
            [
              64.88012,
              48.71885
            ],
            [
              63.47625,
              48.600418
            ],
            [
              62.2229,
              48.464775
            ],
            [
              61.07231,
              48.313892
            ],
            [
              59.989388,
              48.147804
            ],
            [
              58.946327,
              47.964966
            ],
            [
              58.85264,
              47.947422
            ],
            [
              57.919224,
              47.762302
            ],
            [
              56.885582,
              47.534958
            ],
            [
              55.822083,
              47.27578
            ],
            [
              54.70209,
              46.97439
            ],
            [
              53.492172,
              46.615467
            ],
            [
              52.1464,
              46.175625
            ],
            [
              50.595745,
              45.61698
            ],
            [
              48.725258,
              44.87277
            ],
            [
              46.315567,
              43.80846
            ],
            [
              43.953304,
              42.657986
            ],
            [
              43.3246,
              42.33473
            ]
          ]
        ]
      },
      "properties": {
        "id": "d04d6069-95d0-4dd8-8573-619ecc7947dc",
        "source": "Copernicus",
        "sensor": "S5P",
        "type": "optical",
        "datetime": "2026-08-18T09:01:44.000000Z",
        "cloud_cover": null,
        "name": "S5P_NRTI_L2__AER_LH_20260818T090149_20260818T090649_45839_03_020901_20260818T093628.nc",
        "links": [
          {
            "label": "OData詳細",
            "url": "https://catalogue.dataspace.copernicus.eu/odata/v1/Products(d04d6069-95d0-4dd8-8573-619ecc7947dc)"
          },
          {
            "label": "Copernicus Browserで開く",
            "url": "https://browser.dataspace.copernicus.eu/?zoom=8&product=S5P_NRTI_L2__AER_LH_20260818T090149_20260818T090649_45839_03_020901_20260818T093628.nc"
          }
        ],
        "first_seen": "2026-08-18T10:14:17.015380+00:00"
      }
    },
    {
      "type": "Feature",
      "geometry": {
        "type": "Polygon",
        "coordinates": [
          [
            [
              43.197506,
              42.268467
            ],
            [
              44.09948,
              40.920612
            ],
            [
              44.95949,
              39.56417
            ],
            [
              45.780796,
              38.199936
            ],
            [
              46.566032,
              36.828487
            ],
            [
              47.317806,
              35.450333
            ],
            [
              48.038246,
              34.066048
            ],
            [
              48.72958,
              32.67604
            ],
            [
              49.39348,
              31.280624
            ],
            [
              50.032112,
              29.880518
            ],
            [
              50.646572,
              28.475664
            ],
            [
              51.23854,
              27.06659
            ],
            [
              51.809795,
              25.653742
            ],
            [
              52.032402,
              25.087444
            ],
            [
              52.115402,
              25.12715
            ],
            [
              53.644363,
              25.844393
            ],
            [
              56.169807,
              26.96155
            ],
            [
              57.779552,
              27.619452
            ],
            [
              59.246426,
              28.173298
            ],
            [
              60.3271,
              28.549059
            ],
            [
              61.413166,
              28.896252
            ],
            [
              62.276585,
              29.149342
            ],
            [
              63.20001,
              29.397078
            ],
            [
              63.97537,
              29.586805
            ],
            [
              64.77433,
              29.765066
            ],
            [
              64.8469,
              29.780401
            ],
            [
              65.614265,
              29.93392
            ],
            [
              66.51819,
              30.09482
            ],
            [
              67.35304,
              30.224735
            ],
            [
              68.38759,
              30.361774
            ],
            [
              69.39735,
              30.471441
            ],
            [
              70.730736,
              30.583164
            ],
            [
              72.134445,
              30.665216
            ],
            [
              74.18075,
              30.73095
            ],
            [
              76.656456,
              30.742914
            ],
            [
              78.78843,
              30.70597
            ],
            [
              78.59874,
              32.155296
            ],
            [
              78.41599,
              33.604065
            ],
            [
              78.24015,
              35.052254
            ],
            [
              78.072075,
              36.5
            ],
            [
              77.91155,
              37.946987
            ],
            [
              77.75894,
              39.39346
            ],
            [
              77.615036,
              40.839172
            ],
            [
              77.48002,
              42.28418
            ],
            [
              77.35466,
              43.72854
            ],
            [
              77.23931,
              45.17203
            ],
            [
              77.13456,
              46.614708
            ],
            [
              77.041595,
              48.05658
            ],
            [
              77.0082,
              48.63313
            ],
            [
              76.88446,
              48.641876
            ],
            [
              74.41284,
              48.78687
            ],
            [
              70.724045,
              48.8908
            ],
            [
              68.39022,
              48.877747
            ],
            [
              66.290436,
              48.804848
            ],
            [
              64.766685,
              48.710556
            ],
            [
              63.259804,
              48.579086
            ],
            [
              62.081604,
              48.447655
            ],
            [
              60.842422,
              48.28064
            ],
            [
              59.819332,
              48.119568
            ],
            [
              58.782112,
              47.934113
            ],
            [
              58.68877,
              47.916306
            ],
            [
              57.71058,
              47.71835
            ],
            [
              56.579136,
              47.462955
            ],
            [
              55.554085,
              47.20636
            ],
            [
              54.309917,
              46.861874
            ],
            [
              53.122356,
              46.49886
            ],
            [
              51.592007,
              45.98218
            ],
            [
              50.022873,
              45.397026
            ],
            [
              47.80106,
              44.478138
            ],
            [
              45.19578,
              43.27586
            ],
            [
              43.197506,
              42.268467
            ]
          ]
        ]
      },
      "properties": {
        "id": "fae29b4b-d7dc-4419-8c53-e95d00d1f0cb",
        "source": "Copernicus",
        "sensor": "S5P",
        "type": "optical",
        "datetime": "2026-08-18T09:01:44.000000Z",
        "cloud_cover": null,
        "name": "S5P_NRTI_L2__AER_AI_20260818T090149_20260818T090649_45839_03_020901_20260818T092938.nc",
        "links": [
          {
            "label": "OData詳細",
            "url": "https://catalogue.dataspace.copernicus.eu/odata/v1/Products(fae29b4b-d7dc-4419-8c53-e95d00d1f0cb)"
          },
          {
            "label": "Copernicus Browserで開く",
            "url": "https://browser.dataspace.copernicus.eu/?zoom=8&product=S5P_NRTI_L2__AER_AI_20260818T090149_20260818T090649_45839_03_020901_20260818T092938.nc"
          }
        ],
        "first_seen": "2026-08-18T10:14:17.015380+00:00"
      }
    },
    {
      "type": "Feature",
      "geometry": {
        "type": "Polygon",
        "coordinates": [
          [
            [
              43.216843,
              41.819492
            ],
            [
              44.11056,
              40.471603
            ],
            [
              44.963047,
              39.1152
            ],
            [
              45.777485,
              37.751076
            ],
            [
              46.556427,
              36.3798
            ],
            [
              47.302425,
              35.00186
            ],
            [
              48.017544,
              33.617836
            ],
            [
              48.703964,
              32.228123
            ],
            [
              49.363304,
              30.83302
            ],
            [
              49.997707,
              29.433266
            ],
            [
              50.60822,
              28.02877
            ],
            [
              51.196484,
              26.62007
            ],
            [
              51.764267,
              25.20762
            ],
            [
              51.985535,
              24.641476
            ],
            [
              52.318245,
              24.811646
            ],
            [
              52.934414,
              25.123293
            ],
            [
              54.92644,
              26.09635
            ],
            [
              55.72703,
              26.470518
            ],
            [
              57.37679,
              27.20476
            ],
            [
              57.935753,
              27.440722
            ],
            [
              59.383427,
              28.016726
            ],
            [
              60.211452,
              28.320904
            ],
            [
              61.99056,
              28.905054
            ],
            [
              62.627808,
              29.090132
            ],
            [
              64.12755,
              29.474977
            ],
            [
              64.7109,
              29.605747
            ],
            [
              66.18999,
              29.89122
            ],
            [
              66.80925,
              29.991581
            ],
            [
              68.50587,
              30.211172
            ],
            [
              69.27694,
              30.285679
            ],
            [
              71.34446,
              30.417055
            ],
            [
              71.89456,
              30.43725
            ],
            [
              73.49289,
              30.466572
            ],
            [
              74.25115,
              30.46705
            ],
            [
              76.61237,
              30.423105
            ],
            [
              77.50965,
              30.3909
            ],
            [
              78.91604,
              30.325644
            ],
            [
              78.72587,
              31.774315
            ],
            [
              78.54266,
              33.222435
            ],
            [
              78.366394,
              34.669975
            ],
            [
              78.19792,
              36.117065
            ],
            [
              78.03701,
              37.563393
            ],
            [
              77.88402,
              39.009216
            ],
            [
              77.73973,
              40.454273
            ],
            [
              77.60433,
              41.89862
            ],
            [
              77.47857,
              43.34232
            ],
            [
              77.36279,
              44.785152
            ],
            [
              77.25757,
              46.227177
            ],
            [
              77.16406,
              47.668392
            ],
            [
              77.13043,
              48.244675
            ],
            [
              76.64035,
              48.28882
            ],
            [
              75.7307,
              48.364697
            ],
            [
              72.78136,
              48.554165
            ],
            [
              71.597046,
              48.604298
            ],
            [
              69.16961,
              48.65512
            ],
            [
              68.35355,
              48.65502
            ],
            [
              66.26219,
              48.610104
            ],
            [
              65.08391,
              48.55357
            ],
            [
              62.60735,
              48.351295
            ],
            [
              61.740837,
              48.25146
            ],
            [
              59.74782,
              47.960186
            ],
            [
              58.99061,
              47.82606
            ],
            [
              57.116585,
              47.43571
            ],
            [
              56.351574,
              47.2515
            ],
            [
              54.31405,
              46.687084
            ],
            [
              53.415337,
              46.403275
            ],
            [
              51.082172,
              45.56751
            ],
            [
              50.478428,
              45.32867
            ],
            [
              48.759335,
              44.600662
            ],
            [
              47.960155,
              44.239132
            ],
            [
              45.52725,
              43.054432
            ],
            [
              44.62118,
              42.582478
            ],
            [
              43.216843,
              41.819492
            ]
          ]
        ]
      },
      "properties": {
        "id": "12b2399f-d336-419b-8f54-e6c1f1e4a236",
        "source": "Copernicus",
        "sensor": "S5P",
        "type": "optical",
        "datetime": "2026-08-18T09:00:44.000000Z",
        "cloud_cover": null,
        "name": "S5P_NRTI_L1B_RA_BD5_20260818T090143_20260818T090655_45839_03_030000_20260818T092033.nc",
        "links": [
          {
            "label": "OData詳細",
            "url": "https://catalogue.dataspace.copernicus.eu/odata/v1/Products(12b2399f-d336-419b-8f54-e6c1f1e4a236)"
          },
          {
            "label": "Copernicus Browserで開く",
            "url": "https://browser.dataspace.copernicus.eu/?zoom=8&product=S5P_NRTI_L1B_RA_BD5_20260818T090143_20260818T090655_45839_03_030000_20260818T092033.nc"
          }
        ],
        "first_seen": "2026-08-18T10:14:17.015380+00:00"
      }
    },
    {
      "type": "Feature",
      "geometry": {
        "type": "Polygon",
        "coordinates": [
          [
            [
              43.216843,
              41.819492
            ],
            [
              44.11056,
              40.471603
            ],
            [
              44.963047,
              39.1152
            ],
            [
              45.777485,
              37.751076
            ],
            [
              46.556427,
              36.3798
            ],
            [
              47.302425,
              35.00186
            ],
            [
              48.017544,
              33.617836
            ],
            [
              48.703964,
              32.228123
            ],
            [
              49.363304,
              30.83302
            ],
            [
              49.997707,
              29.433266
            ],
            [
              50.60822,
              28.02877
            ],
            [
              51.196484,
              26.62007
            ],
            [
              51.764267,
              25.20762
            ],
            [
              51.985535,
              24.641476
            ],
            [
              52.318245,
              24.811646
            ],
            [
              52.934414,
              25.123293
            ],
            [
              54.92644,
              26.09635
            ],
            [
              55.72703,
              26.470518
            ],
            [
              57.37679,
              27.20476
            ],
            [
              57.935753,
              27.440722
            ],
            [
              59.383427,
              28.016726
            ],
            [
              60.211452,
              28.320904
            ],
            [
              61.99056,
              28.905054
            ],
            [
              62.627808,
              29.090132
            ],
            [
              64.12755,
              29.474977
            ],
            [
              64.7109,
              29.605747
            ],
            [
              66.18999,
              29.89122
            ],
            [
              66.80925,
              29.991581
            ],
            [
              68.50587,
              30.211172
            ],
            [
              69.27694,
              30.285679
            ],
            [
              71.34446,
              30.417055
            ],
            [
              71.89456,
              30.43725
            ],
            [
              73.49289,
              30.466572
            ],
            [
              74.25115,
              30.46705
            ],
            [
              76.61237,
              30.423105
            ],
            [
              77.50965,
              30.3909
            ],
            [
              78.91604,
              30.325644
            ],
            [
              78.72587,
              31.774315
            ],
            [
              78.54266,
              33.222435
            ],
            [
              78.366394,
              34.669975
            ],
            [
              78.19792,
              36.117065
            ],
            [
              78.03701,
              37.563393
            ],
            [
              77.88402,
              39.009216
            ],
            [
              77.73973,
              40.454273
            ],
            [
              77.60433,
              41.89862
            ],
            [
              77.47857,
              43.34232
            ],
            [
              77.36279,
              44.785152
            ],
            [
              77.25757,
              46.227177
            ],
            [
              77.16406,
              47.668392
            ],
            [
              77.13043,
              48.244675
            ],
            [
              76.64035,
              48.28882
            ],
            [
              75.7307,
              48.364697
            ],
            [
              72.78136,
              48.554165
            ],
            [
              71.597046,
              48.604298
            ],
            [
              69.16961,
              48.65512
            ],
            [
              68.35355,
              48.65502
            ],
            [
              66.26219,
              48.610104
            ],
            [
              65.08391,
              48.55357
            ],
            [
              62.60735,
              48.351295
            ],
            [
              61.740837,
              48.25146
            ],
            [
              59.74782,
              47.960186
            ],
            [
              58.99061,
              47.82606
            ],
            [
              57.116585,
              47.43571
            ],
            [
              56.351574,
              47.2515
            ],
            [
              54.31405,
              46.687084
            ],
            [
              53.415337,
              46.403275
            ],
            [
              51.082172,
              45.56751
            ],
            [
              50.478428,
              45.32867
            ],
            [
              48.759335,
              44.600662
            ],
            [
              47.960155,
              44.239132
            ],
            [
              45.52725,
              43.054432
            ],
            [
              44.62118,
              42.582478
            ],
            [
              43.216843,
              41.819492
            ]
          ]
        ]
      },
      "properties": {
        "id": "2d58b71a-111e-4f46-ac75-08d1574dcb86",
        "source": "Copernicus",
        "sensor": "S5P",
        "type": "optical",
        "datetime": "2026-08-18T09:00:44.000000Z",
        "cloud_cover": null,
        "name": "S5P_NRTI_L1B_RA_BD1_20260818T090143_20260818T090655_45839_03_030000_20260818T092033.nc",
        "links": [
          {
            "label": "OData詳細",
            "url": "https://catalogue.dataspace.copernicus.eu/odata/v1/Products(2d58b71a-111e-4f46-ac75-08d1574dcb86)"
          },
          {
            "label": "Copernicus Browserで開く",
            "url": "https://browser.dataspace.copernicus.eu/?zoom=8&product=S5P_NRTI_L1B_RA_BD1_20260818T090143_20260818T090655_45839_03_030000_20260818T092033.nc"
          }
        ],
        "first_seen": "2026-08-18T10:14:17.015380+00:00"
      }
    },
    {
      "type": "Feature",
      "geometry": {
        "type": "Polygon",
        "coordinates": [
          [
            [
              43.216843,
              41.819492
            ],
            [
              44.11056,
              40.471603
            ],
            [
              44.963047,
              39.1152
            ],
            [
              45.777485,
              37.751076
            ],
            [
              46.556427,
              36.3798
            ],
            [
              47.302425,
              35.00186
            ],
            [
              48.017544,
              33.617836
            ],
            [
              48.703964,
              32.228123
            ],
            [
              49.363304,
              30.83302
            ],
            [
              49.997707,
              29.433266
            ],
            [
              50.60822,
              28.02877
            ],
            [
              51.196484,
              26.62007
            ],
            [
              51.764267,
              25.20762
            ],
            [
              51.985535,
              24.641476
            ],
            [
              52.318245,
              24.811646
            ],
            [
              52.934414,
              25.123293
            ],
            [
              54.92644,
              26.09635
            ],
            [
              55.72703,
              26.470518
            ],
            [
              57.37679,
              27.20476
            ],
            [
              57.935753,
              27.440722
            ],
            [
              59.383427,
              28.016726
            ],
            [
              60.211452,
              28.320904
            ],
            [
              61.99056,
              28.905054
            ],
            [
              62.627808,
              29.090132
            ],
            [
              64.12755,
              29.474977
            ],
            [
              64.7109,
              29.605747
            ],
            [
              66.18999,
              29.89122
            ],
            [
              66.80925,
              29.991581
            ],
            [
              68.50587,
              30.211172
            ],
            [
              69.27694,
              30.285679
            ],
            [
              71.34446,
              30.417055
            ],
            [
              71.89456,
              30.43725
            ],
            [
              73.49289,
              30.466572
            ],
            [
              74.25115,
              30.46705
            ],
            [
              76.61237,
              30.423105
            ],
            [
              77.50965,
              30.3909
            ],
            [
              78.91604,
              30.325644
            ],
            [
              78.72587,
              31.774315
            ],
            [
              78.54266,
              33.222435
            ],
            [
              78.366394,
              34.669975
            ],
            [
              78.19792,
              36.117065
            ],
            [
              78.03701,
              37.563393
            ],
            [
              77.88402,
              39.009216
            ],
            [
              77.73973,
              40.454273
            ],
            [
              77.60433,
              41.89862
            ],
            [
              77.47857,
              43.34232
            ],
            [
              77.36279,
              44.785152
            ],
            [
              77.25757,
              46.227177
            ],
            [
              77.16406,
              47.668392
            ],
            [
              77.13043,
              48.244675
            ],
            [
              76.64035,
              48.28882
            ],
            [
              75.7307,
              48.364697
            ],
            [
              72.78136,
              48.554165
            ],
            [
              71.597046,
              48.604298
            ],
            [
              69.16961,
              48.65512
            ],
            [
              68.35355,
              48.65502
            ],
            [
              66.26219,
              48.610104
            ],
            [
              65.08391,
              48.55357
            ],
            [
              62.60735,
              48.351295
            ],
            [
              61.740837,
              48.25146
            ],
            [
              59.74782,
              47.960186
            ],
            [
              58.99061,
              47.82606
            ],
            [
              57.116585,
              47.43571
            ],
            [
              56.351574,
              47.2515
            ],
            [
              54.31405,
              46.687084
            ],
            [
              53.415337,
              46.403275
            ],
            [
              51.082172,
              45.56751
            ],
            [
              50.478428,
              45.32867
            ],
            [
              48.759335,
              44.600662
            ],
            [
              47.960155,
              44.239132
            ],
            [
              45.52725,
              43.054432
            ],
            [
              44.62118,
              42.582478
            ],
            [
              43.216843,
              41.819492
            ]
          ]
        ]
      },
      "properties": {
        "id": "4e14a336-4c89-4ad9-a2be-e26d666625ce",
        "source": "Copernicus",
        "sensor": "S5P",
        "type": "optical",
        "datetime": "2026-08-18T09:00:44.000000Z",
        "cloud_cover": null,
        "name": "S5P_NRTI_L1B_RA_BD4_20260818T090143_20260818T090655_45839_03_030000_20260818T092033.nc",
        "links": [
          {
            "label": "OData詳細",
            "url": "https://catalogue.dataspace.copernicus.eu/odata/v1/Products(4e14a336-4c89-4ad9-a2be-e26d666625ce)"
          },
          {
            "label": "Copernicus Browserで開く",
            "url": "https://browser.dataspace.copernicus.eu/?zoom=8&product=S5P_NRTI_L1B_RA_BD4_20260818T090143_20260818T090655_45839_03_030000_20260818T092033.nc"
          }
        ],
        "first_seen": "2026-08-18T10:14:17.015380+00:00"
      }
    },
    {
      "type": "Feature",
      "geometry": {
        "type": "Polygon",
        "coordinates": [
          [
            [
              43.216843,
              41.819492
            ],
            [
              44.11056,
              40.471603
            ],
            [
              44.963047,
              39.1152
            ],
            [
              45.777485,
              37.751076
            ],
            [
              46.556427,
              36.3798
            ],
            [
              47.302425,
              35.00186
            ],
            [
              48.017544,
              33.617836
            ],
            [
              48.703964,
              32.228123
            ],
            [
              49.363304,
              30.83302
            ],
            [
              49.997707,
              29.433266
            ],
            [
              50.60822,
              28.02877
            ],
            [
              51.196484,
              26.62007
            ],
            [
              51.764267,
              25.20762
            ],
            [
              51.985535,
              24.641476
            ],
            [
              52.318245,
              24.811646
            ],
            [
              52.934414,
              25.123293
            ],
            [
              54.92644,
              26.09635
            ],
            [
              55.72703,
              26.470518
            ],
            [
              57.37679,
              27.20476
            ],
            [
              57.935753,
              27.440722
            ],
            [
              59.383427,
              28.016726
            ],
            [
              60.211452,
              28.320904
            ],
            [
              61.99056,
              28.905054
            ],
            [
              62.627808,
              29.090132
            ],
            [
              64.12755,
              29.474977
            ],
            [
              64.7109,
              29.605747
            ],
            [
              66.18999,
              29.89122
            ],
            [
              66.80925,
              29.991581
            ],
            [
              68.50587,
              30.211172
            ],
            [
              69.27694,
              30.285679
            ],
            [
              71.34446,
              30.417055
            ],
            [
              71.89456,
              30.43725
            ],
            [
              73.49289,
              30.466572
            ],
            [
              74.25115,
              30.46705
            ],
            [
              76.61237,
              30.423105
            ],
            [
              77.50965,
              30.3909
            ],
            [
              78.91604,
              30.325644
            ],
            [
              78.72587,
              31.774315
            ],
            [
              78.54266,
              33.222435
            ],
            [
              78.366394,
              34.669975
            ],
            [
              78.19792,
              36.117065
            ],
            [
              78.03701,
              37.563393
            ],
            [
              77.88402,
              39.009216
            ],
            [
              77.73973,
              40.454273
            ],
            [
              77.60433,
              41.89862
            ],
            [
              77.47857,
              43.34232
            ],
            [
              77.36279,
              44.785152
            ],
            [
              77.25757,
              46.227177
            ],
            [
              77.16406,
              47.668392
            ],
            [
              77.13043,
              48.244675
            ],
            [
              76.64035,
              48.28882
            ],
            [
              75.7307,
              48.364697
            ],
            [
              72.78136,
              48.554165
            ],
            [
              71.597046,
              48.604298
            ],
            [
              69.16961,
              48.65512
            ],
            [
              68.35355,
              48.65502
            ],
            [
              66.26219,
              48.610104
            ],
            [
              65.08391,
              48.55357
            ],
            [
              62.60735,
              48.351295
            ],
            [
              61.740837,
              48.25146
            ],
            [
              59.74782,
              47.960186
            ],
            [
              58.99061,
              47.82606
            ],
            [
              57.116585,
              47.43571
            ],
            [
              56.351574,
              47.2515
            ],
            [
              54.31405,
              46.687084
            ],
            [
              53.415337,
              46.403275
            ],
            [
              51.082172,
              45.56751
            ],
            [
              50.478428,
              45.32867
            ],
            [
              48.759335,
              44.600662
            ],
            [
              47.960155,
              44.239132
            ],
            [
              45.52725,
              43.054432
            ],
            [
              44.62118,
              42.582478
            ],
            [
              43.216843,
              41.819492
            ]
          ]
        ]
      },
      "properties": {
        "id": "76b54997-f4bb-438d-bd0a-17d1acdca581",
        "source": "Copernicus",
        "sensor": "S5P",
        "type": "optical",
        "datetime": "2026-08-18T09:00:44.000000Z",
        "cloud_cover": null,
        "name": "S5P_NRTI_L1B_RA_BD3_20260818T090143_20260818T090655_45839_03_030000_20260818T092033.nc",
        "links": [
          {
            "label": "OData詳細",
            "url": "https://catalogue.dataspace.copernicus.eu/odata/v1/Products(76b54997-f4bb-438d-bd0a-17d1acdca581)"
          },
          {
            "label": "Copernicus Browserで開く",
            "url": "https://browser.dataspace.copernicus.eu/?zoom=8&product=S5P_NRTI_L1B_RA_BD3_20260818T090143_20260818T090655_45839_03_030000_20260818T092033.nc"
          }
        ],
        "first_seen": "2026-08-18T10:14:17.015380+00:00"
      }
    },
    {
      "type": "Feature",
      "geometry": {
        "type": "Polygon",
        "coordinates": [
          [
            [
              43.216843,
              41.819492
            ],
            [
              44.11056,
              40.471603
            ],
            [
              44.963047,
              39.1152
            ],
            [
              45.777485,
              37.751076
            ],
            [
              46.556427,
              36.3798
            ],
            [
              47.302425,
              35.00186
            ],
            [
              48.017544,
              33.617836
            ],
            [
              48.703964,
              32.228123
            ],
            [
              49.363304,
              30.83302
            ],
            [
              49.997707,
              29.433266
            ],
            [
              50.60822,
              28.02877
            ],
            [
              51.196484,
              26.62007
            ],
            [
              51.764267,
              25.20762
            ],
            [
              51.985535,
              24.641476
            ],
            [
              52.318245,
              24.811646
            ],
            [
              52.934414,
              25.123293
            ],
            [
              54.92644,
              26.09635
            ],
            [
              55.72703,
              26.470518
            ],
            [
              57.37679,
              27.20476
            ],
            [
              57.935753,
              27.440722
            ],
            [
              59.383427,
              28.016726
            ],
            [
              60.211452,
              28.320904
            ],
            [
              61.99056,
              28.905054
            ],
            [
              62.627808,
              29.090132
            ],
            [
              64.12755,
              29.474977
            ],
            [
              64.7109,
              29.605747
            ],
            [
              66.18999,
              29.89122
            ],
            [
              66.80925,
              29.991581
            ],
            [
              68.50587,
              30.211172
            ],
            [
              69.27694,
              30.285679
            ],
            [
              71.34446,
              30.417055
            ],
            [
              71.89456,
              30.43725
            ],
            [
              73.49289,
              30.466572
            ],
            [
              74.25115,
              30.46705
            ],
            [
              76.61237,
              30.423105
            ],
            [
              77.50965,
              30.3909
            ],
            [
              78.91604,
              30.325644
            ],
            [
              78.72587,
              31.774315
            ],
            [
              78.54266,
              33.222435
            ],
            [
              78.366394,
              34.669975
            ],
            [
              78.19792,
              36.117065
            ],
            [
              78.03701,
              37.563393
            ],
            [
              77.88402,
              39.009216
            ],
            [
              77.73973,
              40.454273
            ],
            [
              77.60433,
              41.89862
            ],
            [
              77.47857,
              43.34232
            ],
            [
              77.36279,
              44.785152
            ],
            [
              77.25757,
              46.227177
            ],
            [
              77.16406,
              47.668392
            ],
            [
              77.13043,
              48.244675
            ],
            [
              76.64035,
              48.28882
            ],
            [
              75.7307,
              48.364697
            ],
            [
              72.78136,
              48.554165
            ],
            [
              71.597046,
              48.604298
            ],
            [
              69.16961,
              48.65512
            ],
            [
              68.35355,
              48.65502
            ],
            [
              66.26219,
              48.610104
            ],
            [
              65.08391,
              48.55357
            ],
            [
              62.60735,
              48.351295
            ],
            [
              61.740837,
              48.25146
            ],
            [
              59.74782,
              47.960186
            ],
            [
              58.99061,
              47.82606
            ],
            [
              57.116585,
              47.43571
            ],
            [
              56.351574,
              47.2515
            ],
            [
              54.31405,
              46.687084
            ],
            [
              53.415337,
              46.403275
            ],
            [
              51.082172,
              45.56751
            ],
            [
              50.478428,
              45.32867
            ],
            [
              48.759335,
              44.600662
            ],
            [
              47.960155,
              44.239132
            ],
            [
              45.52725,
              43.054432
            ],
            [
              44.62118,
              42.582478
            ],
            [
              43.216843,
              41.819492
            ]
          ]
        ]
      },
      "properties": {
        "id": "8b08e3e0-241e-4f94-99c6-f5df78524c33",
        "source": "Copernicus",
        "sensor": "S5P",
        "type": "optical",
        "datetime": "2026-08-18T09:00:44.000000Z",
        "cloud_cover": null,
        "name": "S5P_NRTI_L1B_RA_BD2_20260818T090143_20260818T090655_45839_03_030000_20260818T092033.nc",
        "links": [
          {
            "label": "OData詳細",
            "url": "https://catalogue.dataspace.copernicus.eu/odata/v1/Products(8b08e3e0-241e-4f94-99c6-f5df78524c33)"
          },
          {
            "label": "Copernicus Browserで開く",
            "url": "https://browser.dataspace.copernicus.eu/?zoom=8&product=S5P_NRTI_L1B_RA_BD2_20260818T090143_20260818T090655_45839_03_030000_20260818T092033.nc"
          }
        ],
        "first_seen": "2026-08-18T10:14:17.015380+00:00"
      }
    },
    {
      "type": "Feature",
      "geometry": {
        "type": "Polygon",
        "coordinates": [
          [
            [
              43.216843,
              41.819492
            ],
            [
              44.11056,
              40.471603
            ],
            [
              44.963047,
              39.1152
            ],
            [
              45.777485,
              37.751076
            ],
            [
              46.556427,
              36.3798
            ],
            [
              47.302425,
              35.00186
            ],
            [
              48.017544,
              33.617836
            ],
            [
              48.703964,
              32.228123
            ],
            [
              49.363304,
              30.83302
            ],
            [
              49.997707,
              29.433266
            ],
            [
              50.60822,
              28.02877
            ],
            [
              51.196484,
              26.62007
            ],
            [
              51.764267,
              25.20762
            ],
            [
              51.985535,
              24.641476
            ],
            [
              52.318245,
              24.811646
            ],
            [
              52.934414,
              25.123293
            ],
            [
              54.92644,
              26.09635
            ],
            [
              55.72703,
              26.470518
            ],
            [
              57.37679,
              27.20476
            ],
            [
              57.935753,
              27.440722
            ],
            [
              59.383427,
              28.016726
            ],
            [
              60.211452,
              28.320904
            ],
            [
              61.99056,
              28.905054
            ],
            [
              62.627808,
              29.090132
            ],
            [
              64.12755,
              29.474977
            ],
            [
              64.7109,
              29.605747
            ],
            [
              66.18999,
              29.89122
            ],
            [
              66.80925,
              29.991581
            ],
            [
              68.50587,
              30.211172
            ],
            [
              69.27694,
              30.285679
            ],
            [
              71.34446,
              30.417055
            ],
            [
              71.89456,
              30.43725
            ],
            [
              73.49289,
              30.466572
            ],
            [
              74.25115,
              30.46705
            ],
            [
              76.61237,
              30.423105
            ],
            [
              77.50965,
              30.3909
            ],
            [
              78.91604,
              30.325644
            ],
            [
              78.72587,
              31.774315
            ],
            [
              78.54266,
              33.222435
            ],
            [
              78.366394,
              34.669975
            ],
            [
              78.19792,
              36.117065
            ],
            [
              78.03701,
              37.563393
            ],
            [
              77.88402,
              39.009216
            ],
            [
              77.73973,
              40.454273
            ],
            [
              77.60433,
              41.89862
            ],
            [
              77.47857,
              43.34232
            ],
            [
              77.36279,
              44.785152
            ],
            [
              77.25757,
              46.227177
            ],
            [
              77.16406,
              47.668392
            ],
            [
              77.13043,
              48.244675
            ],
            [
              76.64035,
              48.28882
            ],
            [
              75.7307,
              48.364697
            ],
            [
              72.78136,
              48.554165
            ],
            [
              71.597046,
              48.604298
            ],
            [
              69.16961,
              48.65512
            ],
            [
              68.35355,
              48.65502
            ],
            [
              66.26219,
              48.610104
            ],
            [
              65.08391,
              48.55357
            ],
            [
              62.60735,
              48.351295
            ],
            [
              61.740837,
              48.25146
            ],
            [
              59.74782,
              47.960186
            ],
            [
              58.99061,
              47.82606
            ],
            [
              57.116585,
              47.43571
            ],
            [
              56.351574,
              47.2515
            ],
            [
              54.31405,
              46.687084
            ],
            [
              53.415337,
              46.403275
            ],
            [
              51.082172,
              45.56751
            ],
            [
              50.478428,
              45.32867
            ],
            [
              48.759335,
              44.600662
            ],
            [
              47.960155,
              44.239132
            ],
            [
              45.52725,
              43.054432
            ],
            [
              44.62118,
              42.582478
            ],
            [
              43.216843,
              41.819492
            ]
          ]
        ]
      },
      "properties": {
        "id": "aff49af6-c559-40af-adb1-e2225b823f6f",
        "source": "Copernicus",
        "sensor": "S5P",
        "type": "optical",
        "datetime": "2026-08-18T09:00:44.000000Z",
        "cloud_cover": null,
        "name": "S5P_NRTI_L1B_RA_BD7_20260818T090143_20260818T090655_45839_03_030000_20260818T092033.nc",
        "links": [
          {
            "label": "OData詳細",
            "url": "https://catalogue.dataspace.copernicus.eu/odata/v1/Products(aff49af6-c559-40af-adb1-e2225b823f6f)"
          },
          {
            "label": "Copernicus Browserで開く",
            "url": "https://browser.dataspace.copernicus.eu/?zoom=8&product=S5P_NRTI_L1B_RA_BD7_20260818T090143_20260818T090655_45839_03_030000_20260818T092033.nc"
          }
        ],
        "first_seen": "2026-08-18T10:14:17.015380+00:00"
      }
    },
    {
      "type": "Feature",
      "geometry": {
        "type": "Polygon",
        "coordinates": [
          [
            [
              43.216843,
              41.819492
            ],
            [
              44.11056,
              40.471603
            ],
            [
              44.963047,
              39.1152
            ],
            [
              45.777485,
              37.751076
            ],
            [
              46.556427,
              36.3798
            ],
            [
              47.302425,
              35.00186
            ],
            [
              48.017544,
              33.617836
            ],
            [
              48.703964,
              32.228123
            ],
            [
              49.363304,
              30.83302
            ],
            [
              49.997707,
              29.433266
            ],
            [
              50.60822,
              28.02877
            ],
            [
              51.196484,
              26.62007
            ],
            [
              51.764267,
              25.20762
            ],
            [
              51.985535,
              24.641476
            ],
            [
              52.318245,
              24.811646
            ],
            [
              52.934414,
              25.123293
            ],
            [
              54.92644,
              26.09635
            ],
            [
              55.72703,
              26.470518
            ],
            [
              57.37679,
              27.20476
            ],
            [
              57.935753,
              27.440722
            ],
            [
              59.383427,
              28.016726
            ],
            [
              60.211452,
              28.320904
            ],
            [
              61.99056,
              28.905054
            ],
            [
              62.627808,
              29.090132
            ],
            [
              64.12755,
              29.474977
            ],
            [
              64.7109,
              29.605747
            ],
            [
              66.18999,
              29.89122
            ],
            [
              66.80925,
              29.991581
            ],
            [
              68.50587,
              30.211172
            ],
            [
              69.27694,
              30.285679
            ],
            [
              71.34446,
              30.417055
            ],
            [
              71.89456,
              30.43725
            ],
            [
              73.49289,
              30.466572
            ],
            [
              74.25115,
              30.46705
            ],
            [
              76.61237,
              30.423105
            ],
            [
              77.50965,
              30.3909
            ],
            [
              78.91604,
              30.325644
            ],
            [
              78.72587,
              31.774315
            ],
            [
              78.54266,
              33.222435
            ],
            [
              78.366394,
              34.669975
            ],
            [
              78.19792,
              36.117065
            ],
            [
              78.03701,
              37.563393
            ],
            [
              77.88402,
              39.009216
            ],
            [
              77.73973,
              40.454273
            ],
            [
              77.60433,
              41.89862
            ],
            [
              77.47857,
              43.34232
            ],
            [
              77.36279,
              44.785152
            ],
            [
              77.25757,
              46.227177
            ],
            [
              77.16406,
              47.668392
            ],
            [
              77.13043,
              48.244675
            ],
            [
              76.64035,
              48.28882
            ],
            [
              75.7307,
              48.364697
            ],
            [
              72.78136,
              48.554165
            ],
            [
              71.597046,
              48.604298
            ],
            [
              69.16961,
              48.65512
            ],
            [
              68.35355,
              48.65502
            ],
            [
              66.26219,
              48.610104
            ],
            [
              65.08391,
              48.55357
            ],
            [
              62.60735,
              48.351295
            ],
            [
              61.740837,
              48.25146
            ],
            [
              59.74782,
              47.960186
            ],
            [
              58.99061,
              47.82606
            ],
            [
              57.116585,
              47.43571
            ],
            [
              56.351574,
              47.2515
            ],
            [
              54.31405,
              46.687084
            ],
            [
              53.415337,
              46.403275
            ],
            [
              51.082172,
              45.56751
            ],
            [
              50.478428,
              45.32867
            ],
            [
              48.759335,
              44.600662
            ],
            [
              47.960155,
              44.239132
            ],
            [
              45.52725,
              43.054432
            ],
            [
              44.62118,
              42.582478
            ],
            [
              43.216843,
              41.819492
            ]
          ]
        ]
      },
      "properties": {
        "id": "c068ac6f-df33-4b55-96f5-71c8f322e057",
        "source": "Copernicus",
        "sensor": "S5P",
        "type": "optical",
        "datetime": "2026-08-18T09:00:44.000000Z",
        "cloud_cover": null,
        "name": "S5P_NRTI_L1B_RA_BD8_20260818T090143_20260818T090655_45839_03_030000_20260818T092033.nc",
        "links": [
          {
            "label": "OData詳細",
            "url": "https://catalogue.dataspace.copernicus.eu/odata/v1/Products(c068ac6f-df33-4b55-96f5-71c8f322e057)"
          },
          {
            "label": "Copernicus Browserで開く",
            "url": "https://browser.dataspace.copernicus.eu/?zoom=8&product=S5P_NRTI_L1B_RA_BD8_20260818T090143_20260818T090655_45839_03_030000_20260818T092033.nc"
          }
        ],
        "first_seen": "2026-08-18T10:14:17.015380+00:00"
      }
    },
    {
      "type": "Feature",
      "geometry": {
        "type": "Polygon",
        "coordinates": [
          [
            [
              43.216843,
              41.819492
            ],
            [
              44.11056,
              40.471603
            ],
            [
              44.963047,
              39.1152
            ],
            [
              45.777485,
              37.751076
            ],
            [
              46.556427,
              36.3798
            ],
            [
              47.302425,
              35.00186
            ],
            [
              48.017544,
              33.617836
            ],
            [
              48.703964,
              32.228123
            ],
            [
              49.363304,
              30.83302
            ],
            [
              49.997707,
              29.433266
            ],
            [
              50.60822,
              28.02877
            ],
            [
              51.196484,
              26.62007
            ],
            [
              51.764267,
              25.20762
            ],
            [
              51.985535,
              24.641476
            ],
            [
              52.318245,
              24.811646
            ],
            [
              52.934414,
              25.123293
            ],
            [
              54.92644,
              26.09635
            ],
            [
              55.72703,
              26.470518
            ],
            [
              57.37679,
              27.20476
            ],
            [
              57.935753,
              27.440722
            ],
            [
              59.383427,
              28.016726
            ],
            [
              60.211452,
              28.320904
            ],
            [
              61.99056,
              28.905054
            ],
            [
              62.627808,
              29.090132
            ],
            [
              64.12755,
              29.474977
            ],
            [
              64.7109,
              29.605747
            ],
            [
              66.18999,
              29.89122
            ],
            [
              66.80925,
              29.991581
            ],
            [
              68.50587,
              30.211172
            ],
            [
              69.27694,
              30.285679
            ],
            [
              71.34446,
              30.417055
            ],
            [
              71.89456,
              30.43725
            ],
            [
              73.49289,
              30.466572
            ],
            [
              74.25115,
              30.46705
            ],
            [
              76.61237,
              30.423105
            ],
            [
              77.50965,
              30.3909
            ],
            [
              78.91604,
              30.325644
            ],
            [
              78.72587,
              31.774315
            ],
            [
              78.54266,
              33.222435
            ],
            [
              78.366394,
              34.669975
            ],
            [
              78.19792,
              36.117065
            ],
            [
              78.03701,
              37.563393
            ],
            [
              77.88402,
              39.009216
            ],
            [
              77.73973,
              40.454273
            ],
            [
              77.60433,
              41.89862
            ],
            [
              77.47857,
              43.34232
            ],
            [
              77.36279,
              44.785152
            ],
            [
              77.25757,
              46.227177
            ],
            [
              77.16406,
              47.668392
            ],
            [
              77.13043,
              48.244675
            ],
            [
              76.64035,
              48.28882
            ],
            [
              75.7307,
              48.364697
            ],
            [
              72.78136,
              48.554165
            ],
            [
              71.597046,
              48.604298
            ],
            [
              69.16961,
              48.65512
            ],
            [
              68.35355,
              48.65502
            ],
            [
              66.26219,
              48.610104
            ],
            [
              65.08391,
              48.55357
            ],
            [
              62.60735,
              48.351295
            ],
            [
              61.740837,
              48.25146
            ],
            [
              59.74782,
              47.960186
            ],
            [
              58.99061,
              47.82606
            ],
            [
              57.116585,
              47.43571
            ],
            [
              56.351574,
              47.2515
            ],
            [
              54.31405,
              46.687084
            ],
            [
              53.415337,
              46.403275
            ],
            [
              51.082172,
              45.56751
            ],
            [
              50.478428,
              45.32867
            ],
            [
              48.759335,
              44.600662
            ],
            [
              47.960155,
              44.239132
            ],
            [
              45.52725,
              43.054432
            ],
            [
              44.62118,
              42.582478
            ],
            [
              43.216843,
              41.819492
            ]
          ]
        ]
      },
      "properties": {
        "id": "e485f130-867f-4d74-82ad-4839769cc6d2",
        "source": "Copernicus",
        "sensor": "S5P",
        "type": "optical",
        "datetime": "2026-08-18T09:00:44.000000Z",
        "cloud_cover": null,
        "name": "S5P_NRTI_L1B_RA_BD6_20260818T090143_20260818T090655_45839_03_030000_20260818T092033.nc",
        "links": [
          {
            "label": "OData詳細",
            "url": "https://catalogue.dataspace.copernicus.eu/odata/v1/Products(e485f130-867f-4d74-82ad-4839769cc6d2)"
          },
          {
            "label": "Copernicus Browserで開く",
            "url": "https://browser.dataspace.copernicus.eu/?zoom=8&product=S5P_NRTI_L1B_RA_BD6_20260818T090143_20260818T090655_45839_03_030000_20260818T092033.nc"
          }
        ],
        "first_seen": "2026-08-18T10:14:17.015380+00:00"
      }
    },
    {
      "type": "Feature",
      "geometry": {
        "type": "Polygon",
        "coordinates": [
          [
            [
              -180.0125,
              -70.0125
            ],
            [
              -180.0125,
              70.0125
            ],
            [
              179.9875,
              70.0125
            ],
            [
              179.9875,
              -70.0125
            ],
            [
              -180.0125,
              -70.0125
            ]
          ]
        ]
      },
      "properties": {
        "id": "1a0a23b9-bc06-4151-bff3-68b32455ec73",
        "source": "Copernicus",
        "sensor": "c",
        "type": "optical",
        "datetime": "2026-08-18T09:00:00.000000Z",
        "cloud_cover": null,
        "name": "c_gls_LST_202608180900_GLOBE_GEO_V3.0.1_cog",
        "links": [
          {
            "label": "OData詳細",
            "url": "https://catalogue.dataspace.copernicus.eu/odata/v1/Products(1a0a23b9-bc06-4151-bff3-68b32455ec73)"
          },
          {
            "label": "Copernicus Browserで開く",
            "url": "https://browser.dataspace.copernicus.eu/?zoom=8&product=c_gls_LST_202608180900_GLOBE_GEO_V3.0.1_cog"
          }
        ],
        "first_seen": "2026-08-18T10:14:17.015380+00:00"
      }
    },
    {
      "type": "Feature",
      "geometry": {
        "type": "Polygon",
        "coordinates": [
          [
            [
              -180.0125,
              -70.0125
            ],
            [
              -180.0125,
              70.0125
            ],
            [
              179.9875,
              70.0125
            ],
            [
              179.9875,
              -70.0125
            ],
            [
              -180.0125,
              -70.0125
            ]
          ]
        ]
      },
      "properties": {
        "id": "fa7b7dbd-1d46-43ec-95ba-1c646dafd3bb",
        "source": "Copernicus",
        "sensor": "c",
        "type": "optical",
        "datetime": "2026-08-18T09:00:00.000000Z",
        "cloud_cover": null,
        "name": "c_gls_LST_202608180900_GLOBE_GEO_V3.0.1_nc",
        "links": [
          {
            "label": "OData詳細",
            "url": "https://catalogue.dataspace.copernicus.eu/odata/v1/Products(fa7b7dbd-1d46-43ec-95ba-1c646dafd3bb)"
          },
          {
            "label": "Copernicus Browserで開く",
            "url": "https://browser.dataspace.copernicus.eu/?zoom=8&product=c_gls_LST_202608180900_GLOBE_GEO_V3.0.1_nc"
          }
        ],
        "first_seen": "2026-08-18T10:14:17.015380+00:00"
      }
    },
    {
      "type": "Feature",
      "geometry": {
        "type": "Polygon",
        "coordinates": [
          [
            [
              51.75345,
              25.795162
            ],
            [
              52.3067,
              24.378965
            ],
            [
              52.840813,
              22.95928
            ],
            [
              53.357426,
              21.536442
            ],
            [
              53.8571,
              20.110651
            ],
            [
              54.341125,
              18.682203
            ],
            [
              54.810062,
              17.251186
            ],
            [
              55.264565,
              15.817759
            ],
            [
              55.705753,
              14.382226
            ],
            [
              56.133915,
              12.944584
            ],
            [
              56.54982,
              11.5052185
            ],
            [
              56.953945,
              10.064016
            ],
            [
              57.34697,
              8.621366
            ],
            [
              57.513954,
              7.995734
            ],
            [
              57.59263,
              8.029296
            ],
            [
              59.03532,
              8.639803
            ],
            [
              61.391018,
              9.607051
            ],
            [
              62.875168,
              10.186286
            ],
            [
              64.21624,
              10.679724
            ],
            [
              65.19767,
              11.017779
            ],
            [
              66.17877,
              11.33283
            ],
            [
              66.9553,
              11.564449
            ],
            [
              67.78272,
              11.793198
            ],
            [
              68.475266,
              11.970134
            ],
            [
              69.18702,
              12.138212
            ],
            [
              69.25158,
              12.152771
            ],
            [
              69.93344,
              12.2996235
            ],
            [
              70.73493,
              12.456242
            ],
            [
              71.473785,
              12.585619
            ],
            [
              72.387856,
              12.726532
            ],
            [
              73.2788,
              12.844817
            ],
            [
              74.453995,
              12.975224
            ],
            [
              75.69027,
              13.085914
            ],
            [
              77.492004,
              13.20986
            ],
            [
              79.67273,
              13.318328
            ],
            [
              81.55264,
              13.3873415
            ],
            [
              81.286156,
              14.839176
            ],
            [
              81.02611,
              16.291147
            ],
            [
              80.77258,
              17.743113
            ],
            [
              80.525444,
              19.195047
            ],
            [
              80.28446,
              20.646872
            ],
            [
              80.050064,
              22.098583
            ],
            [
              79.82151,
              23.549957
            ],
            [
              79.59955,
              25.001223
            ],
            [
              79.383675,
              26.452095
            ],
            [
              79.17445,
              27.902678
            ],
            [
              78.971695,
              29.35286
            ],
            [
              78.775444,
              30.80254
            ],
            [
              78.69269,
              31.430672
            ],
            [
              78.59691,
              31.433367
            ],
            [
              76.688194,
              31.470747
            ],
            [
              73.85179,
              31.460745
            ],
            [
              72.06124,
              31.404308
            ],
            [
              70.45007,
              31.31133
            ],
            [
              69.27929,
              31.213724
            ],
            [
              68.11885,
              31.088316
            ],
            [
              67.2089,
              30.968111
            ],
            [
              66.24858,
              30.819088
            ],
            [
              65.452644,
              30.677673
            ],
            [
              64.64236,
              30.516619
            ],
            [
              64.56925,
              30.501228
            ],
            [
              63.8012,
              30.330824
            ],
            [
              62.90792,
              30.11238
            ],
            [
              62.093575,
              29.894009
            ],
            [
              61.097958,
              29.602066
            ],
            [
              60.13955,
              29.29558
            ],
            [
              58.89179,
              28.861086
            ],
            [
              57.596405,
              28.37132
            ],
            [
              55.73265,
              27.607243
            ],
            [
              53.500698,
              26.616913
            ],
            [
              51.75345,
              25.795162
            ]
          ]
        ]
      },
      "properties": {
        "id": "27530896-b85d-415d-94aa-6722cd9850e1",
        "source": "Copernicus",
        "sensor": "S5P",
        "type": "optical",
        "datetime": "2026-08-18T08:56:43.000000Z",
        "cloud_cover": null,
        "name": "S5P_NRTI_L2__HCHO___20260818T085649_20260818T090149_45839_03_020800_20260818T093359.nc",
        "links": [
          {
            "label": "OData詳細",
            "url": "https://catalogue.dataspace.copernicus.eu/odata/v1/Products(27530896-b85d-415d-94aa-6722cd9850e1)"
          },
          {
            "label": "Copernicus Browserで開く",
            "url": "https://browser.dataspace.copernicus.eu/?zoom=8&product=S5P_NRTI_L2__HCHO___20260818T085649_20260818T090149_45839_03_020800_20260818T093359.nc"
          }
        ],
        "first_seen": "2026-08-18T10:14:17.015380+00:00"
      }
    },
    {
      "type": "Feature",
      "geometry": {
        "type": "Polygon",
        "coordinates": [
          [
            [
              51.840885,
              25.448854
            ],
            [
              52.39014,
              24.032087
            ],
            [
              52.92049,
              22.611862
            ],
            [
              53.43356,
              21.188522
            ],
            [
              53.929886,
              19.762255
            ],
            [
              54.410736,
              18.333363
            ],
            [
              54.876663,
              16.90192
            ],
            [
              55.328304,
              15.468085
            ],
            [
              55.766773,
              14.032167
            ],
            [
              56.192333,
              12.594152
            ],
            [
              56.605755,
              11.15443
            ],
            [
              57.0075,
              9.712882
            ],
            [
              57.39824,
              8.2699
            ],
            [
              57.56423,
              7.6442227
            ],
            [
              57.875122,
              7.786337
            ],
            [
              60.09755,
              8.786034
            ],
            [
              62.133846,
              9.662563
            ],
            [
              63.29443,
              10.135259
            ],
            [
              64.55954,
              10.619483
            ],
            [
              65.36935,
              10.908728
            ],
            [
              66.32729,
              11.226935
            ],
            [
              66.98255,
              11.428553
            ],
            [
              67.801254,
              11.661456
            ],
            [
              68.38929,
              11.815607
            ],
            [
              69.15733,
              12.000497
            ],
            [
              69.73287,
              12.126959
            ],
            [
              70.51643,
              12.282703
            ],
            [
              71.128716,
              12.391421
            ],
            [
              71.99961,
              12.526986
            ],
            [
              72.71255,
              12.622032
            ],
            [
              73.78092,
              12.739818
            ],
            [
              74.70877,
              12.820877
            ],
            [
              76.20477,
              12.917523
            ],
            [
              77.62939,
              12.979329
            ],
            [
              80.2663,
              13.041243
            ],
            [
              81.47449,
              13.053977
            ],
            [
              81.20575,
              14.506257
            ],
            [
              80.943375,
              15.958675
            ],
            [
              80.68742,
              17.411089
            ],
            [
              80.43776,
              18.863472
            ],
            [
              80.194145,
              20.315752
            ],
            [
              79.95698,
              21.767918
            ],
            [
              79.725555,
              23.21976
            ],
            [
              79.500565,
              24.671494
            ],
            [
              79.28152,
              26.122849
            ],
            [
              79.068954,
              27.573915
            ],
            [
              78.86267,
              29.024591
            ],
            [
              78.662704,
              30.474781
            ],
            [
              78.57828,
              31.103035
            ],
            [
              78.20869,
              31.120825
            ],
            [
              75.53866,
              31.211607
            ],
            [
              73.06892,
              31.22495
            ],
            [
              71.66162,
              31.1936
            ],
            [
              70.13546,
              31.119427
            ],
            [
              69.16599,
              31.04683
            ],
            [
              68.029396,
              30.933025
            ],
            [
              67.25945,
              30.83686
            ],
            [
              66.30698,
              30.695312
            ],
            [
              65.62976,
              30.57896
            ],
            [
              64.75424,
              30.408699
            ],
            [
              64.10499,
              30.267717
            ],
            [
              63.230576,
              30.057627
            ],
            [
              62.55496,
              29.879139
            ],
            [
              61.60542,
              29.604189
            ],
            [
              60.837784,
              29.361397
            ],
            [
              59.702606,
              28.969707
            ],
            [
              58.72995,
              28.604868
            ],
            [
              57.182907,
              27.974825
            ],
            [
              55.727974,
              27.33429
            ],
            [
              53.06062,
              26.06372
            ],
            [
              51.840885,
              25.448854
            ]
          ]
        ]
      },
      "properties": {
        "id": "45470ede-17b8-4991-973a-906a55058bad",
        "source": "Copernicus",
        "sensor": "S5P",
        "type": "optical",
        "datetime": "2026-08-18T08:56:43.000000Z",
        "cloud_cover": null,
        "name": "S5P_NRTI_L2__CO_____20260818T085649_20260818T090149_45839_03_020901_20260818T092732.nc",
        "links": [
          {
            "label": "OData詳細",
            "url": "https://catalogue.dataspace.copernicus.eu/odata/v1/Products(45470ede-17b8-4991-973a-906a55058bad)"
          },
          {
            "label": "Copernicus Browserで開く",
            "url": "https://browser.dataspace.copernicus.eu/?zoom=8&product=S5P_NRTI_L2__CO_____20260818T085649_20260818T090149_45839_03_020901_20260818T092732.nc"
          }
        ],
        "first_seen": "2026-08-18T10:14:17.015380+00:00"
      }
    },
    {
      "type": "Feature",
      "geometry": {
        "type": "Polygon",
        "coordinates": [
          [
            [
              51.708256,
              25.348997
            ],
            [
              52.25821,
              23.933203
            ],
            [
              52.789192,
              22.51392
            ],
            [
              53.30284,
              21.091496
            ],
            [
              53.79968,
              19.66612
            ],
            [
              54.28098,
              18.238096
            ],
            [
              54.747295,
              16.8075
            ],
            [
              55.199253,
              15.374489
            ],
            [
              55.637974,
              13.939379
            ],
            [
              56.063713,
              12.502151
            ],
            [
              56.477253,
              11.063202
            ],
            [
              56.87904,
              9.622409
            ],
            [
              57.26975,
              8.180169
            ],
            [
              57.435734,
              7.5547132
            ],
            [
              57.75255,
              7.700285
            ],
            [
              58.337605,
              7.9679184
            ],
            [
              60.214207,
              8.812262
            ],
            [
              60.962044,
              9.140483
            ],
            [
              62.491737,
              9.790358
            ],
            [
              63.006615,
              10.000855
            ],
            [
              64.33236,
              10.518175
            ],
            [
              65.085815,
              10.793458
            ],
            [
              66.69384,
              11.3268795
            ],
            [
              67.26655,
              11.497521
            ],
            [
              68.60858,
              11.85609
            ],
            [
              69.12866,
              11.979539
            ],
            [
              70.44339,
              12.253687
            ],
            [
              70.99243,
              12.352373
            ],
            [
              72.49357,
              12.57662
            ],
            [
              73.17471,
              12.657708
            ],
            [
              74.99945,
              12.820465
            ],
            [
              75.48479,
              12.852379
            ],
            [
              76.89516,
              12.9237795
            ],
            [
              77.5645,
              12.9484
            ],
            [
              79.6507,
              12.99686
            ],
            [
              80.44442,
              13.006609
            ],
            [
              81.68977,
              13.014687
            ],
            [
              81.42214,
              14.4658785
            ],
            [
              81.16103,
              15.91721
            ],
            [
              80.90652,
              17.368532
            ],
            [
              80.65845,
              18.819824
            ],
            [
              80.41661,
              20.27101
            ],
            [
              80.181404,
              21.722073
            ],
            [
              79.9521,
              23.17281
            ],
            [
              79.72945,
              24.62343
            ],
            [
              79.512924,
              26.073666
            ],
            [
              79.30311,
              27.5236
            ],
            [
              79.09979,
              28.973135
            ],
            [
              78.903015,
              30.42217
            ],
            [
              78.82005,
              31.050018
            ],
            [
              78.438644,
              31.070175
            ],
            [
              77.73182,
              31.104193
            ],
            [
              75.44881,
              31.181574
            ],
            [
              74.53514,
              31.196806
            ],
            [
              72.66614,
              31.194092
            ],
            [
              72.0385,
              31.181414
            ],
            [
              70.43018,
              31.116686
            ],
            [
              69.52335,
              31.056866
            ],
            [
              67.61262,
              30.866238
            ],
            [
              66.94167,
              30.776442
            ],
            [
              65.391464,
              30.520077
            ],
            [
              64.79934,
              30.40357
            ],
            [
              63.324593,
              30.067255
            ],
            [
              62.718193,
              29.909418
            ],
            [
              61.088394,
              29.427675
            ],
            [
              60.361916,
              29.186165
            ],
            [
              58.45123,
              28.47727
            ],
            [
              57.950603,
              28.275354
            ],
            [
              56.510296,
              27.661882
            ],
            [
              55.833027,
              27.35842
            ],
            [
              53.740154,
              26.36984
            ],
            [
              52.948524,
              25.978544
            ],
            [
              51.708256,
              25.348997
            ]
          ]
        ]
      },
      "properties": {
        "id": "56dc19b1-99ee-4629-91e2-c57c941b7ada",
        "source": "Copernicus",
        "sensor": "S5P",
        "type": "optical",
        "datetime": "2026-08-18T08:56:43.000000Z",
        "cloud_cover": null,
        "name": "S5P_NRTI_L2__O3__PR_20260818T085649_20260818T090149_45839_03_020901_20260818T093402.nc",
        "links": [
          {
            "label": "OData詳細",
            "url": "https://catalogue.dataspace.copernicus.eu/odata/v1/Products(56dc19b1-99ee-4629-91e2-c57c941b7ada)"
          },
          {
            "label": "Copernicus Browserで開く",
            "url": "https://browser.dataspace.copernicus.eu/?zoom=8&product=S5P_NRTI_L2__O3__PR_20260818T085649_20260818T090149_45839_03_020901_20260818T093402.nc"
          }
        ],
        "first_seen": "2026-08-18T10:14:17.015380+00:00"
      }
    },
    {
      "type": "Feature",
      "geometry": {
        "type": "Polygon",
        "coordinates": [
          [
            [
              51.865513,
              25.849005
            ],
            [
              52.417892,
              24.431992
            ],
            [
              52.951202,
              23.011518
            ],
            [
              53.46707,
              21.587917
            ],
            [
              53.966072,
              20.161386
            ],
            [
              54.449482,
              18.732218
            ],
            [
              54.91787,
              17.300499
            ],
            [
              55.371887,
              15.866388
            ],
            [
              55.812653,
              14.430188
            ],
            [
              56.240456,
              12.991897
            ],
            [
              56.65607,
              11.551893
            ],
            [
              57.059967,
              10.110068
            ],
            [
              57.452824,
              8.666806
            ],
            [
              57.619755,
              8.040913
            ],
            [
              57.69708,
              8.073864
            ],
            [
              59.410004,
              8.796543
            ],
            [
              61.48804,
              9.6457815
            ],
            [
              63.013844,
              10.238776
            ],
            [
              64.23024,
              10.684681
            ],
            [
              65.254715,
              11.036735
            ],
            [
              66.1537,
              11.325068
            ],
            [
              66.96911,
              11.568404
            ],
            [
              67.72989,
              11.779136
            ],
            [
              68.45784,
              11.965824
            ],
            [
              69.17097,
              12.134555
            ],
            [
              69.235634,
              12.149165
            ],
            [
              69.885635,
              12.289716
            ],
            [
              70.6183,
              12.434491
            ],
            [
              71.38725,
              12.571174
            ],
            [
              72.214745,
              12.701395
            ],
            [
              73.13024,
              12.826307
            ],
            [
              74.17592,
              12.946759
            ],
            [
              75.41744,
              13.063519
            ],
            [
              76.96771,
              13.177611
            ],
            [
              79.04961,
              13.290974
            ],
            [
              81.02624,
              13.369859
            ],
            [
              81.59466,
              13.388731
            ],
            [
              81.32844,
              14.840352
            ],
            [
              81.0687,
              16.29211
            ],
            [
              80.815506,
              17.743862
            ],
            [
              80.56874,
              19.195581
            ],
            [
              80.32817,
              20.64719
            ],
            [
              80.09421,
              22.098684
            ],
            [
              79.866135,
              23.54984
            ],
            [
              79.6447,
              25.000887
            ],
            [
              79.42938,
              26.451538
            ],
            [
              79.22077,
              27.901897
            ],
            [
              79.01866,
              29.351852
            ],
            [
              78.82311,
              30.801306
            ],
            [
              78.74068,
              31.429338
            ],
            [
              78.64423,
              31.432089
            ],
            [
              76.65106,
              31.471163
            ],
            [
              74.02232,
              31.463886
            ],
            [
              72.11552,
              31.40668
            ],
            [
              70.61444,
              31.32288
            ],
            [
              69.36652,
              31.22194
            ],
            [
              68.28574,
              31.108204
            ],
            [
              67.31818,
              30.983583
            ],
            [
              66.427025,
              30.848522
            ],
            [
              65.58515,
              30.70234
            ],
            [
              64.77089,
              30.54331
            ],
            [
              64.69756,
              30.528126
            ],
            [
              63.965336,
              30.368563
            ],
            [
              63.150414,
              30.173832
            ],
            [
              62.306976,
              29.952995
            ],
            [
              61.41268,
              29.697287
            ],
            [
              60.438892,
              29.393915
            ],
            [
              59.34553,
              29.023531
            ],
            [
              58.071278,
              28.555132
            ],
            [
              56.512238,
              27.934628
            ],
            [
              54.466324,
              27.054316
            ],
            [
              52.41797,
              26.112055
            ],
            [
              51.865513,
              25.849005
            ]
          ]
        ]
      },
      "properties": {
        "id": "895dd11c-a50c-466a-ac57-cadc0b69204b",
        "source": "Copernicus",
        "sensor": "S5P",
        "type": "optical",
        "datetime": "2026-08-18T08:56:43.000000Z",
        "cloud_cover": null,
        "name": "S5P_NRTI_L2__AER_LH_20260818T085649_20260818T090149_45839_03_020901_20260818T093400.nc",
        "links": [
          {
            "label": "OData詳細",
            "url": "https://catalogue.dataspace.copernicus.eu/odata/v1/Products(895dd11c-a50c-466a-ac57-cadc0b69204b)"
          },
          {
            "label": "Copernicus Browserで開く",
            "url": "https://browser.dataspace.copernicus.eu/?zoom=8&product=S5P_NRTI_L2__AER_LH_20260818T085649_20260818T090149_45839_03_020901_20260818T093400.nc"
          }
        ],
        "first_seen": "2026-08-18T10:14:17.015380+00:00"
      }
    },
    {
      "type": "Feature",
      "geometry": {
        "type": "Polygon",
        "coordinates": [
          [
            [
              51.75345,
              25.795162
            ],
            [
              52.3067,
              24.378965
            ],
            [
              52.840813,
              22.95928
            ],
            [
              53.357426,
              21.536442
            ],
            [
              53.8571,
              20.110651
            ],
            [
              54.341125,
              18.682203
            ],
            [
              54.810062,
              17.251186
            ],
            [
              55.264565,
              15.817759
            ],
            [
              55.705753,
              14.382226
            ],
            [
              56.133915,
              12.944584
            ],
            [
              56.54982,
              11.5052185
            ],
            [
              56.953945,
              10.064016
            ],
            [
              57.34697,
              8.621366
            ],
            [
              57.513954,
              7.995734
            ],
            [
              57.59263,
              8.029296
            ],
            [
              59.03532,
              8.639803
            ],
            [
              61.391018,
              9.607051
            ],
            [
              62.875168,
              10.186286
            ],
            [
              64.21624,
              10.679724
            ],
            [
              65.19767,
              11.017779
            ],
            [
              66.17877,
              11.33283
            ],
            [
              66.9553,
              11.564449
            ],
            [
              67.78272,
              11.793198
            ],
            [
              68.475266,
              11.970134
            ],
            [
              69.18702,
              12.138212
            ],
            [
              69.25158,
              12.152771
            ],
            [
              69.93344,
              12.2996235
            ],
            [
              70.73493,
              12.456242
            ],
            [
              71.473785,
              12.585619
            ],
            [
              72.387856,
              12.726532
            ],
            [
              73.2788,
              12.844817
            ],
            [
              74.453995,
              12.975224
            ],
            [
              75.69027,
              13.085914
            ],
            [
              77.492004,
              13.20986
            ],
            [
              79.67273,
              13.318328
            ],
            [
              81.55264,
              13.3873415
            ],
            [
              81.286156,
              14.839176
            ],
            [
              81.02611,
              16.291147
            ],
            [
              80.77258,
              17.743113
            ],
            [
              80.525444,
              19.195047
            ],
            [
              80.28446,
              20.646872
            ],
            [
              80.050064,
              22.098583
            ],
            [
              79.82151,
              23.549957
            ],
            [
              79.59955,
              25.001223
            ],
            [
              79.383675,
              26.452095
            ],
            [
              79.17445,
              27.902678
            ],
            [
              78.971695,
              29.35286
            ],
            [
              78.775444,
              30.80254
            ],
            [
              78.69269,
              31.430672
            ],
            [
              78.59691,
              31.433367
            ],
            [
              76.688194,
              31.470747
            ],
            [
              73.85179,
              31.460745
            ],
            [
              72.06124,
              31.404308
            ],
            [
              70.45007,
              31.31133
            ],
            [
              69.27929,
              31.213724
            ],
            [
              68.11885,
              31.088316
            ],
            [
              67.2089,
              30.968111
            ],
            [
              66.24858,
              30.819088
            ],
            [
              65.452644,
              30.677673
            ],
            [
              64.64236,
              30.516619
            ],
            [
              64.56925,
              30.501228
            ],
            [
              63.8012,
              30.330824
            ],
            [
              62.90792,
              30.11238
            ],
            [
              62.093575,
              29.894009
            ],
            [
              61.097958,
              29.602066
            ],
            [
              60.13955,
              29.29558
            ],
            [
              58.89179,
              28.861086
            ],
            [
              57.596405,
              28.37132
            ],
            [
              55.73265,
              27.607243
            ],
            [
              53.500698,
              26.616913
            ],
            [
              51.75345,
              25.795162
            ]
          ]
        ]
      },
      "properties": {
        "id": "9575068c-c25f-4646-8096-d7da25a2ac09",
        "source": "Copernicus",
        "sensor": "S5P",
        "type": "optical",
        "datetime": "2026-08-18T08:56:43.000000Z",
        "cloud_cover": null,
        "name": "S5P_NRTI_L2__AER_AI_20260818T085649_20260818T090149_45839_03_020901_20260818T092735.nc",
        "links": [
          {
            "label": "OData詳細",
            "url": "https://catalogue.dataspace.copernicus.eu/odata/v1/Products(9575068c-c25f-4646-8096-d7da25a2ac09)"
          },
          {
            "label": "Copernicus Browserで開く",
            "url": "https://browser.dataspace.copernicus.eu/?zoom=8&product=S5P_NRTI_L2__AER_AI_20260818T085649_20260818T090149_45839_03_020901_20260818T092735.nc"
          }
        ],
        "first_seen": "2026-08-18T10:14:17.015380+00:00"
      }
    },
    {
      "type": "Feature",
      "geometry": {
        "type": "Polygon",
        "coordinates": [
          [
            [
              51.840885,
              25.448854
            ],
            [
              52.39014,
              24.032087
            ],
            [
              52.92049,
              22.611862
            ],
            [
              53.43356,
              21.188522
            ],
            [
              53.929886,
              19.762255
            ],
            [
              54.410736,
              18.333363
            ],
            [
              54.876663,
              16.90192
            ],
            [
              55.328304,
              15.468085
            ],
            [
              55.766773,
              14.032167
            ],
            [
              56.192333,
              12.594152
            ],
            [
              56.605755,
              11.15443
            ],
            [
              57.0075,
              9.712882
            ],
            [
              57.39824,
              8.2699
            ],
            [
              57.56423,
              7.6442227
            ],
            [
              57.875122,
              7.786337
            ],
            [
              60.09755,
              8.786034
            ],
            [
              62.133846,
              9.662563
            ],
            [
              63.29443,
              10.135259
            ],
            [
              64.55954,
              10.619483
            ],
            [
              65.36935,
              10.908728
            ],
            [
              66.32729,
              11.226935
            ],
            [
              66.98255,
              11.428553
            ],
            [
              67.801254,
              11.661456
            ],
            [
              68.38929,
              11.815607
            ],
            [
              69.15733,
              12.000497
            ],
            [
              69.73287,
              12.126959
            ],
            [
              70.51643,
              12.282703
            ],
            [
              71.128716,
              12.391421
            ],
            [
              71.99961,
              12.526986
            ],
            [
              72.71255,
              12.622032
            ],
            [
              73.78092,
              12.739818
            ],
            [
              74.70877,
              12.820877
            ],
            [
              76.20477,
              12.917523
            ],
            [
              77.62939,
              12.979329
            ],
            [
              80.2663,
              13.041243
            ],
            [
              81.47449,
              13.053977
            ],
            [
              81.20575,
              14.506257
            ],
            [
              80.943375,
              15.958675
            ],
            [
              80.68742,
              17.411089
            ],
            [
              80.43776,
              18.863472
            ],
            [
              80.194145,
              20.315752
            ],
            [
              79.95698,
              21.767918
            ],
            [
              79.725555,
              23.21976
            ],
            [
              79.500565,
              24.671494
            ],
            [
              79.28152,
              26.122849
            ],
            [
              79.068954,
              27.573915
            ],
            [
              78.86267,
              29.024591
            ],
            [
              78.662704,
              30.474781
            ],
            [
              78.57828,
              31.103035
            ],
            [
              78.20869,
              31.120825
            ],
            [
              75.53866,
              31.211607
            ],
            [
              73.06892,
              31.22495
            ],
            [
              71.66162,
              31.1936
            ],
            [
              70.13546,
              31.119427
            ],
            [
              69.16599,
              31.04683
            ],
            [
              68.029396,
              30.933025
            ],
            [
              67.25945,
              30.83686
            ],
            [
              66.30698,
              30.695312
            ],
            [
              65.62976,
              30.57896
            ],
            [
              64.75424,
              30.408699
            ],
            [
              64.10499,
              30.267717
            ],
            [
              63.230576,
              30.057627
            ],
            [
              62.55496,
              29.879139
            ],
            [
              61.60542,
              29.604189
            ],
            [
              60.837784,
              29.361397
            ],
            [
              59.702606,
              28.969707
            ],
            [
              58.72995,
              28.604868
            ],
            [
              57.182907,
              27.974825
            ],
            [
              55.727974,
              27.33429
            ],
            [
              53.06062,
              26.06372
            ],
            [
              51.840885,
              25.448854
            ]
          ]
        ]
      },
      "properties": {
        "id": "a78b2c5a-76c0-4d96-a8bd-81e45d8b508e",
        "source": "Copernicus",
        "sensor": "S5P",
        "type": "optical",
        "datetime": "2026-08-18T08:56:43.000000Z",
        "cloud_cover": null,
        "name": "S5P_NRTI_L2__CH4____20260818T085649_20260818T090149_45839_03_020901_20260818T093357.nc",
        "links": [
          {
            "label": "OData詳細",
            "url": "https://catalogue.dataspace.copernicus.eu/odata/v1/Products(a78b2c5a-76c0-4d96-a8bd-81e45d8b508e)"
          },
          {
            "label": "Copernicus Browserで開く",
            "url": "https://browser.dataspace.copernicus.eu/?zoom=8&product=S5P_NRTI_L2__CH4____20260818T085649_20260818T090149_45839_03_020901_20260818T093357.nc"
          }
        ],
        "first_seen": "2026-08-18T10:14:17.015380+00:00"
      }
    },
    {
      "type": "Feature",
      "geometry": {
        "type": "Polygon",
        "coordinates": [
          [
            [
              51.75345,
              25.795162
            ],
            [
              52.3067,
              24.378965
            ],
            [
              52.840813,
              22.95928
            ],
            [
              53.357426,
              21.536442
            ],
            [
              53.8571,
              20.110651
            ],
            [
              54.341125,
              18.682203
            ],
            [
              54.810062,
              17.251186
            ],
            [
              55.264565,
              15.817759
            ],
            [
              55.705753,
              14.382226
            ],
            [
              56.133915,
              12.944584
            ],
            [
              56.54982,
              11.5052185
            ],
            [
              56.953945,
              10.064016
            ],
            [
              57.34697,
              8.621366
            ],
            [
              57.513954,
              7.995734
            ],
            [
              57.59263,
              8.029296
            ],
            [
              59.03532,
              8.639803
            ],
            [
              61.391018,
              9.607051
            ],
            [
              62.875168,
              10.186286
            ],
            [
              64.21624,
              10.679724
            ],
            [
              65.19767,
              11.017779
            ],
            [
              66.17877,
              11.33283
            ],
            [
              66.9553,
              11.564449
            ],
            [
              67.78272,
              11.793198
            ],
            [
              68.475266,
              11.970134
            ],
            [
              69.18702,
              12.138212
            ],
            [
              69.25158,
              12.152771
            ],
            [
              69.93344,
              12.2996235
            ],
            [
              70.73493,
              12.456242
            ],
            [
              71.473785,
              12.585619
            ],
            [
              72.387856,
              12.726532
            ],
            [
              73.2788,
              12.844817
            ],
            [
              74.453995,
              12.975224
            ],
            [
              75.69027,
              13.085914
            ],
            [
              77.492004,
              13.20986
            ],
            [
              79.67273,
              13.318328
            ],
            [
              81.55264,
              13.3873415
            ],
            [
              81.286156,
              14.839176
            ],
            [
              81.02611,
              16.291147
            ],
            [
              80.77258,
              17.743113
            ],
            [
              80.525444,
              19.195047
            ],
            [
              80.28446,
              20.646872
            ],
            [
              80.050064,
              22.098583
            ],
            [
              79.82151,
              23.549957
            ],
            [
              79.59955,
              25.001223
            ],
            [
              79.383675,
              26.452095
            ],
            [
              79.17445,
              27.902678
            ],
            [
              78.971695,
              29.35286
            ],
            [
              78.775444,
              30.80254
            ],
            [
              78.69269,
              31.430672
            ],
            [
              78.59691,
              31.433367
            ],
            [
              76.688194,
              31.470747
            ],
            [
              73.85179,
              31.460745
            ],
            [
              72.06124,
              31.404308
            ],
            [
              70.45007,
              31.31133
            ],
            [
              69.27929,
              31.213724
            ],
            [
              68.11885,
              31.088316
            ],
            [
              67.2089,
              30.968111
            ],
            [
              66.24858,
              30.819088
            ],
            [
              65.452644,
              30.677673
            ],
            [
              64.64236,
              30.516619
            ],
            [
              64.56925,
              30.501228
            ],
            [
              63.8012,
              30.330824
            ],
            [
              62.90792,
              30.11238
            ],
            [
              62.093575,
              29.894009
            ],
            [
              61.097958,
              29.602066
            ],
            [
              60.13955,
              29.29558
            ],
            [
              58.89179,
              28.861086
            ],
            [
              57.596405,
              28.37132
            ],
            [
              55.73265,
              27.607243
            ],
            [
              53.500698,
              26.616913
            ],
            [
              51.75345,
              25.795162
            ]
          ]
        ]
      },
      "properties": {
        "id": "e3e3365f-9089-4851-b678-d1e1e870a826",
        "source": "Copernicus",
        "sensor": "S5P",
        "type": "optical",
        "datetime": "2026-08-18T08:56:43.000000Z",
        "cloud_cover": null,
        "name": "S5P_NRTI_L2__SO2____20260818T085649_20260818T090149_45839_03_020800_20260818T093453.nc",
        "links": [
          {
            "label": "OData詳細",
            "url": "https://catalogue.dataspace.copernicus.eu/odata/v1/Products(e3e3365f-9089-4851-b678-d1e1e870a826)"
          },
          {
            "label": "Copernicus Browserで開く",
            "url": "https://browser.dataspace.copernicus.eu/?zoom=8&product=S5P_NRTI_L2__SO2____20260818T085649_20260818T090149_45839_03_020800_20260818T093453.nc"
          }
        ],
        "first_seen": "2026-08-18T10:14:17.015380+00:00"
      }
    },
    {
      "type": "Feature",
      "geometry": {
        "type": "Polygon",
        "coordinates": [
          [
            [
              51.75345,
              25.795162
            ],
            [
              52.3067,
              24.378965
            ],
            [
              52.840813,
              22.95928
            ],
            [
              53.357426,
              21.536442
            ],
            [
              53.8571,
              20.110651
            ],
            [
              54.341125,
              18.682203
            ],
            [
              54.810062,
              17.251186
            ],
            [
              55.264565,
              15.817759
            ],
            [
              55.705753,
              14.382226
            ],
            [
              56.133915,
              12.944584
            ],
            [
              56.54982,
              11.5052185
            ],
            [
              56.953945,
              10.064016
            ],
            [
              57.34697,
              8.621366
            ],
            [
              57.513954,
              7.995734
            ],
            [
              57.59263,
              8.029296
            ],
            [
              59.03532,
              8.639803
            ],
            [
              61.391018,
              9.607051
            ],
            [
              62.875168,
              10.186286
            ],
            [
              64.21624,
              10.679724
            ],
            [
              65.19767,
              11.017779
            ],
            [
              66.17877,
              11.33283
            ],
            [
              66.9553,
              11.564449
            ],
            [
              67.78272,
              11.793198
            ],
            [
              68.475266,
              11.970134
            ],
            [
              69.18702,
              12.138212
            ],
            [
              69.25158,
              12.152771
            ],
            [
              69.93344,
              12.2996235
            ],
            [
              70.73493,
              12.456242
            ],
            [
              71.473785,
              12.585619
            ],
            [
              72.387856,
              12.726532
            ],
            [
              73.2788,
              12.844817
            ],
            [
              74.453995,
              12.975224
            ],
            [
              75.69027,
              13.085914
            ],
            [
              77.492004,
              13.20986
            ],
            [
              79.67273,
              13.318328
            ],
            [
              81.55264,
              13.3873415
            ],
            [
              81.286156,
              14.839176
            ],
            [
              81.02611,
              16.291147
            ],
            [
              80.77258,
              17.743113
            ],
            [
              80.525444,
              19.195047
            ],
            [
              80.28446,
              20.646872
            ],
            [
              80.050064,
              22.098583
            ],
            [
              79.82151,
              23.549957
            ],
            [
              79.59955,
              25.001223
            ],
            [
              79.383675,
              26.452095
            ],
            [
              79.17445,
              27.902678
            ],
            [
              78.971695,
              29.35286
            ],
            [
              78.775444,
              30.80254
            ],
            [
              78.69269,
              31.430672
            ],
            [
              78.59691,
              31.433367
            ],
            [
              76.688194,
              31.470747
            ],
            [
              73.85179,
              31.460745
            ],
            [
              72.06124,
              31.404308
            ],
            [
              70.45007,
              31.31133
            ],
            [
              69.27929,
              31.213724
            ],
            [
              68.11885,
              31.088316
            ],
            [
              67.2089,
              30.968111
            ],
            [
              66.24858,
              30.819088
            ],
            [
              65.452644,
              30.677673
            ],
            [
              64.64236,
              30.516619
            ],
            [
              64.56925,
              30.501228
            ],
            [
              63.8012,
              30.330824
            ],
            [
              62.90792,
              30.11238
            ],
            [
              62.093575,
              29.894009
            ],
            [
              61.097958,
              29.602066
            ],
            [
              60.13955,
              29.29558
            ],
            [
              58.89179,
              28.861086
            ],
            [
              57.596405,
              28.37132
            ],
            [
              55.73265,
              27.607243
            ],
            [
              53.500698,
              26.616913
            ],
            [
              51.75345,
              25.795162
            ]
          ]
        ]
      },
      "properties": {
        "id": "e96701ec-0da3-432c-84ca-e2dfe867a32e",
        "source": "Copernicus",
        "sensor": "S5P",
        "type": "optical",
        "datetime": "2026-08-18T08:56:43.000000Z",
        "cloud_cover": null,
        "name": "S5P_NRTI_L2__CLOUD__20260818T085649_20260818T090149_45839_03_020800_20260818T092733.nc",
        "links": [
          {
            "label": "OData詳細",
            "url": "https://catalogue.dataspace.copernicus.eu/odata/v1/Products(e96701ec-0da3-432c-84ca-e2dfe867a32e)"
          },
          {
            "label": "Copernicus Browserで開く",
            "url": "https://browser.dataspace.copernicus.eu/?zoom=8&product=S5P_NRTI_L2__CLOUD__20260818T085649_20260818T090149_45839_03_020800_20260818T092733.nc"
          }
        ],
        "first_seen": "2026-08-18T10:14:17.015380+00:00"
      }
    },
    {
      "type": "Feature",
      "geometry": {
        "type": "Polygon",
        "coordinates": [
          [
            [
              51.75345,
              25.795162
            ],
            [
              52.3067,
              24.378965
            ],
            [
              52.840813,
              22.95928
            ],
            [
              53.357426,
              21.536442
            ],
            [
              53.8571,
              20.110651
            ],
            [
              54.341125,
              18.682203
            ],
            [
              54.810062,
              17.251186
            ],
            [
              55.264565,
              15.817759
            ],
            [
              55.705753,
              14.382226
            ],
            [
              56.133915,
              12.944584
            ],
            [
              56.54982,
              11.5052185
            ],
            [
              56.953945,
              10.064016
            ],
            [
              57.34697,
              8.621366
            ],
            [
              57.513954,
              7.995734
            ],
            [
              57.59263,
              8.029296
            ],
            [
              59.03532,
              8.639803
            ],
            [
              61.391018,
              9.607051
            ],
            [
              62.875168,
              10.186286
            ],
            [
              64.21624,
              10.679724
            ],
            [
              65.19767,
              11.017779
            ],
            [
              66.17877,
              11.33283
            ],
            [
              66.9553,
              11.564449
            ],
            [
              67.78272,
              11.793198
            ],
            [
              68.475266,
              11.970134
            ],
            [
              69.18702,
              12.138212
            ],
            [
              69.25158,
              12.152771
            ],
            [
              69.93344,
              12.2996235
            ],
            [
              70.73493,
              12.456242
            ],
            [
              71.473785,
              12.585619
            ],
            [
              72.387856,
              12.726532
            ],
            [
              73.2788,
              12.844817
            ],
            [
              74.453995,
              12.975224
            ],
            [
              75.69027,
              13.085914
            ],
            [
              77.492004,
              13.20986
            ],
            [
              79.67273,
              13.318328
            ],
            [
              81.55264,
              13.3873415
            ],
            [
              81.286156,
              14.839176
            ],
            [
              81.02611,
              16.291147
            ],
            [
              80.77258,
              17.743113
            ],
            [
              80.525444,
              19.195047
            ],
            [
              80.28446,
              20.646872
            ],
            [
              80.050064,
              22.098583
            ],
            [
              79.82151,
              23.549957
            ],
            [
              79.59955,
              25.001223
            ],
            [
              79.383675,
              26.452095
            ],
            [
              79.17445,
              27.902678
            ],
            [
              78.971695,
              29.35286
            ],
            [
              78.775444,
              30.80254
            ],
            [
              78.69269,
              31.430672
            ],
            [
              78.59691,
              31.433367
            ],
            [
              76.688194,
              31.470747
            ],
            [
              73.85179,
              31.460745
            ],
            [
              72.06124,
              31.404308
            ],
            [
              70.45007,
              31.31133
            ],
            [
              69.27929,
              31.213724
            ],
            [
              68.11885,
              31.088316
            ],
            [
              67.2089,
              30.968111
            ],
            [
              66.24858,
              30.819088
            ],
            [
              65.452644,
              30.677673
            ],
            [
              64.64236,
              30.516619
            ],
            [
              64.56925,
              30.501228
            ],
            [
              63.8012,
              30.330824
            ],
            [
              62.90792,
              30.11238
            ],
            [
              62.093575,
              29.894009
            ],
            [
              61.097958,
              29.602066
            ],
            [
              60.13955,
              29.29558
            ],
            [
              58.89179,
              28.861086
            ],
            [
              57.596405,
              28.37132
            ],
            [
              55.73265,
              27.607243
            ],
            [
              53.500698,
              26.616913
            ],
            [
              51.75345,
              25.795162
            ]
          ]
        ]
      },
      "properties": {
        "id": "eedcb8ac-fced-48f0-9e1a-22d09b358b0c",
        "source": "Copernicus",
        "sensor": "S5P",
        "type": "optical",
        "datetime": "2026-08-18T08:56:43.000000Z",
        "cloud_cover": null,
        "name": "S5P_NRTI_L2__O3_____20260818T085649_20260818T090149_45839_03_020800_20260818T093356.nc",
        "links": [
          {
            "label": "OData詳細",
            "url": "https://catalogue.dataspace.copernicus.eu/odata/v1/Products(eedcb8ac-fced-48f0-9e1a-22d09b358b0c)"
          },
          {
            "label": "Copernicus Browserで開く",
            "url": "https://browser.dataspace.copernicus.eu/?zoom=8&product=S5P_NRTI_L2__O3_____20260818T085649_20260818T090149_45839_03_020800_20260818T093356.nc"
          }
        ],
        "first_seen": "2026-08-18T10:14:17.015380+00:00"
      }
    },
    {
      "type": "Feature",
      "geometry": {
        "type": "Polygon",
        "coordinates": [
          [
            [
              51.75345,
              25.795162
            ],
            [
              52.3067,
              24.378965
            ],
            [
              52.840813,
              22.95928
            ],
            [
              53.357426,
              21.536442
            ],
            [
              53.8571,
              20.110651
            ],
            [
              54.341125,
              18.682203
            ],
            [
              54.810062,
              17.251186
            ],
            [
              55.264565,
              15.817759
            ],
            [
              55.705753,
              14.382226
            ],
            [
              56.133915,
              12.944584
            ],
            [
              56.54982,
              11.5052185
            ],
            [
              56.953945,
              10.064016
            ],
            [
              57.34697,
              8.621366
            ],
            [
              57.513954,
              7.995734
            ],
            [
              57.59263,
              8.029296
            ],
            [
              59.03532,
              8.639803
            ],
            [
              61.391018,
              9.607051
            ],
            [
              62.875168,
              10.186286
            ],
            [
              64.21624,
              10.679724
            ],
            [
              65.19767,
              11.017779
            ],
            [
              66.17877,
              11.33283
            ],
            [
              66.9553,
              11.564449
            ],
            [
              67.78272,
              11.793198
            ],
            [
              68.475266,
              11.970134
            ],
            [
              69.18702,
              12.138212
            ],
            [
              69.25158,
              12.152771
            ],
            [
              69.93344,
              12.2996235
            ],
            [
              70.73493,
              12.456242
            ],
            [
              71.473785,
              12.585619
            ],
            [
              72.387856,
              12.726532
            ],
            [
              73.2788,
              12.844817
            ],
            [
              74.453995,
              12.975224
            ],
            [
              75.69027,
              13.085914
            ],
            [
              77.492004,
              13.20986
            ],
            [
              79.67273,
              13.318328
            ],
            [
              81.55264,
              13.3873415
            ],
            [
              81.286156,
              14.839176
            ],
            [
              81.02611,
              16.291147
            ],
            [
              80.77258,
              17.743113
            ],
            [
              80.525444,
              19.195047
            ],
            [
              80.28446,
              20.646872
            ],
            [
              80.050064,
              22.098583
            ],
            [
              79.82151,
              23.549957
            ],
            [
              79.59955,
              25.001223
            ],
            [
              79.383675,
              26.452095
            ],
            [
              79.17445,
              27.902678
            ],
            [
              78.971695,
              29.35286
            ],
            [
              78.775444,
              30.80254
            ],
            [
              78.69269,
              31.430672
            ],
            [
              78.59691,
              31.433367
            ],
            [
              76.688194,
              31.470747
            ],
            [
              73.85179,
              31.460745
            ],
            [
              72.06124,
              31.404308
            ],
            [
              70.45007,
              31.31133
            ],
            [
              69.27929,
              31.213724
            ],
            [
              68.11885,
              31.088316
            ],
            [
              67.2089,
              30.968111
            ],
            [
              66.24858,
              30.819088
            ],
            [
              65.452644,
              30.677673
            ],
            [
              64.64236,
              30.516619
            ],
            [
              64.56925,
              30.501228
            ],
            [
              63.8012,
              30.330824
            ],
            [
              62.90792,
              30.11238
            ],
            [
              62.093575,
              29.894009
            ],
            [
              61.097958,
              29.602066
            ],
            [
              60.13955,
              29.29558
            ],
            [
              58.89179,
              28.861086
            ],
            [
              57.596405,
              28.37132
            ],
            [
              55.73265,
              27.607243
            ],
            [
              53.500698,
              26.616913
            ],
            [
              51.75345,
              25.795162
            ]
          ]
        ]
      },
      "properties": {
        "id": "f91a57e2-de83-4f92-8cb4-8c9697eed4b6",
        "source": "Copernicus",
        "sensor": "S5P",
        "type": "optical",
        "datetime": "2026-08-18T08:56:43.000000Z",
        "cloud_cover": null,
        "name": "S5P_NRTI_L2__NO2____20260818T085649_20260818T090149_45839_03_020901_20260818T093401.nc",
        "links": [
          {
            "label": "OData詳細",
            "url": "https://catalogue.dataspace.copernicus.eu/odata/v1/Products(f91a57e2-de83-4f92-8cb4-8c9697eed4b6)"
          },
          {
            "label": "Copernicus Browserで開く",
            "url": "https://browser.dataspace.copernicus.eu/?zoom=8&product=S5P_NRTI_L2__NO2____20260818T085649_20260818T090149_45839_03_020901_20260818T093401.nc"
          }
        ],
        "first_seen": "2026-08-18T10:14:17.015380+00:00"
      }
    },
    {
      "type": "Feature",
      "geometry": {
        "type": "Polygon",
        "coordinates": [
          [
            [
              51.708256,
              25.348997
            ],
            [
              52.25821,
              23.933203
            ],
            [
              52.789192,
              22.51392
            ],
            [
              53.30284,
              21.091496
            ],
            [
              53.79968,
              19.66612
            ],
            [
              54.28098,
              18.238096
            ],
            [
              54.747295,
              16.8075
            ],
            [
              55.199253,
              15.374489
            ],
            [
              55.637974,
              13.939379
            ],
            [
              56.063713,
              12.502151
            ],
            [
              56.477253,
              11.063202
            ],
            [
              56.87904,
              9.622409
            ],
            [
              57.26975,
              8.180169
            ],
            [
              57.435734,
              7.5547132
            ],
            [
              57.75255,
              7.700285
            ],
            [
              58.337605,
              7.9679184
            ],
            [
              60.214207,
              8.812262
            ],
            [
              60.962044,
              9.140483
            ],
            [
              62.491737,
              9.790358
            ],
            [
              63.006615,
              10.000855
            ],
            [
              64.33236,
              10.518175
            ],
            [
              65.085815,
              10.793458
            ],
            [
              66.69384,
              11.3268795
            ],
            [
              67.26655,
              11.497521
            ],
            [
              68.60858,
              11.85609
            ],
            [
              69.12866,
              11.979539
            ],
            [
              70.44339,
              12.253687
            ],
            [
              70.99243,
              12.352373
            ],
            [
              72.49357,
              12.57662
            ],
            [
              73.17471,
              12.657708
            ],
            [
              74.99945,
              12.820465
            ],
            [
              75.48479,
              12.852379
            ],
            [
              76.89516,
              12.9237795
            ],
            [
              77.5645,
              12.9484
            ],
            [
              79.6507,
              12.99686
            ],
            [
              80.44442,
              13.006609
            ],
            [
              81.68977,
              13.014687
            ],
            [
              81.42214,
              14.4658785
            ],
            [
              81.16103,
              15.91721
            ],
            [
              80.90652,
              17.368532
            ],
            [
              80.65845,
              18.819824
            ],
            [
              80.41661,
              20.27101
            ],
            [
              80.181404,
              21.722073
            ],
            [
              79.9521,
              23.17281
            ],
            [
              79.72945,
              24.62343
            ],
            [
              79.512924,
              26.073666
            ],
            [
              79.30311,
              27.5236
            ],
            [
              79.09979,
              28.973135
            ],
            [
              78.903015,
              30.42217
            ],
            [
              78.82005,
              31.050018
            ],
            [
              78.438644,
              31.070175
            ],
            [
              77.73182,
              31.104193
            ],
            [
              75.44881,
              31.181574
            ],
            [
              74.53514,
              31.196806
            ],
            [
              72.66614,
              31.194092
            ],
            [
              72.0385,
              31.181414
            ],
            [
              70.43018,
              31.116686
            ],
            [
              69.52335,
              31.056866
            ],
            [
              67.61262,
              30.866238
            ],
            [
              66.94167,
              30.776442
            ],
            [
              65.391464,
              30.520077
            ],
            [
              64.79934,
              30.40357
            ],
            [
              63.324593,
              30.067255
            ],
            [
              62.718193,
              29.909418
            ],
            [
              61.088394,
              29.427675
            ],
            [
              60.361916,
              29.186165
            ],
            [
              58.45123,
              28.47727
            ],
            [
              57.950603,
              28.275354
            ],
            [
              56.510296,
              27.661882
            ],
            [
              55.833027,
              27.35842
            ],
            [
              53.740154,
              26.36984
            ],
            [
              52.948524,
              25.978544
            ],
            [
              51.708256,
              25.348997
            ]
          ]
        ]
      },
      "properties": {
        "id": "0bae76cc-886f-4e27-9a4b-2feec115d969",
        "source": "Copernicus",
        "sensor": "S5P",
        "type": "optical",
        "datetime": "2026-08-18T08:55:44.000000Z",
        "cloud_cover": null,
        "name": "S5P_NRTI_L1B_RA_BD1_20260818T085643_20260818T090155_45839_03_030000_20260818T092030.nc",
        "links": [
          {
            "label": "OData詳細",
            "url": "https://catalogue.dataspace.copernicus.eu/odata/v1/Products(0bae76cc-886f-4e27-9a4b-2feec115d969)"
          },
          {
            "label": "Copernicus Browserで開く",
            "url": "https://browser.dataspace.copernicus.eu/?zoom=8&product=S5P_NRTI_L1B_RA_BD1_20260818T085643_20260818T090155_45839_03_030000_20260818T092030.nc"
          }
        ],
        "first_seen": "2026-08-18T10:14:17.015380+00:00"
      }
    },
    {
      "type": "Feature",
      "geometry": {
        "type": "Polygon",
        "coordinates": [
          [
            [
              51.708256,
              25.348997
            ],
            [
              52.25821,
              23.933203
            ],
            [
              52.789192,
              22.51392
            ],
            [
              53.30284,
              21.091496
            ],
            [
              53.79968,
              19.66612
            ],
            [
              54.28098,
              18.238096
            ],
            [
              54.747295,
              16.8075
            ],
            [
              55.199253,
              15.374489
            ],
            [
              55.637974,
              13.939379
            ],
            [
              56.063713,
              12.502151
            ],
            [
              56.477253,
              11.063202
            ],
            [
              56.87904,
              9.622409
            ],
            [
              57.26975,
              8.180169
            ],
            [
              57.435734,
              7.5547132
            ],
            [
              57.75255,
              7.700285
            ],
            [
              58.337605,
              7.9679184
            ],
            [
              60.214207,
              8.812262
            ],
            [
              60.962044,
              9.140483
            ],
            [
              62.491737,
              9.790358
            ],
            [
              63.006615,
              10.000855
            ],
            [
              64.33236,
              10.518175
            ],
            [
              65.085815,
              10.793458
            ],
            [
              66.69384,
              11.3268795
            ],
            [
              67.26655,
              11.497521
            ],
            [
              68.60858,
              11.85609
            ],
            [
              69.12866,
              11.979539
            ],
            [
              70.44339,
              12.253687
            ],
            [
              70.99243,
              12.352373
            ],
            [
              72.49357,
              12.57662
            ],
            [
              73.17471,
              12.657708
            ],
            [
              74.99945,
              12.820465
            ],
            [
              75.48479,
              12.852379
            ],
            [
              76.89516,
              12.9237795
            ],
            [
              77.5645,
              12.9484
            ],
            [
              79.6507,
              12.99686
            ],
            [
              80.44442,
              13.006609
            ],
            [
              81.68977,
              13.014687
            ],
            [
              81.42214,
              14.4658785
            ],
            [
              81.16103,
              15.91721
            ],
            [
              80.90652,
              17.368532
            ],
            [
              80.65845,
              18.819824
            ],
            [
              80.41661,
              20.27101
            ],
            [
              80.181404,
              21.722073
            ],
            [
              79.9521,
              23.17281
            ],
            [
              79.72945,
              24.62343
            ],
            [
              79.512924,
              26.073666
            ],
            [
              79.30311,
              27.5236
            ],
            [
              79.09979,
              28.973135
            ],
            [
              78.903015,
              30.42217
            ],
            [
              78.82005,
              31.050018
            ],
            [
              78.438644,
              31.070175
            ],
            [
              77.73182,
              31.104193
            ],
            [
              75.44881,
              31.181574
            ],
            [
              74.53514,
              31.196806
            ],
            [
              72.66614,
              31.194092
            ],
            [
              72.0385,
              31.181414
            ],
            [
              70.43018,
              31.116686
            ],
            [
              69.52335,
              31.056866
            ],
            [
              67.61262,
              30.866238
            ],
            [
              66.94167,
              30.776442
            ],
            [
              65.391464,
              30.520077
            ],
            [
              64.79934,
              30.40357
            ],
            [
              63.324593,
              30.067255
            ],
            [
              62.718193,
              29.909418
            ],
            [
              61.088394,
              29.427675
            ],
            [
              60.361916,
              29.186165
            ],
            [
              58.45123,
              28.47727
            ],
            [
              57.950603,
              28.275354
            ],
            [
              56.510296,
              27.661882
            ],
            [
              55.833027,
              27.35842
            ],
            [
              53.740154,
              26.36984
            ],
            [
              52.948524,
              25.978544
            ],
            [
              51.708256,
              25.348997
            ]
          ]
        ]
      },
      "properties": {
        "id": "119cce37-624d-422e-924a-851749df2f0f",
        "source": "Copernicus",
        "sensor": "S5P",
        "type": "optical",
        "datetime": "2026-08-18T08:55:44.000000Z",
        "cloud_cover": null,
        "name": "S5P_NRTI_L1B_RA_BD3_20260818T085643_20260818T090155_45839_03_030000_20260818T092030.nc",
        "links": [
          {
            "label": "OData詳細",
            "url": "https://catalogue.dataspace.copernicus.eu/odata/v1/Products(119cce37-624d-422e-924a-851749df2f0f)"
          },
          {
            "label": "Copernicus Browserで開く",
            "url": "https://browser.dataspace.copernicus.eu/?zoom=8&product=S5P_NRTI_L1B_RA_BD3_20260818T085643_20260818T090155_45839_03_030000_20260818T092030.nc"
          }
        ],
        "first_seen": "2026-08-18T10:14:17.015380+00:00"
      }
    },
    {
      "type": "Feature",
      "geometry": {
        "type": "Polygon",
        "coordinates": [
          [
            [
              51.708256,
              25.348997
            ],
            [
              52.25821,
              23.933203
            ],
            [
              52.789192,
              22.51392
            ],
            [
              53.30284,
              21.091496
            ],
            [
              53.79968,
              19.66612
            ],
            [
              54.28098,
              18.238096
            ],
            [
              54.747295,
              16.8075
            ],
            [
              55.199253,
              15.374489
            ],
            [
              55.637974,
              13.939379
            ],
            [
              56.063713,
              12.502151
            ],
            [
              56.477253,
              11.063202
            ],
            [
              56.87904,
              9.622409
            ],
            [
              57.26975,
              8.180169
            ],
            [
              57.435734,
              7.5547132
            ],
            [
              57.75255,
              7.700285
            ],
            [
              58.337605,
              7.9679184
            ],
            [
              60.214207,
              8.812262
            ],
            [
              60.962044,
              9.140483
            ],
            [
              62.491737,
              9.790358
            ],
            [
              63.006615,
              10.000855
            ],
            [
              64.33236,
              10.518175
            ],
            [
              65.085815,
              10.793458
            ],
            [
              66.69384,
              11.3268795
            ],
            [
              67.26655,
              11.497521
            ],
            [
              68.60858,
              11.85609
            ],
            [
              69.12866,
              11.979539
            ],
            [
              70.44339,
              12.253687
            ],
            [
              70.99243,
              12.352373
            ],
            [
              72.49357,
              12.57662
            ],
            [
              73.17471,
              12.657708
            ],
            [
              74.99945,
              12.820465
            ],
            [
              75.48479,
              12.852379
            ],
            [
              76.89516,
              12.9237795
            ],
            [
              77.5645,
              12.9484
            ],
            [
              79.6507,
              12.99686
            ],
            [
              80.44442,
              13.006609
            ],
            [
              81.68977,
              13.014687
            ],
            [
              81.42214,
              14.4658785
            ],
            [
              81.16103,
              15.91721
            ],
            [
              80.90652,
              17.368532
            ],
            [
              80.65845,
              18.819824
            ],
            [
              80.41661,
              20.27101
            ],
            [
              80.181404,
              21.722073
            ],
            [
              79.9521,
              23.17281
            ],
            [
              79.72945,
              24.62343
            ],
            [
              79.512924,
              26.073666
            ],
            [
              79.30311,
              27.5236
            ],
            [
              79.09979,
              28.973135
            ],
            [
              78.903015,
              30.42217
            ],
            [
              78.82005,
              31.050018
            ],
            [
              78.438644,
              31.070175
            ],
            [
              77.73182,
              31.104193
            ],
            [
              75.44881,
              31.181574
            ],
            [
              74.53514,
              31.196806
            ],
            [
              72.66614,
              31.194092
            ],
            [
              72.0385,
              31.181414
            ],
            [
              70.43018,
              31.116686
            ],
            [
              69.52335,
              31.056866
            ],
            [
              67.61262,
              30.866238
            ],
            [
              66.94167,
              30.776442
            ],
            [
              65.391464,
              30.520077
            ],
            [
              64.79934,
              30.40357
            ],
            [
              63.324593,
              30.067255
            ],
            [
              62.718193,
              29.909418
            ],
            [
              61.088394,
              29.427675
            ],
            [
              60.361916,
              29.186165
            ],
            [
              58.45123,
              28.47727
            ],
            [
              57.950603,
              28.275354
            ],
            [
              56.510296,
              27.661882
            ],
            [
              55.833027,
              27.35842
            ],
            [
              53.740154,
              26.36984
            ],
            [
              52.948524,
              25.978544
            ],
            [
              51.708256,
              25.348997
            ]
          ]
        ]
      },
      "properties": {
        "id": "16c9183e-253c-49b3-83f9-05650631cef2",
        "source": "Copernicus",
        "sensor": "S5P",
        "type": "optical",
        "datetime": "2026-08-18T08:55:44.000000Z",
        "cloud_cover": null,
        "name": "S5P_NRTI_L1B_RA_BD2_20260818T085643_20260818T090155_45839_03_030000_20260818T092030.nc",
        "links": [
          {
            "label": "OData詳細",
            "url": "https://catalogue.dataspace.copernicus.eu/odata/v1/Products(16c9183e-253c-49b3-83f9-05650631cef2)"
          },
          {
            "label": "Copernicus Browserで開く",
            "url": "https://browser.dataspace.copernicus.eu/?zoom=8&product=S5P_NRTI_L1B_RA_BD2_20260818T085643_20260818T090155_45839_03_030000_20260818T092030.nc"
          }
        ],
        "first_seen": "2026-08-18T10:14:17.015380+00:00"
      }
    },
    {
      "type": "Feature",
      "geometry": {
        "type": "Polygon",
        "coordinates": [
          [
            [
              51.708256,
              25.348997
            ],
            [
              52.25821,
              23.933203
            ],
            [
              52.789192,
              22.51392
            ],
            [
              53.30284,
              21.091496
            ],
            [
              53.79968,
              19.66612
            ],
            [
              54.28098,
              18.238096
            ],
            [
              54.747295,
              16.8075
            ],
            [
              55.199253,
              15.374489
            ],
            [
              55.637974,
              13.939379
            ],
            [
              56.063713,
              12.502151
            ],
            [
              56.477253,
              11.063202
            ],
            [
              56.87904,
              9.622409
            ],
            [
              57.26975,
              8.180169
            ],
            [
              57.435734,
              7.5547132
            ],
            [
              57.75255,
              7.700285
            ],
            [
              58.337605,
              7.9679184
            ],
            [
              60.214207,
              8.812262
            ],
            [
              60.962044,
              9.140483
            ],
            [
              62.491737,
              9.790358
            ],
            [
              63.006615,
              10.000855
            ],
            [
              64.33236,
              10.518175
            ],
            [
              65.085815,
              10.793458
            ],
            [
              66.69384,
              11.3268795
            ],
            [
              67.26655,
              11.497521
            ],
            [
              68.60858,
              11.85609
            ],
            [
              69.12866,
              11.979539
            ],
            [
              70.44339,
              12.253687
            ],
            [
              70.99243,
              12.352373
            ],
            [
              72.49357,
              12.57662
            ],
            [
              73.17471,
              12.657708
            ],
            [
              74.99945,
              12.820465
            ],
            [
              75.48479,
              12.852379
            ],
            [
              76.89516,
              12.9237795
            ],
            [
              77.5645,
              12.9484
            ],
            [
              79.6507,
              12.99686
            ],
            [
              80.44442,
              13.006609
            ],
            [
              81.68977,
              13.014687
            ],
            [
              81.42214,
              14.4658785
            ],
            [
              81.16103,
              15.91721
            ],
            [
              80.90652,
              17.368532
            ],
            [
              80.65845,
              18.819824
            ],
            [
              80.41661,
              20.27101
            ],
            [
              80.181404,
              21.722073
            ],
            [
              79.9521,
              23.17281
            ],
            [
              79.72945,
              24.62343
            ],
            [
              79.512924,
              26.073666
            ],
            [
              79.30311,
              27.5236
            ],
            [
              79.09979,
              28.973135
            ],
            [
              78.903015,
              30.42217
            ],
            [
              78.82005,
              31.050018
            ],
            [
              78.438644,
              31.070175
            ],
            [
              77.73182,
              31.104193
            ],
            [
              75.44881,
              31.181574
            ],
            [
              74.53514,
              31.196806
            ],
            [
              72.66614,
              31.194092
            ],
            [
              72.0385,
              31.181414
            ],
            [
              70.43018,
              31.116686
            ],
            [
              69.52335,
              31.056866
            ],
            [
              67.61262,
              30.866238
            ],
            [
              66.94167,
              30.776442
            ],
            [
              65.391464,
              30.520077
            ],
            [
              64.79934,
              30.40357
            ],
            [
              63.324593,
              30.067255
            ],
            [
              62.718193,
              29.909418
            ],
            [
              61.088394,
              29.427675
            ],
            [
              60.361916,
              29.186165
            ],
            [
              58.45123,
              28.47727
            ],
            [
              57.950603,
              28.275354
            ],
            [
              56.510296,
              27.661882
            ],
            [
              55.833027,
              27.35842
            ],
            [
              53.740154,
              26.36984
            ],
            [
              52.948524,
              25.978544
            ],
            [
              51.708256,
              25.348997
            ]
          ]
        ]
      },
      "properties": {
        "id": "372471db-2165-47a0-9b36-400d0b269111",
        "source": "Copernicus",
        "sensor": "S5P",
        "type": "optical",
        "datetime": "2026-08-18T08:55:44.000000Z",
        "cloud_cover": null,
        "name": "S5P_NRTI_L1B_RA_BD4_20260818T085643_20260818T090155_45839_03_030000_20260818T092030.nc",
        "links": [
          {
            "label": "OData詳細",
            "url": "https://catalogue.dataspace.copernicus.eu/odata/v1/Products(372471db-2165-47a0-9b36-400d0b269111)"
          },
          {
            "label": "Copernicus Browserで開く",
            "url": "https://browser.dataspace.copernicus.eu/?zoom=8&product=S5P_NRTI_L1B_RA_BD4_20260818T085643_20260818T090155_45839_03_030000_20260818T092030.nc"
          }
        ],
        "first_seen": "2026-08-18T10:14:17.015380+00:00"
      }
    },
    {
      "type": "Feature",
      "geometry": {
        "type": "Polygon",
        "coordinates": [
          [
            [
              51.708256,
              25.348997
            ],
            [
              52.25821,
              23.933203
            ],
            [
              52.789192,
              22.51392
            ],
            [
              53.30284,
              21.091496
            ],
            [
              53.79968,
              19.66612
            ],
            [
              54.28098,
              18.238096
            ],
            [
              54.747295,
              16.8075
            ],
            [
              55.199253,
              15.374489
            ],
            [
              55.637974,
              13.939379
            ],
            [
              56.063713,
              12.502151
            ],
            [
              56.477253,
              11.063202
            ],
            [
              56.87904,
              9.622409
            ],
            [
              57.26975,
              8.180169
            ],
            [
              57.435734,
              7.5547132
            ],
            [
              57.75255,
              7.700285
            ],
            [
              58.337605,
              7.9679184
            ],
            [
              60.214207,
              8.812262
            ],
            [
              60.962044,
              9.140483
            ],
            [
              62.491737,
              9.790358
            ],
            [
              63.006615,
              10.000855
            ],
            [
              64.33236,
              10.518175
            ],
            [
              65.085815,
              10.793458
            ],
            [
              66.69384,
              11.3268795
            ],
            [
              67.26655,
              11.497521
            ],
            [
              68.60858,
              11.85609
            ],
            [
              69.12866,
              11.979539
            ],
            [
              70.44339,
              12.253687
            ],
            [
              70.99243,
              12.352373
            ],
            [
              72.49357,
              12.57662
            ],
            [
              73.17471,
              12.657708
            ],
            [
              74.99945,
              12.820465
            ],
            [
              75.48479,
              12.852379
            ],
            [
              76.89516,
              12.9237795
            ],
            [
              77.5645,
              12.9484
            ],
            [
              79.6507,
              12.99686
            ],
            [
              80.44442,
              13.006609
            ],
            [
              81.68977,
              13.014687
            ],
            [
              81.42214,
              14.4658785
            ],
            [
              81.16103,
              15.91721
            ],
            [
              80.90652,
              17.368532
            ],
            [
              80.65845,
              18.819824
            ],
            [
              80.41661,
              20.27101
            ],
            [
              80.181404,
              21.722073
            ],
            [
              79.9521,
              23.17281
            ],
            [
              79.72945,
              24.62343
            ],
            [
              79.512924,
              26.073666
            ],
            [
              79.30311,
              27.5236
            ],
            [
              79.09979,
              28.973135
            ],
            [
              78.903015,
              30.42217
            ],
            [
              78.82005,
              31.050018
            ],
            [
              78.438644,
              31.070175
            ],
            [
              77.73182,
              31.104193
            ],
            [
              75.44881,
              31.181574
            ],
            [
              74.53514,
              31.196806
            ],
            [
              72.66614,
              31.194092
            ],
            [
              72.0385,
              31.181414
            ],
            [
              70.43018,
              31.116686
            ],
            [
              69.52335,
              31.056866
            ],
            [
              67.61262,
              30.866238
            ],
            [
              66.94167,
              30.776442
            ],
            [
              65.391464,
              30.520077
            ],
            [
              64.79934,
              30.40357
            ],
            [
              63.324593,
              30.067255
            ],
            [
              62.718193,
              29.909418
            ],
            [
              61.088394,
              29.427675
            ],
            [
              60.361916,
              29.186165
            ],
            [
              58.45123,
              28.47727
            ],
            [
              57.950603,
              28.275354
            ],
            [
              56.510296,
              27.661882
            ],
            [
              55.833027,
              27.35842
            ],
            [
              53.740154,
              26.36984
            ],
            [
              52.948524,
              25.978544
            ],
            [
              51.708256,
              25.348997
            ]
          ]
        ]
      },
      "properties": {
        "id": "400537d8-c064-4831-9a73-95a1778a2026",
        "source": "Copernicus",
        "sensor": "S5P",
        "type": "optical",
        "datetime": "2026-08-18T08:55:44.000000Z",
        "cloud_cover": null,
        "name": "S5P_NRTI_L1B_RA_BD7_20260818T085643_20260818T090155_45839_03_030000_20260818T092030.nc",
        "links": [
          {
            "label": "OData詳細",
            "url": "https://catalogue.dataspace.copernicus.eu/odata/v1/Products(400537d8-c064-4831-9a73-95a1778a2026)"
          },
          {
            "label": "Copernicus Browserで開く",
            "url": "https://browser.dataspace.copernicus.eu/?zoom=8&product=S5P_NRTI_L1B_RA_BD7_20260818T085643_20260818T090155_45839_03_030000_20260818T092030.nc"
          }
        ],
        "first_seen": "2026-08-18T10:14:17.015380+00:00"
      }
    },
    {
      "type": "Feature",
      "geometry": {
        "type": "Polygon",
        "coordinates": [
          [
            [
              51.708256,
              25.348997
            ],
            [
              52.25821,
              23.933203
            ],
            [
              52.789192,
              22.51392
            ],
            [
              53.30284,
              21.091496
            ],
            [
              53.79968,
              19.66612
            ],
            [
              54.28098,
              18.238096
            ],
            [
              54.747295,
              16.8075
            ],
            [
              55.199253,
              15.374489
            ],
            [
              55.637974,
              13.939379
            ],
            [
              56.063713,
              12.502151
            ],
            [
              56.477253,
              11.063202
            ],
            [
              56.87904,
              9.622409
            ],
            [
              57.26975,
              8.180169
            ],
            [
              57.435734,
              7.5547132
            ],
            [
              57.75255,
              7.700285
            ],
            [
              58.337605,
              7.9679184
            ],
            [
              60.214207,
              8.812262
            ],
            [
              60.962044,
              9.140483
            ],
            [
              62.491737,
              9.790358
            ],
            [
              63.006615,
              10.000855
            ],
            [
              64.33236,
              10.518175
            ],
            [
              65.085815,
              10.793458
            ],
            [
              66.69384,
              11.3268795
            ],
            [
              67.26655,
              11.497521
            ],
            [
              68.60858,
              11.85609
            ],
            [
              69.12866,
              11.979539
            ],
            [
              70.44339,
              12.253687
            ],
            [
              70.99243,
              12.352373
            ],
            [
              72.49357,
              12.57662
            ],
            [
              73.17471,
              12.657708
            ],
            [
              74.99945,
              12.820465
            ],
            [
              75.48479,
              12.852379
            ],
            [
              76.89516,
              12.9237795
            ],
            [
              77.5645,
              12.9484
            ],
            [
              79.6507,
              12.99686
            ],
            [
              80.44442,
              13.006609
            ],
            [
              81.68977,
              13.014687
            ],
            [
              81.42214,
              14.4658785
            ],
            [
              81.16103,
              15.91721
            ],
            [
              80.90652,
              17.368532
            ],
            [
              80.65845,
              18.819824
            ],
            [
              80.41661,
              20.27101
            ],
            [
              80.181404,
              21.722073
            ],
            [
              79.9521,
              23.17281
            ],
            [
              79.72945,
              24.62343
            ],
            [
              79.512924,
              26.073666
            ],
            [
              79.30311,
              27.5236
            ],
            [
              79.09979,
              28.973135
            ],
            [
              78.903015,
              30.42217
            ],
            [
              78.82005,
              31.050018
            ],
            [
              78.438644,
              31.070175
            ],
            [
              77.73182,
              31.104193
            ],
            [
              75.44881,
              31.181574
            ],
            [
              74.53514,
              31.196806
            ],
            [
              72.66614,
              31.194092
            ],
            [
              72.0385,
              31.181414
            ],
            [
              70.43018,
              31.116686
            ],
            [
              69.52335,
              31.056866
            ],
            [
              67.61262,
              30.866238
            ],
            [
              66.94167,
              30.776442
            ],
            [
              65.391464,
              30.520077
            ],
            [
              64.79934,
              30.40357
            ],
            [
              63.324593,
              30.067255
            ],
            [
              62.718193,
              29.909418
            ],
            [
              61.088394,
              29.427675
            ],
            [
              60.361916,
              29.186165
            ],
            [
              58.45123,
              28.47727
            ],
            [
              57.950603,
              28.275354
            ],
            [
              56.510296,
              27.661882
            ],
            [
              55.833027,
              27.35842
            ],
            [
              53.740154,
              26.36984
            ],
            [
              52.948524,
              25.978544
            ],
            [
              51.708256,
              25.348997
            ]
          ]
        ]
      },
      "properties": {
        "id": "7f884372-5975-40b5-a56e-447431f9b4a8",
        "source": "Copernicus",
        "sensor": "S5P",
        "type": "optical",
        "datetime": "2026-08-18T08:55:44.000000Z",
        "cloud_cover": null,
        "name": "S5P_NRTI_L1B_RA_BD8_20260818T085643_20260818T090155_45839_03_030000_20260818T092030.nc",
        "links": [
          {
            "label": "OData詳細",
            "url": "https://catalogue.dataspace.copernicus.eu/odata/v1/Products(7f884372-5975-40b5-a56e-447431f9b4a8)"
          },
          {
            "label": "Copernicus Browserで開く",
            "url": "https://browser.dataspace.copernicus.eu/?zoom=8&product=S5P_NRTI_L1B_RA_BD8_20260818T085643_20260818T090155_45839_03_030000_20260818T092030.nc"
          }
        ],
        "first_seen": "2026-08-18T10:14:17.015380+00:00"
      }
    },
    {
      "type": "Feature",
      "geometry": {
        "type": "Polygon",
        "coordinates": [
          [
            [
              51.708256,
              25.348997
            ],
            [
              52.25821,
              23.933203
            ],
            [
              52.789192,
              22.51392
            ],
            [
              53.30284,
              21.091496
            ],
            [
              53.79968,
              19.66612
            ],
            [
              54.28098,
              18.238096
            ],
            [
              54.747295,
              16.8075
            ],
            [
              55.199253,
              15.374489
            ],
            [
              55.637974,
              13.939379
            ],
            [
              56.063713,
              12.502151
            ],
            [
              56.477253,
              11.063202
            ],
            [
              56.87904,
              9.622409
            ],
            [
              57.26975,
              8.180169
            ],
            [
              57.435734,
              7.5547132
            ],
            [
              57.75255,
              7.700285
            ],
            [
              58.337605,
              7.9679184
            ],
            [
              60.214207,
              8.812262
            ],
            [
              60.962044,
              9.140483
            ],
            [
              62.491737,
              9.790358
            ],
            [
              63.006615,
              10.000855
            ],
            [
              64.33236,
              10.518175
            ],
            [
              65.085815,
              10.793458
            ],
            [
              66.69384,
              11.3268795
            ],
            [
              67.26655,
              11.497521
            ],
            [
              68.60858,
              11.85609
            ],
            [
              69.12866,
              11.979539
            ],
            [
              70.44339,
              12.253687
            ],
            [
              70.99243,
              12.352373
            ],
            [
              72.49357,
              12.57662
            ],
            [
              73.17471,
              12.657708
            ],
            [
              74.99945,
              12.820465
            ],
            [
              75.48479,
              12.852379
            ],
            [
              76.89516,
              12.9237795
            ],
            [
              77.5645,
              12.9484
            ],
            [
              79.6507,
              12.99686
            ],
            [
              80.44442,
              13.006609
            ],
            [
              81.68977,
              13.014687
            ],
            [
              81.42214,
              14.4658785
            ],
            [
              81.16103,
              15.91721
            ],
            [
              80.90652,
              17.368532
            ],
            [
              80.65845,
              18.819824
            ],
            [
              80.41661,
              20.27101
            ],
            [
              80.181404,
              21.722073
            ],
            [
              79.9521,
              23.17281
            ],
            [
              79.72945,
              24.62343
            ],
            [
              79.512924,
              26.073666
            ],
            [
              79.30311,
              27.5236
            ],
            [
              79.09979,
              28.973135
            ],
            [
              78.903015,
              30.42217
            ],
            [
              78.82005,
              31.050018
            ],
            [
              78.438644,
              31.070175
            ],
            [
              77.73182,
              31.104193
            ],
            [
              75.44881,
              31.181574
            ],
            [
              74.53514,
              31.196806
            ],
            [
              72.66614,
              31.194092
            ],
            [
              72.0385,
              31.181414
            ],
            [
              70.43018,
              31.116686
            ],
            [
              69.52335,
              31.056866
            ],
            [
              67.61262,
              30.866238
            ],
            [
              66.94167,
              30.776442
            ],
            [
              65.391464,
              30.520077
            ],
            [
              64.79934,
              30.40357
            ],
            [
              63.324593,
              30.067255
            ],
            [
              62.718193,
              29.909418
            ],
            [
              61.088394,
              29.427675
            ],
            [
              60.361916,
              29.186165
            ],
            [
              58.45123,
              28.47727
            ],
            [
              57.950603,
              28.275354
            ],
            [
              56.510296,
              27.661882
            ],
            [
              55.833027,
              27.35842
            ],
            [
              53.740154,
              26.36984
            ],
            [
              52.948524,
              25.978544
            ],
            [
              51.708256,
              25.348997
            ]
          ]
        ]
      },
      "properties": {
        "id": "90121797-4150-4ecf-b54c-d38d979cc642",
        "source": "Copernicus",
        "sensor": "S5P",
        "type": "optical",
        "datetime": "2026-08-18T08:55:44.000000Z",
        "cloud_cover": null,
        "name": "S5P_NRTI_L1B_RA_BD5_20260818T085643_20260818T090155_45839_03_030000_20260818T092030.nc",
        "links": [
          {
            "label": "OData詳細",
            "url": "https://catalogue.dataspace.copernicus.eu/odata/v1/Products(90121797-4150-4ecf-b54c-d38d979cc642)"
          },
          {
            "label": "Copernicus Browserで開く",
            "url": "https://browser.dataspace.copernicus.eu/?zoom=8&product=S5P_NRTI_L1B_RA_BD5_20260818T085643_20260818T090155_45839_03_030000_20260818T092030.nc"
          }
        ],
        "first_seen": "2026-08-18T10:14:17.015380+00:00"
      }
    },
    {
      "type": "Feature",
      "geometry": {
        "type": "Polygon",
        "coordinates": [
          [
            [
              51.708256,
              25.348997
            ],
            [
              52.25821,
              23.933203
            ],
            [
              52.789192,
              22.51392
            ],
            [
              53.30284,
              21.091496
            ],
            [
              53.79968,
              19.66612
            ],
            [
              54.28098,
              18.238096
            ],
            [
              54.747295,
              16.8075
            ],
            [
              55.199253,
              15.374489
            ],
            [
              55.637974,
              13.939379
            ],
            [
              56.063713,
              12.502151
            ],
            [
              56.477253,
              11.063202
            ],
            [
              56.87904,
              9.622409
            ],
            [
              57.26975,
              8.180169
            ],
            [
              57.435734,
              7.5547132
            ],
            [
              57.75255,
              7.700285
            ],
            [
              58.337605,
              7.9679184
            ],
            [
              60.214207,
              8.812262
            ],
            [
              60.962044,
              9.140483
            ],
            [
              62.491737,
              9.790358
            ],
            [
              63.006615,
              10.000855
            ],
            [
              64.33236,
              10.518175
            ],
            [
              65.085815,
              10.793458
            ],
            [
              66.69384,
              11.3268795
            ],
            [
              67.26655,
              11.497521
            ],
            [
              68.60858,
              11.85609
            ],
            [
              69.12866,
              11.979539
            ],
            [
              70.44339,
              12.253687
            ],
            [
              70.99243,
              12.352373
            ],
            [
              72.49357,
              12.57662
            ],
            [
              73.17471,
              12.657708
            ],
            [
              74.99945,
              12.820465
            ],
            [
              75.48479,
              12.852379
            ],
            [
              76.89516,
              12.9237795
            ],
            [
              77.5645,
              12.9484
            ],
            [
              79.6507,
              12.99686
            ],
            [
              80.44442,
              13.006609
            ],
            [
              81.68977,
              13.014687
            ],
            [
              81.42214,
              14.4658785
            ],
            [
              81.16103,
              15.91721
            ],
            [
              80.90652,
              17.368532
            ],
            [
              80.65845,
              18.819824
            ],
            [
              80.41661,
              20.27101
            ],
            [
              80.181404,
              21.722073
            ],
            [
              79.9521,
              23.17281
            ],
            [
              79.72945,
              24.62343
            ],
            [
              79.512924,
              26.073666
            ],
            [
              79.30311,
              27.5236
            ],
            [
              79.09979,
              28.973135
            ],
            [
              78.903015,
              30.42217
            ],
            [
              78.82005,
              31.050018
            ],
            [
              78.438644,
              31.070175
            ],
            [
              77.73182,
              31.104193
            ],
            [
              75.44881,
              31.181574
            ],
            [
              74.53514,
              31.196806
            ],
            [
              72.66614,
              31.194092
            ],
            [
              72.0385,
              31.181414
            ],
            [
              70.43018,
              31.116686
            ],
            [
              69.52335,
              31.056866
            ],
            [
              67.61262,
              30.866238
            ],
            [
              66.94167,
              30.776442
            ],
            [
              65.391464,
              30.520077
            ],
            [
              64.79934,
              30.40357
            ],
            [
              63.324593,
              30.067255
            ],
            [
              62.718193,
              29.909418
            ],
            [
              61.088394,
              29.427675
            ],
            [
              60.361916,
              29.186165
            ],
            [
              58.45123,
              28.47727
            ],
            [
              57.950603,
              28.275354
            ],
            [
              56.510296,
              27.661882
            ],
            [
              55.833027,
              27.35842
            ],
            [
              53.740154,
              26.36984
            ],
            [
              52.948524,
              25.978544
            ],
            [
              51.708256,
              25.348997
            ]
          ]
        ]
      },
      "properties": {
        "id": "c0dd6f36-5f8b-41ea-bc4b-f4b3f5112900",
        "source": "Copernicus",
        "sensor": "S5P",
        "type": "optical",
        "datetime": "2026-08-18T08:55:44.000000Z",
        "cloud_cover": null,
        "name": "S5P_NRTI_L1B_RA_BD6_20260818T085643_20260818T090155_45839_03_030000_20260818T092030.nc",
        "links": [
          {
            "label": "OData詳細",
            "url": "https://catalogue.dataspace.copernicus.eu/odata/v1/Products(c0dd6f36-5f8b-41ea-bc4b-f4b3f5112900)"
          },
          {
            "label": "Copernicus Browserで開く",
            "url": "https://browser.dataspace.copernicus.eu/?zoom=8&product=S5P_NRTI_L1B_RA_BD6_20260818T085643_20260818T090155_45839_03_030000_20260818T092030.nc"
          }
        ],
        "first_seen": "2026-08-18T10:14:17.015380+00:00"
      }
    },
    {
      "type": "Feature",
      "geometry": {
        "type": "Polygon",
        "coordinates": [
          [
            [
              -180.0125,
              -70.0125
            ],
            [
              -180.0125,
              70.0125
            ],
            [
              179.9875,
              70.0125
            ],
            [
              179.9875,
              -70.0125
            ],
            [
              -180.0125,
              -70.0125
            ]
          ]
        ]
      },
      "properties": {
        "id": "41875be1-c0f9-4f1a-aac4-c1479cbd6b67",
        "source": "Copernicus",
        "sensor": "c",
        "type": "optical",
        "datetime": "2026-08-18T08:00:00.000000Z",
        "cloud_cover": null,
        "name": "c_gls_LST_202608180800_GLOBE_GEO_V3.0.1_cog",
        "links": [
          {
            "label": "OData詳細",
            "url": "https://catalogue.dataspace.copernicus.eu/odata/v1/Products(41875be1-c0f9-4f1a-aac4-c1479cbd6b67)"
          },
          {
            "label": "Copernicus Browserで開く",
            "url": "https://browser.dataspace.copernicus.eu/?zoom=8&product=c_gls_LST_202608180800_GLOBE_GEO_V3.0.1_cog"
          }
        ],
        "first_seen": "2026-08-18T10:14:17.015380+00:00"
      }
    },
    {
      "type": "Feature",
      "geometry": {
        "type": "Polygon",
        "coordinates": [
          [
            [
              -180.0125,
              -70.0125
            ],
            [
              -180.0125,
              70.0125
            ],
            [
              179.9875,
              70.0125
            ],
            [
              179.9875,
              -70.0125
            ],
            [
              -180.0125,
              -70.0125
            ]
          ]
        ]
      },
      "properties": {
        "id": "65af5437-d737-49dd-b633-a237fcf65b7a",
        "source": "Copernicus",
        "sensor": "c",
        "type": "optical",
        "datetime": "2026-08-18T08:00:00.000000Z",
        "cloud_cover": null,
        "name": "c_gls_LST_202608180800_GLOBE_GEO_V3.0.1_nc",
        "links": [
          {
            "label": "OData詳細",
            "url": "https://catalogue.dataspace.copernicus.eu/odata/v1/Products(65af5437-d737-49dd-b633-a237fcf65b7a)"
          },
          {
            "label": "Copernicus Browserで開く",
            "url": "https://browser.dataspace.copernicus.eu/?zoom=8&product=c_gls_LST_202608180800_GLOBE_GEO_V3.0.1_nc"
          }
        ],
        "first_seen": "2026-08-18T10:14:17.015380+00:00"
      }
    },
    {
      "type": "Feature",
      "geometry": {
        "type": "MultiPolygon",
        "coordinates": [
          [
            [
              [
                180.0,
                -66.12823438359972
              ],
              [
                180.0,
                -65.1293161450809
              ],
              [
                174.783441,
                -65.648359
              ],
              [
                146.867016,
                -62.461303
              ],
              [
                127.781942,
                -54.898137
              ],
              [
                115.932758,
                -45.176775
              ],
              [
                108.065811,
                -34.423198
              ],
              [
                102.279886,
                -23.12203
              ],
              [
                97.56262,
                -11.524252
              ],
              [
                93.300858,
                0.21182
              ],
              [
                89.030996,
                11.964506
              ],
              [
                84.283006,
                23.61976
              ],
              [
                78.425416,
                35.027404
              ],
              [
                70.406185,
                45.938241
              ],
              [
                58.290968,
                55.821395
              ],
              [
                38.865968,
                63.471719
              ],
              [
                10.646317,
                66.644902
              ],
              [
                -17.822346,
                63.750337
              ],
              [
                -37.631321,
                56.287488
              ],
              [
                -37.27803,
                55.351974
              ],
              [
                -17.720799,
                62.755506
              ],
              [
                10.535176,
                65.651098
              ],
              [
                38.500581,
                62.540863
              ],
              [
                57.659644,
                55.045875
              ],
              [
                69.600691,
                45.345637
              ],
              [
                77.535905,
                34.57049
              ],
              [
                83.356913,
                23.242467
              ],
              [
                88.091104,
                11.623035
              ],
              [
                92.360923,
                -0.129533
              ],
              [
                96.636369,
                -11.901158
              ],
              [
                101.38999,
                -23.578194
              ],
              [
                107.259429,
                -35.014594
              ],
              [
                115.299678,
                -45.950861
              ],
              [
                127.414309,
                -55.828108
              ],
              [
                146.753989,
                -63.454895
              ],
              [
                174.883033,
                -66.643387
              ],
              [
                180.0,
                -66.12823438359972
              ]
            ]
          ],
          [
            [
              [
                -180.0,
                -65.1293161450809
              ],
              [
                -180.0,
                -66.12823438359972
              ],
              [
                -156.587113,
                -63.771133
              ],
              [
                -136.694119,
                -56.295856
              ],
              [
                -124.287076,
                -46.495811
              ],
              [
                -116.112838,
                -35.627865
              ],
              [
                -110.173248,
                -24.242899
              ],
              [
                -105.384424,
                -12.597978
              ],
              [
                -101.101354,
                -0.847334
              ],
              [
                -96.850361,
                10.892627
              ],
              [
                -92.170338,
                22.503087
              ],
              [
                -86.461443,
                33.827106
              ],
              [
                -78.741326,
                44.621592
              ],
              [
                -67.165785,
                54.423459
              ],
              [
                -49.855111,
                61.799104
              ],
              [
                -50.247089,
                62.719079
              ],
              [
                -67.557763,
                55.343433
              ],
              [
                -79.386432,
                45.385685
              ],
              [
                -87.274159,
                34.409766
              ],
              [
                -93.06307,
                22.953676
              ],
              [
                -97.777794,
                11.266616
              ],
              [
                -102.041603,
                -0.506846
              ],
              [
                -106.323957,
                -12.255521
              ],
              [
                -111.098086,
                -23.862536
              ],
              [
                -116.999361,
                -35.165181
              ],
              [
                -125.085956,
                -45.894321
              ],
              [
                -137.313137,
                -55.51048
              ],
              [
                -156.937827,
                -62.834651
              ],
              [
                -180.0,
                -65.1293161450809
              ]
            ]
          ]
        ]
      },
      "properties": {
        "id": "6768da89-86c0-497b-8595-4145cdcb9c6e",
        "source": "Copernicus",
        "sensor": "S6A",
        "type": "optical",
        "datetime": "2026-08-18T07:49:27.508110Z",
        "cloud_cover": null,
        "name": "S6A_P4_1B_LR______20260818T074927_20260818T094513_20260818T100135_6946_212_191_096_EUM__OPE_NR_G01.SEN6",
        "links": [
          {
            "label": "OData詳細",
            "url": "https://catalogue.dataspace.copernicus.eu/odata/v1/Products(6768da89-86c0-497b-8595-4145cdcb9c6e)"
          },
          {
            "label": "Copernicus Browserで開く",
            "url": "https://browser.dataspace.copernicus.eu/?zoom=8&product=S6A_P4_1B_LR______20260818T074927_20260818T094513_20260818T100135_6946_212_191_096_EUM__OPE_NR_G01.SEN6"
          }
        ],
        "first_seen": "2026-08-18T10:14:17.015380+00:00"
      }
    },
    {
      "type": "Feature",
      "geometry": {
        "type": "MultiPolygon",
        "coordinates": [
          [
            [
              [
                -180.0,
                -65.55083540716218
              ],
              [
                -180.0,
                -65.55246629526462
              ],
              [
                -165.579,
                -64.9002
              ],
              [
                -145.811,
                -60.0426
              ],
              [
                -132.31,
                -52.8846
              ],
              [
                -123.149,
                -44.4974
              ],
              [
                -116.585,
                -35.4463
              ],
              [
                -111.545,
                -26.0196
              ],
              [
                -107.387,
                -16.3762
              ],
              [
                -103.701,
                -6.61561
              ],
              [
                -100.191,
                3.18897
              ],
              [
                -96.597,
                12.9732
              ],
              [
                -92.6421,
                22.6684
              ],
              [
                -87.9661,
                32.1869
              ],
              [
                -82.0264,
                41.3957
              ],
              [
                -73.9281,
                50.063
              ],
              [
                -73.9305,
                50.0639
              ],
              [
                -82.0286,
                41.3964
              ],
              [
                -87.9681,
                32.1876
              ],
              [
                -92.6439,
                22.669
              ],
              [
                -96.5987,
                12.9738
              ],
              [
                -100.193,
                3.18957
              ],
              [
                -103.703,
                -6.61498
              ],
              [
                -107.388,
                -16.3755
              ],
              [
                -111.547,
                -26.0188
              ],
              [
                -116.587,
                -35.4454
              ],
              [
                -123.151,
                -44.4962
              ],
              [
                -132.312,
                -52.8832
              ],
              [
                -145.812,
                -60.0409
              ],
              [
                -165.579,
                -64.8984
              ],
              [
                -180.0,
                -65.55083540716218
              ]
            ]
          ],
          [
            [
              [
                180.0,
                -65.55246629526462
              ],
              [
                180.0,
                -65.55083540716218
              ],
              [
                169.652,
                -66.019
              ],
              [
                146.721,
                -62.9353
              ],
              [
                130.14,
                -56.7967
              ],
              [
                118.993,
                -48.9488
              ],
              [
                111.256,
                -40.1925
              ],
              [
                105.528,
                -30.9341
              ],
              [
                100.975,
                -21.3873
              ],
              [
                97.0868,
                -11.6764
              ],
              [
                93.519,
                -1.8857
              ],
              [
                90.0002,
                7.91772
              ],
              [
                86.27,
                17.669
              ],
              [
                82.0203,
                27.2925
              ],
              [
                76.8187,
                36.6831
              ],
              [
                69.9797,
                45.6694
              ],
              [
                60.3491,
                53.9366
              ],
              [
                46.0918,
                60.8636
              ],
              [
                25.4277,
                65.2999
              ],
              [
                0.429588,
                65.8362
              ],
              [
                -21.7582,
                62.246
              ],
              [
                -37.4853,
                55.8033
              ],
              [
                -37.4831,
                55.802
              ],
              [
                -21.7554,
                62.2447
              ],
              [
                0.431792,
                65.8346
              ],
              [
                25.4284,
                65.2981
              ],
              [
                46.0908,
                60.8619
              ],
              [
                60.3473,
                53.9351
              ],
              [
                69.9778,
                45.6683
              ],
              [
                76.8168,
                36.6821
              ],
              [
                82.0185,
                27.2917
              ],
              [
                86.2682,
                17.6683
              ],
              [
                89.9985,
                7.91708
              ],
              [
                93.5173,
                -1.88631
              ],
              [
                97.0851,
                -11.677
              ],
              [
                100.973,
                -21.3879
              ],
              [
                105.526,
                -30.9348
              ],
              [
                111.254,
                -40.1932
              ],
              [
                118.991,
                -48.9497
              ],
              [
                130.138,
                -56.7978
              ],
              [
                146.719,
                -62.9367
              ],
              [
                169.65,
                -66.0206
              ],
              [
                180.0,
                -65.55246629526462
              ]
            ]
          ]
        ]
      },
      "properties": {
        "id": "9303db45-9c0b-41ca-a567-c355df519a68",
        "source": "Copernicus",
        "sensor": "S6A",
        "type": "optical",
        "datetime": "2026-08-18T07:49:27.046250Z",
        "cloud_cover": null,
        "name": "S6A_MW_2__AMR_____20260818T074927_20260818T094513_20260818T095317_6946_212_191_096_EUM__OPE_NR_G01.SEN6",
        "links": [
          {
            "label": "OData詳細",
            "url": "https://catalogue.dataspace.copernicus.eu/odata/v1/Products(9303db45-9c0b-41ca-a567-c355df519a68)"
          },
          {
            "label": "Copernicus Browserで開く",
            "url": "https://browser.dataspace.copernicus.eu/?zoom=8&product=S6A_MW_2__AMR_____20260818T074927_20260818T094513_20260818T095317_6946_212_191_096_EUM__OPE_NR_G01.SEN6"
          }
        ],
        "first_seen": "2026-08-18T10:14:17.015380+00:00"
      }
    },
    {
      "type": "Feature",
      "geometry": {
        "type": "Polygon",
        "coordinates": [
          [
            [
              64.95728,
              47.00267
            ],
            [
              66.03751,
              45.691788
            ],
            [
              67.06277,
              44.3694
            ],
            [
              68.03715,
              43.03639
            ],
            [
              68.96438,
              41.69374
            ],
            [
              69.84794,
              40.34198
            ],
            [
              70.691025,
              38.982117
            ],
            [
              71.49669,
              37.614796
            ],
            [
              72.26716,
              36.240288
            ],
            [
              73.00515,
              34.8594
            ],
            [
              73.71295,
              33.472656
            ],
            [
              74.39234,
              32.08022
            ],
            [
              75.04495,
              30.682678
            ],
            [
              75.299126,
              30.122364
            ],
            [
              75.38474,
              30.164368
            ],
            [
              76.964836,
              30.921902
            ],
            [
              79.58703,
              32.097145
            ],
            [
              81.26643,
              32.786552
            ],
            [
              82.80211,
              33.36535
            ],
            [
              83.93659,
              33.757183
            ],
            [
              85.079254,
              34.11855
            ],
            [
              85.98935,
              34.381485
            ],
            [
              86.9642,
              34.63835
            ],
            [
              87.783844,
              34.834625
            ],
            [
              88.62938,
              35.01856
            ],
            [
              88.70622,
              35.03435
            ],
            [
              89.519196,
              35.192196
            ],
            [
              90.477715,
              35.3569
            ],
            [
              91.3637,
              35.48908
            ],
            [
              92.462395,
              35.627262
            ],
            [
              93.53539,
              35.736275
            ],
            [
              94.95292,
              35.844444
            ],
            [
              96.445625,
              35.91945
            ],
            [
              98.621704,
              35.968853
            ],
            [
              101.2534,
              35.951477
            ],
            [
              103.51799,
              35.880894
            ],
            [
              103.35428,
              37.32816
            ],
            [
              103.19816,
              38.77484
            ],
            [
              103.05068,
              40.220886
            ],
            [
              102.911736,
              41.666256
            ],
            [
              102.782196,
              43.11084
            ],
            [
              102.66228,
              44.554775
            ],
            [
              102.55295,
              45.997814
            ],
            [
              102.45508,
              47.440018
            ],
            [
              102.36935,
              48.88143
            ],
            [
              102.29684,
              50.321945
            ],
            [
              102.23867,
              51.761505
            ],
            [
              102.19719,
              53.20013
            ],
            [
              102.18519,
              53.775276
            ],
            [
              102.04698,
              53.78622
            ],
            [
              99.28219,
              53.9694
            ],
            [
              95.14454,
              54.109924
            ],
            [
              92.523254,
              54.10733
            ],
            [
              90.16514,
              54.035416
            ],
            [
              88.455444,
              53.936848
            ],
            [
              86.767,
              53.79703
            ],
            [
              85.4491,
              53.656235
            ],
            [
              84.06571,
              53.476692
            ],
            [
              82.9261,
              53.303223
            ],
            [
              81.77343,
              53.103313
            ],
            [
              81.66984,
              53.084114
            ],
            [
              80.58582,
              52.870636
            ],
            [
              79.33574,
              52.595222
            ],
            [
              78.20702,
              52.31858
            ],
            [
              76.842354,
              51.947353
            ],
            [
              75.5456,
              51.55638
            ],
            [
              73.88348,
              51.00021
            ],
            [
              72.19013,
              50.37056
            ],
            [
              69.8119,
              49.381866
            ],
            [
              67.052505,
              48.08774
            ],
            [
              64.95728,
              47.00267
            ]
          ]
        ]
      },
      "properties": {
        "id": "022ce999-fcc9-42d7-b5c2-1da4ad6e066a",
        "source": "Copernicus",
        "sensor": "S5P",
        "type": "optical",
        "datetime": "2026-08-18T07:21:44.000000Z",
        "cloud_cover": null,
        "name": "S5P_NRTI_L2__NO2____20260818T072149_20260818T072649_45838_03_020901_20260818T075840.nc",
        "links": [
          {
            "label": "OData詳細",
            "url": "https://catalogue.dataspace.copernicus.eu/odata/v1/Products(022ce999-fcc9-42d7-b5c2-1da4ad6e066a)"
          },
          {
            "label": "Copernicus Browserで開く",
            "url": "https://browser.dataspace.copernicus.eu/?zoom=8&product=S5P_NRTI_L2__NO2____20260818T072149_20260818T072649_45838_03_020901_20260818T075840.nc"
          }
        ],
        "first_seen": "2026-08-18T10:14:17.015380+00:00"
      }
    },
    {
      "type": "Feature",
      "geometry": {
        "type": "Polygon",
        "coordinates": [
          [
            [
              65.01358,
              46.554737
            ],
            [
              66.08211,
              45.243397
            ],
            [
              67.09678,
              43.920696
            ],
            [
              68.06156,
              42.58749
            ],
            [
              68.98008,
              41.244755
            ],
            [
              69.855705,
              39.89299
            ],
            [
              70.69157,
              38.5332
            ],
            [
              71.49062,
              37.166023
            ],
            [
              72.25502,
              35.7917
            ],
            [
              72.987434,
              34.41104
            ],
            [
              73.69009,
              33.02457
            ],
            [
              74.36472,
              31.63244
            ],
            [
              75.012924,
              30.235224
            ],
            [
              75.26542,
              29.67505
            ],
            [
              75.60807,
              29.854393
            ],
            [
              76.24336,
              30.18254
            ],
            [
              78.30374,
              31.20464
            ],
            [
              79.134636,
              31.596666
            ],
            [
              80.85199,
              32.36436
            ],
            [
              81.435425,
              32.610626
            ],
            [
              82.950066,
              33.2109
            ],
            [
              83.81867,
              33.527378
            ],
            [
              85.69018,
              34.134052
            ],
            [
              86.362114,
              34.325893
            ],
            [
              87.94635,
              34.723934
            ],
            [
              88.56353,
              34.8588
            ],
            [
              90.13041,
              35.152054
            ],
            [
              90.78715,
              35.254555
            ],
            [
              92.58805,
              35.47664
            ],
            [
              93.40709,
              35.550644
            ],
            [
              95.6041,
              35.67563
            ],
            [
              96.18873,
              35.692883
            ],
            [
              97.887245,
              35.710716
            ],
            [
              98.69285,
              35.704212
            ],
            [
              101.20025,
              35.632225
            ],
            [
              102.15243,
              35.586872
            ],
            [
              103.644,
              35.498245
            ],
            [
              103.47989,
              36.944855
            ],
            [
              103.32339,
              38.390884
            ],
            [
              103.17553,
              39.83627
            ],
            [
              103.0362,
              41.280987
            ],
            [
              102.906265,
              42.724915
            ],
            [
              102.78593,
              44.16819
            ],
            [
              102.67614,
              45.610573
            ],
            [
              102.577774,
              47.05212
            ],
            [
              102.49146,
              48.492878
            ],
            [
              102.41828,
              49.93274
            ],
            [
              102.359314,
              51.371647
            ],
            [
              102.31689,
              52.809612
            ],
            [
              102.30446,
              53.3845
            ],
            [
              101.758255,
              53.437294
            ],
            [
              100.74347,
              53.52809
            ],
            [
              97.4457,
              53.755768
            ],
            [
              96.11889,
              53.816845
            ],
            [
              93.396454,
              53.88219
            ],
            [
              92.48074,
              53.884583
            ],
            [
              90.134155,
              53.840538
            ],
            [
              88.81285,
              53.781013
            ],
            [
              86.0401,
              53.5643
            ],
            [
              85.07206,
              53.456814
            ],
            [
              82.85133,
              53.142864
            ],
            [
              82.01014,
              52.998287
            ],
            [
              79.935555,
              52.577747
            ],
            [
              79.09202,
              52.37946
            ],
            [
              76.85619,
              51.772667
            ],
            [
              75.87549,
              51.467937
            ],
            [
              73.34653,
              50.571583
            ],
            [
              72.69629,
              50.315613
            ],
            [
              70.85446,
              49.535583
            ],
            [
              70.00312,
              49.14826
            ],
            [
              67.43049,
              47.878796
            ],
            [
              66.47965,
              47.372894
            ],
            [
              65.01358,
              46.554737
            ]
          ]
        ]
      },
      "properties": {
        "id": "1b18121c-82e9-49e7-a615-ef828b49fc5d",
        "source": "Copernicus",
        "sensor": "S5P",
        "type": "optical",
        "datetime": "2026-08-18T07:21:44.000000Z",
        "cloud_cover": null,
        "name": "S5P_NRTI_L2__O3__PR_20260818T072149_20260818T072649_45838_03_020901_20260818T075841.nc",
        "links": [
          {
            "label": "OData詳細",
            "url": "https://catalogue.dataspace.copernicus.eu/odata/v1/Products(1b18121c-82e9-49e7-a615-ef828b49fc5d)"
          },
          {
            "label": "Copernicus Browserで開く",
            "url": "https://browser.dataspace.copernicus.eu/?zoom=8&product=S5P_NRTI_L2__O3__PR_20260818T072149_20260818T072649_45838_03_020901_20260818T075841.nc"
          }
        ],
        "first_seen": "2026-08-18T10:14:17.015380+00:00"
      }
    },
    {
      "type": "Feature",
      "geometry": {
        "type": "Polygon",
        "coordinates": [
          [
            [
              64.95728,
              47.00267
            ],
            [
              66.03751,
              45.691788
            ],
            [
              67.06277,
              44.3694
            ],
            [
              68.03715,
              43.03639
            ],
            [
              68.96438,
              41.69374
            ],
            [
              69.84794,
              40.34198
            ],
            [
              70.691025,
              38.982117
            ],
            [
              71.49669,
              37.614796
            ],
            [
              72.26716,
              36.240288
            ],
            [
              73.00515,
              34.8594
            ],
            [
              73.71295,
              33.472656
            ],
            [
              74.39234,
              32.08022
            ],
            [
              75.04495,
              30.682678
            ],
            [
              75.299126,
              30.122364
            ],
            [
              75.38474,
              30.164368
            ],
            [
              76.964836,
              30.921902
            ],
            [
              79.58703,
              32.097145
            ],
            [
              81.26643,
              32.786552
            ],
            [
              82.80211,
              33.36535
            ],
            [
              83.93659,
              33.757183
            ],
            [
              85.079254,
              34.11855
            ],
            [
              85.98935,
              34.381485
            ],
            [
              86.9642,
              34.63835
            ],
            [
              87.783844,
              34.834625
            ],
            [
              88.62938,
              35.01856
            ],
            [
              88.70622,
              35.03435
            ],
            [
              89.519196,
              35.192196
            ],
            [
              90.477715,
              35.3569
            ],
            [
              91.3637,
              35.48908
            ],
            [
              92.462395,
              35.627262
            ],
            [
              93.53539,
              35.736275
            ],
            [
              94.95292,
              35.844444
            ],
            [
              96.445625,
              35.91945
            ],
            [
              98.621704,
              35.968853
            ],
            [
              101.2534,
              35.951477
            ],
            [
              103.51799,
              35.880894
            ],
            [
              103.35428,
              37.32816
            ],
            [
              103.19816,
              38.77484
            ],
            [
              103.05068,
              40.220886
            ],
            [
              102.911736,
              41.666256
            ],
            [
              102.782196,
              43.11084
            ],
            [
              102.66228,
              44.554775
            ],
            [
              102.55295,
              45.997814
            ],
            [
              102.45508,
              47.440018
            ],
            [
              102.36935,
              48.88143
            ],
            [
              102.29684,
              50.321945
            ],
            [
              102.23867,
              51.761505
            ],
            [
              102.19719,
              53.20013
            ],
            [
              102.18519,
              53.775276
            ],
            [
              102.04698,
              53.78622
            ],
            [
              99.28219,
              53.9694
            ],
            [
              95.14454,
              54.109924
            ],
            [
              92.523254,
              54.10733
            ],
            [
              90.16514,
              54.035416
            ],
            [
              88.455444,
              53.936848
            ],
            [
              86.767,
              53.79703
            ],
            [
              85.4491,
              53.656235
            ],
            [
              84.06571,
              53.476692
            ],
            [
              82.9261,
              53.303223
            ],
            [
              81.77343,
              53.103313
            ],
            [
              81.66984,
              53.084114
            ],
            [
              80.58582,
              52.870636
            ],
            [
              79.33574,
              52.595222
            ],
            [
              78.20702,
              52.31858
            ],
            [
              76.842354,
              51.947353
            ],
            [
              75.5456,
              51.55638
            ],
            [
              73.88348,
              51.00021
            ],
            [
              72.19013,
              50.37056
            ],
            [
              69.8119,
              49.381866
            ],
            [
              67.052505,
              48.08774
            ],
            [
              64.95728,
              47.00267
            ]
          ]
        ]
      },
      "properties": {
        "id": "48eb03da-476b-4a8c-a933-1633cddcee0d",
        "source": "Copernicus",
        "sensor": "S5P",
        "type": "optical",
        "datetime": "2026-08-18T07:21:44.000000Z",
        "cloud_cover": null,
        "name": "S5P_NRTI_L2__CLOUD__20260818T072149_20260818T072649_45838_03_020800_20260818T075245.nc",
        "links": [
          {
            "label": "OData詳細",
            "url": "https://catalogue.dataspace.copernicus.eu/odata/v1/Products(48eb03da-476b-4a8c-a933-1633cddcee0d)"
          },
          {
            "label": "Copernicus Browserで開く",
            "url": "https://browser.dataspace.copernicus.eu/?zoom=8&product=S5P_NRTI_L2__CLOUD__20260818T072149_20260818T072649_45838_03_020800_20260818T075245.nc"
          }
        ],
        "first_seen": "2026-08-18T10:14:17.015380+00:00"
      }
    },
    {
      "type": "Feature",
      "geometry": {
        "type": "Polygon",
        "coordinates": [
          [
            [
              64.95728,
              47.00267
            ],
            [
              66.03751,
              45.691788
            ],
            [
              67.06277,
              44.3694
            ],
            [
              68.03715,
              43.03639
            ],
            [
              68.96438,
              41.69374
            ],
            [
              69.84794,
              40.34198
            ],
            [
              70.691025,
              38.982117
            ],
            [
              71.49669,
              37.614796
            ],
            [
              72.26716,
              36.240288
            ],
            [
              73.00515,
              34.8594
            ],
            [
              73.71295,
              33.472656
            ],
            [
              74.39234,
              32.08022
            ],
            [
              75.04495,
              30.682678
            ],
            [
              75.299126,
              30.122364
            ],
            [
              75.38474,
              30.164368
            ],
            [
              76.964836,
              30.921902
            ],
            [
              79.58703,
              32.097145
            ],
            [
              81.26643,
              32.786552
            ],
            [
              82.80211,
              33.36535
            ],
            [
              83.93659,
              33.757183
            ],
            [
              85.079254,
              34.11855
            ],
            [
              85.98935,
              34.381485
            ],
            [
              86.9642,
              34.63835
            ],
            [
              87.783844,
              34.834625
            ],
            [
              88.62938,
              35.01856
            ],
            [
              88.70622,
              35.03435
            ],
            [
              89.519196,
              35.192196
            ],
            [
              90.477715,
              35.3569
            ],
            [
              91.3637,
              35.48908
            ],
            [
              92.462395,
              35.627262
            ],
            [
              93.53539,
              35.736275
            ],
            [
              94.95292,
              35.844444
            ],
            [
              96.445625,
              35.91945
            ],
            [
              98.621704,
              35.968853
            ],
            [
              101.2534,
              35.951477
            ],
            [
              103.51799,
              35.880894
            ],
            [
              103.35428,
              37.32816
            ],
            [
              103.19816,
              38.77484
            ],
            [
              103.05068,
              40.220886
            ],
            [
              102.911736,
              41.666256
            ],
            [
              102.782196,
              43.11084
            ],
            [
              102.66228,
              44.554775
            ],
            [
              102.55295,
              45.997814
            ],
            [
              102.45508,
              47.440018
            ],
            [
              102.36935,
              48.88143
            ],
            [
              102.29684,
              50.321945
            ],
            [
              102.23867,
              51.761505
            ],
            [
              102.19719,
              53.20013
            ],
            [
              102.18519,
              53.775276
            ],
            [
              102.04698,
              53.78622
            ],
            [
              99.28219,
              53.9694
            ],
            [
              95.14454,
              54.109924
            ],
            [
              92.523254,
              54.10733
            ],
            [
              90.16514,
              54.035416
            ],
            [
              88.455444,
              53.936848
            ],
            [
              86.767,
              53.79703
            ],
            [
              85.4491,
              53.656235
            ],
            [
              84.06571,
              53.476692
            ],
            [
              82.9261,
              53.303223
            ],
            [
              81.77343,
              53.103313
            ],
            [
              81.66984,
              53.084114
            ],
            [
              80.58582,
              52.870636
            ],
            [
              79.33574,
              52.595222
            ],
            [
              78.20702,
              52.31858
            ],
            [
              76.842354,
              51.947353
            ],
            [
              75.5456,
              51.55638
            ],
            [
              73.88348,
              51.00021
            ],
            [
              72.19013,
              50.37056
            ],
            [
              69.8119,
              49.381866
            ],
            [
              67.052505,
              48.08774
            ],
            [
              64.95728,
              47.00267
            ]
          ]
        ]
      },
      "properties": {
        "id": "75e36f8e-62e1-488a-8719-82c30ce4deac",
        "source": "Copernicus",
        "sensor": "S5P",
        "type": "optical",
        "datetime": "2026-08-18T07:21:44.000000Z",
        "cloud_cover": null,
        "name": "S5P_NRTI_L2__HCHO___20260818T072149_20260818T072649_45838_03_020800_20260818T075838.nc",
        "links": [
          {
            "label": "OData詳細",
            "url": "https://catalogue.dataspace.copernicus.eu/odata/v1/Products(75e36f8e-62e1-488a-8719-82c30ce4deac)"
          },
          {
            "label": "Copernicus Browserで開く",
            "url": "https://browser.dataspace.copernicus.eu/?zoom=8&product=S5P_NRTI_L2__HCHO___20260818T072149_20260818T072649_45838_03_020800_20260818T075838.nc"
          }
        ],
        "first_seen": "2026-08-18T10:14:17.015380+00:00"
      }
    },
    {
      "type": "Feature",
      "geometry": {
        "type": "Polygon",
        "coordinates": [
          [
            [
              65.16091,
              46.6749
            ],
            [
              66.22865,
              45.361855
            ],
            [
              67.242424,
              44.037518
            ],
            [
              68.20624,
              42.702736
            ],
            [
              69.12373,
              41.358486
            ],
            [
              69.998314,
              40.005264
            ],
            [
              70.8331,
              38.64407
            ],
            [
              71.63108,
              37.275543
            ],
            [
              72.394424,
              35.89992
            ],
            [
              73.12581,
              34.518017
            ],
            [
              73.82745,
              33.130337
            ],
            [
              74.50112,
              31.737043
            ],
            [
              75.1484,
              30.338705
            ],
            [
              75.40049,
              29.778187
            ],
            [
              75.73724,
              29.953175
            ],
            [
              78.17195,
              31.168
            ],
            [
              80.44617,
              32.210484
            ],
            [
              81.761246,
              32.764122
            ],
            [
              83.21025,
              33.325058
            ],
            [
              84.146,
              33.657
            ],
            [
              85.26079,
              34.019173
            ],
            [
              86.02792,
              34.246723
            ],
            [
              86.991234,
              34.507267
            ],
            [
              87.68617,
              34.67798
            ],
            [
              88.597244,
              34.880318
            ],
            [
              89.28224,
              35.016735
            ],
            [
              90.21754,
              35.181713
            ],
            [
              90.95027,
              35.294163
            ],
            [
              91.994804,
              35.429752
            ],
            [
              92.85147,
              35.520187
            ],
            [
              94.13709,
              35.623238
            ],
            [
              95.25466,
              35.68388
            ],
            [
              97.05712,
              35.732697
            ],
            [
              98.77272,
              35.731888
            ],
            [
              101.94208,
              35.634216
            ],
            [
              103.39042,
              35.55501
            ],
            [
              103.22187,
              37.002846
            ],
            [
              103.06061,
              38.45012
            ],
            [
              102.90764,
              39.896767
            ],
            [
              102.762825,
              41.342773
            ],
            [
              102.62699,
              42.78801
            ],
            [
              102.50033,
              44.232628
            ],
            [
              102.383736,
              45.67638
            ],
            [
              102.27804,
              47.119335
            ],
            [
              102.18383,
              48.56153
            ],
            [
              102.10214,
              50.00287
            ],
            [
              102.03399,
              51.4433
            ],
            [
              101.9816,
              52.88284
            ],
            [
              101.964966,
              53.45827
            ],
            [
              101.43467,
              53.506866
            ],
            [
              97.579475,
              53.780853
            ],
            [
              93.98543,
              53.90135
            ],
            [
              91.93154,
              53.903965
            ],
            [
              89.70457,
              53.84431
            ],
            [
              88.2926,
              53.76888
            ],
            [
              86.642494,
              53.639877
            ],
            [
              85.52927,
              53.52618
            ],
            [
              84.15884,
              53.354927
            ],
            [
              83.189835,
              53.212112
            ],
            [
              81.94486,
              53.00114
            ],
            [
              81.02798,
              52.825294
            ],
            [
              79.80265,
              52.562054
            ],
            [
              78.86408,
              52.3377
            ],
            [
              77.558105,
              51.99136
            ],
            [
              76.5143,
              51.685047
            ],
            [
              74.99157,
              51.19015
            ],
            [
              73.70741,
              50.728302
            ],
            [
              71.704956,
              49.928185
            ],
            [
              69.86663,
              49.110607
            ],
            [
              66.60636,
              47.474247
            ],
            [
              65.16091,
              46.6749
            ]
          ]
        ]
      },
      "properties": {
        "id": "77de81a8-5b3f-453c-a283-33367ac564e6",
        "source": "Copernicus",
        "sensor": "S5P",
        "type": "optical",
        "datetime": "2026-08-18T07:21:44.000000Z",
        "cloud_cover": null,
        "name": "S5P_NRTI_L2__CH4____20260818T072149_20260818T072649_45838_03_020901_20260818T075837.nc",
        "links": [
          {
            "label": "OData詳細",
            "url": "https://catalogue.dataspace.copernicus.eu/odata/v1/Products(77de81a8-5b3f-453c-a283-33367ac564e6)"
          },
          {
            "label": "Copernicus Browserで開く",
            "url": "https://browser.dataspace.copernicus.eu/?zoom=8&product=S5P_NRTI_L2__CH4____20260818T072149_20260818T072649_45838_03_020901_20260818T075837.nc"
          }
        ],
        "first_seen": "2026-08-18T10:14:17.015380+00:00"
      }
    },
    {
      "type": "Feature",
      "geometry": {
        "type": "Polygon",
        "coordinates": [
          [
            [
              64.95728,
              47.00267
            ],
            [
              66.03751,
              45.691788
            ],
            [
              67.06277,
              44.3694
            ],
            [
              68.03715,
              43.03639
            ],
            [
              68.96438,
              41.69374
            ],
            [
              69.84794,
              40.34198
            ],
            [
              70.691025,
              38.982117
            ],
            [
              71.49669,
              37.614796
            ],
            [
              72.26716,
              36.240288
            ],
            [
              73.00515,
              34.8594
            ],
            [
              73.71295,
              33.472656
            ],
            [
              74.39234,
              32.08022
            ],
            [
              75.04495,
              30.682678
            ],
            [
              75.299126,
              30.122364
            ],
            [
              75.38474,
              30.164368
            ],
            [
              76.964836,
              30.921902
            ],
            [
              79.58703,
              32.097145
            ],
            [
              81.26643,
              32.786552
            ],
            [
              82.80211,
              33.36535
            ],
            [
              83.93659,
              33.757183
            ],
            [
              85.079254,
              34.11855
            ],
            [
              85.98935,
              34.381485
            ],
            [
              86.9642,
              34.63835
            ],
            [
              87.783844,
              34.834625
            ],
            [
              88.62938,
              35.01856
            ],
            [
              88.70622,
              35.03435
            ],
            [
              89.519196,
              35.192196
            ],
            [
              90.477715,
              35.3569
            ],
            [
              91.3637,
              35.48908
            ],
            [
              92.462395,
              35.627262
            ],
            [
              93.53539,
              35.736275
            ],
            [
              94.95292,
              35.844444
            ],
            [
              96.445625,
              35.91945
            ],
            [
              98.621704,
              35.968853
            ],
            [
              101.2534,
              35.951477
            ],
            [
              103.51799,
              35.880894
            ],
            [
              103.35428,
              37.32816
            ],
            [
              103.19816,
              38.77484
            ],
            [
              103.05068,
              40.220886
            ],
            [
              102.911736,
              41.666256
            ],
            [
              102.782196,
              43.11084
            ],
            [
              102.66228,
              44.554775
            ],
            [
              102.55295,
              45.997814
            ],
            [
              102.45508,
              47.440018
            ],
            [
              102.36935,
              48.88143
            ],
            [
              102.29684,
              50.321945
            ],
            [
              102.23867,
              51.761505
            ],
            [
              102.19719,
              53.20013
            ],
            [
              102.18519,
              53.775276
            ],
            [
              102.04698,
              53.78622
            ],
            [
              99.28219,
              53.9694
            ],
            [
              95.14454,
              54.109924
            ],
            [
              92.523254,
              54.10733
            ],
            [
              90.16514,
              54.035416
            ],
            [
              88.455444,
              53.936848
            ],
            [
              86.767,
              53.79703
            ],
            [
              85.4491,
              53.656235
            ],
            [
              84.06571,
              53.476692
            ],
            [
              82.9261,
              53.303223
            ],
            [
              81.77343,
              53.103313
            ],
            [
              81.66984,
              53.084114
            ],
            [
              80.58582,
              52.870636
            ],
            [
              79.33574,
              52.595222
            ],
            [
              78.20702,
              52.31858
            ],
            [
              76.842354,
              51.947353
            ],
            [
              75.5456,
              51.55638
            ],
            [
              73.88348,
              51.00021
            ],
            [
              72.19013,
              50.37056
            ],
            [
              69.8119,
              49.381866
            ],
            [
              67.052505,
              48.08774
            ],
            [
              64.95728,
              47.00267
            ]
          ]
        ]
      },
      "properties": {
        "id": "80212dcc-af1f-463f-aa0b-7e20b51bc6c7",
        "source": "Copernicus",
        "sensor": "S5P",
        "type": "optical",
        "datetime": "2026-08-18T07:21:44.000000Z",
        "cloud_cover": null,
        "name": "S5P_NRTI_L2__SO2____20260818T072149_20260818T072649_45838_03_020800_20260818T075938.nc",
        "links": [
          {
            "label": "OData詳細",
            "url": "https://catalogue.dataspace.copernicus.eu/odata/v1/Products(80212dcc-af1f-463f-aa0b-7e20b51bc6c7)"
          },
          {
            "label": "Copernicus Browserで開く",
            "url": "https://browser.dataspace.copernicus.eu/?zoom=8&product=S5P_NRTI_L2__SO2____20260818T072149_20260818T072649_45838_03_020800_20260818T075938.nc"
          }
        ],
        "first_seen": "2026-08-18T10:14:17.015380+00:00"
      }
    },
    {
      "type": "Feature",
      "geometry": {
        "type": "Polygon",
        "coordinates": [
          [
            [
              65.16091,
              46.6749
            ],
            [
              66.22865,
              45.361855
            ],
            [
              67.242424,
              44.037518
            ],
            [
              68.20624,
              42.702736
            ],
            [
              69.12373,
              41.358486
            ],
            [
              69.998314,
              40.005264
            ],
            [
              70.8331,
              38.64407
            ],
            [
              71.63108,
              37.275543
            ],
            [
              72.394424,
              35.89992
            ],
            [
              73.12581,
              34.518017
            ],
            [
              73.82745,
              33.130337
            ],
            [
              74.50112,
              31.737043
            ],
            [
              75.1484,
              30.338705
            ],
            [
              75.40049,
              29.778187
            ],
            [
              75.73724,
              29.953175
            ],
            [
              78.17195,
              31.168
            ],
            [
              80.44617,
              32.210484
            ],
            [
              81.761246,
              32.764122
            ],
            [
              83.21025,
              33.325058
            ],
            [
              84.146,
              33.657
            ],
            [
              85.26079,
              34.019173
            ],
            [
              86.02792,
              34.246723
            ],
            [
              86.991234,
              34.507267
            ],
            [
              87.68617,
              34.67798
            ],
            [
              88.597244,
              34.880318
            ],
            [
              89.28224,
              35.016735
            ],
            [
              90.21754,
              35.181713
            ],
            [
              90.95027,
              35.294163
            ],
            [
              91.994804,
              35.429752
            ],
            [
              92.85147,
              35.520187
            ],
            [
              94.13709,
              35.623238
            ],
            [
              95.25466,
              35.68388
            ],
            [
              97.05712,
              35.732697
            ],
            [
              98.77272,
              35.731888
            ],
            [
              101.94208,
              35.634216
            ],
            [
              103.39042,
              35.55501
            ],
            [
              103.22187,
              37.002846
            ],
            [
              103.06061,
              38.45012
            ],
            [
              102.90764,
              39.896767
            ],
            [
              102.762825,
              41.342773
            ],
            [
              102.62699,
              42.78801
            ],
            [
              102.50033,
              44.232628
            ],
            [
              102.383736,
              45.67638
            ],
            [
              102.27804,
              47.119335
            ],
            [
              102.18383,
              48.56153
            ],
            [
              102.10214,
              50.00287
            ],
            [
              102.03399,
              51.4433
            ],
            [
              101.9816,
              52.88284
            ],
            [
              101.964966,
              53.45827
            ],
            [
              101.43467,
              53.506866
            ],
            [
              97.579475,
              53.780853
            ],
            [
              93.98543,
              53.90135
            ],
            [
              91.93154,
              53.903965
            ],
            [
              89.70457,
              53.84431
            ],
            [
              88.2926,
              53.76888
            ],
            [
              86.642494,
              53.639877
            ],
            [
              85.52927,
              53.52618
            ],
            [
              84.15884,
              53.354927
            ],
            [
              83.189835,
              53.212112
            ],
            [
              81.94486,
              53.00114
            ],
            [
              81.02798,
              52.825294
            ],
            [
              79.80265,
              52.562054
            ],
            [
              78.86408,
              52.3377
            ],
            [
              77.558105,
              51.99136
            ],
            [
              76.5143,
              51.685047
            ],
            [
              74.99157,
              51.19015
            ],
            [
              73.70741,
              50.728302
            ],
            [
              71.704956,
              49.928185
            ],
            [
              69.86663,
              49.110607
            ],
            [
              66.60636,
              47.474247
            ],
            [
              65.16091,
              46.6749
            ]
          ]
        ]
      },
      "properties": {
        "id": "be6d6e76-c5a8-450c-a276-ed373884c883",
        "source": "Copernicus",
        "sensor": "S5P",
        "type": "optical",
        "datetime": "2026-08-18T07:21:44.000000Z",
        "cloud_cover": null,
        "name": "S5P_NRTI_L2__CO_____20260818T072149_20260818T072649_45838_03_020901_20260818T075244.nc",
        "links": [
          {
            "label": "OData詳細",
            "url": "https://catalogue.dataspace.copernicus.eu/odata/v1/Products(be6d6e76-c5a8-450c-a276-ed373884c883)"
          },
          {
            "label": "Copernicus Browserで開く",
            "url": "https://browser.dataspace.copernicus.eu/?zoom=8&product=S5P_NRTI_L2__CO_____20260818T072149_20260818T072649_45838_03_020901_20260818T075244.nc"
          }
        ],
        "first_seen": "2026-08-18T10:14:17.015380+00:00"
      }
    },
    {
      "type": "Feature",
      "geometry": {
        "type": "Polygon",
        "coordinates": [
          [
            [
              64.95728,
              47.00267
            ],
            [
              66.03751,
              45.691788
            ],
            [
              67.06277,
              44.3694
            ],
            [
              68.03715,
              43.03639
            ],
            [
              68.96438,
              41.69374
            ],
            [
              69.84794,
              40.34198
            ],
            [
              70.691025,
              38.982117
            ],
            [
              71.49669,
              37.614796
            ],
            [
              72.26716,
              36.240288
            ],
            [
              73.00515,
              34.8594
            ],
            [
              73.71295,
              33.472656
            ],
            [
              74.39234,
              32.08022
            ],
            [
              75.04495,
              30.682678
            ],
            [
              75.299126,
              30.122364
            ],
            [
              75.38474,
              30.164368
            ],
            [
              76.964836,
              30.921902
            ],
            [
              79.58703,
              32.097145
            ],
            [
              81.26643,
              32.786552
            ],
            [
              82.80211,
              33.36535
            ],
            [
              83.93659,
              33.757183
            ],
            [
              85.079254,
              34.11855
            ],
            [
              85.98935,
              34.381485
            ],
            [
              86.9642,
              34.63835
            ],
            [
              87.783844,
              34.834625
            ],
            [
              88.62938,
              35.01856
            ],
            [
              88.70622,
              35.03435
            ],
            [
              89.519196,
              35.192196
            ],
            [
              90.477715,
              35.3569
            ],
            [
              91.3637,
              35.48908
            ],
            [
              92.462395,
              35.627262
            ],
            [
              93.53539,
              35.736275
            ],
            [
              94.95292,
              35.844444
            ],
            [
              96.445625,
              35.91945
            ],
            [
              98.621704,
              35.968853
            ],
            [
              101.2534,
              35.951477
            ],
            [
              103.51799,
              35.880894
            ],
            [
              103.35428,
              37.32816
            ],
            [
              103.19816,
              38.77484
            ],
            [
              103.05068,
              40.220886
            ],
            [
              102.911736,
              41.666256
            ],
            [
              102.782196,
              43.11084
            ],
            [
              102.66228,
              44.554775
            ],
            [
              102.55295,
              45.997814
            ],
            [
              102.45508,
              47.440018
            ],
            [
              102.36935,
              48.88143
            ],
            [
              102.29684,
              50.321945
            ],
            [
              102.23867,
              51.761505
            ],
            [
              102.19719,
              53.20013
            ],
            [
              102.18519,
              53.775276
            ],
            [
              102.04698,
              53.78622
            ],
            [
              99.28219,
              53.9694
            ],
            [
              95.14454,
              54.109924
            ],
            [
              92.523254,
              54.10733
            ],
            [
              90.16514,
              54.035416
            ],
            [
              88.455444,
              53.936848
            ],
            [
              86.767,
              53.79703
            ],
            [
              85.4491,
              53.656235
            ],
            [
              84.06571,
              53.476692
            ],
            [
              82.9261,
              53.303223
            ],
            [
              81.77343,
              53.103313
            ],
            [
              81.66984,
              53.084114
            ],
            [
              80.58582,
              52.870636
            ],
            [
              79.33574,
              52.595222
            ],
            [
              78.20702,
              52.31858
            ],
            [
              76.842354,
              51.947353
            ],
            [
              75.5456,
              51.55638
            ],
            [
              73.88348,
              51.00021
            ],
            [
              72.19013,
              50.37056
            ],
            [
              69.8119,
              49.381866
            ],
            [
              67.052505,
              48.08774
            ],
            [
              64.95728,
              47.00267
            ]
          ]
        ]
      },
      "properties": {
        "id": "ceb8db88-ac12-44b1-ab6b-bbfc5b2ed904",
        "source": "Copernicus",
        "sensor": "S5P",
        "type": "optical",
        "datetime": "2026-08-18T07:21:44.000000Z",
        "cloud_cover": null,
        "name": "S5P_NRTI_L2__O3_____20260818T072149_20260818T072649_45838_03_020800_20260818T075836.nc",
        "links": [
          {
            "label": "OData詳細",
            "url": "https://catalogue.dataspace.copernicus.eu/odata/v1/Products(ceb8db88-ac12-44b1-ab6b-bbfc5b2ed904)"
          },
          {
            "label": "Copernicus Browserで開く",
            "url": "https://browser.dataspace.copernicus.eu/?zoom=8&product=S5P_NRTI_L2__O3_____20260818T072149_20260818T072649_45838_03_020800_20260818T075836.nc"
          }
        ],
        "first_seen": "2026-08-18T10:14:17.015380+00:00"
      }
    },
    {
      "type": "Feature",
      "geometry": {
        "type": "Polygon",
        "coordinates": [
          [
            [
              65.09,
              47.074062
            ],
            [
              66.168655,
              45.761654
            ],
            [
              67.19233,
              44.437813
            ],
            [
              68.16514,
              43.103413
            ],
            [
              69.09081,
              41.759438
            ],
            [
              69.97285,
              40.406406
            ],
            [
              70.814445,
              39.04533
            ],
            [
              71.61866,
              37.676846
            ],
            [
              72.38774,
              36.30122
            ],
            [
              73.1244,
              34.919262
            ],
            [
              73.83092,
              33.531487
            ],
            [
              74.50909,
              32.13806
            ],
            [
              75.160545,
              30.73957
            ],
            [
              75.41427,
              30.178885
            ],
            [
              75.49849,
              30.220074
            ],
            [
              77.37838,
              31.114403
            ],
            [
              79.69617,
              32.143574
            ],
            [
              81.424446,
              32.8485
            ],
            [
              82.81823,
              33.371124
            ],
            [
              84.0028,
              33.779037
            ],
            [
              85.04996,
              34.1097
            ],
            [
              86.005585,
              34.385952
            ],
            [
              86.90181,
              34.622658
            ],
            [
              87.76318,
              34.829876
            ],
            [
              88.61028,
              35.014587
            ],
            [
              88.68725,
              35.030445
            ],
            [
              89.46212,
              35.18164
            ],
            [
              90.33805,
              35.334297
            ],
            [
              91.259834,
              35.474537
            ],
            [
              92.254135,
              35.60317
            ],
            [
              93.35636,
              35.719765
            ],
            [
              94.61733,
              35.82227
            ],
            [
              96.116135,
              35.906013
            ],
            [
              97.98853,
              35.961052
            ],
            [
              100.50184,
              35.96405
            ],
            [
              102.88436,
              35.90539
            ],
            [
              103.56855,
              35.878838
            ],
            [
              103.40581,
              37.325855
            ],
            [
              103.25072,
              38.772293
            ],
            [
              103.10435,
              40.218082
            ],
            [
              102.9666,
              41.6632
            ],
            [
              102.83833,
              43.10752
            ],
            [
              102.71979,
              44.55118
            ],
            [
              102.61193,
              45.993946
            ],
            [
              102.515656,
              47.43587
            ],
            [
              102.43164,
              48.87699
            ],
            [
              102.36098,
              50.317207
            ],
            [
              102.30481,
              51.756454
            ],
            [
              102.2655,
              53.19476
            ],
            [
              102.25442,
              53.769775
            ],
            [
              102.11529,
              53.780876
            ],
            [
              99.228226,
              53.972298
            ],
            [
              95.39397,
              54.106266
            ],
            [
              92.60273,
              54.10854
            ],
            [
              90.4055,
              54.046005
            ],
            [
              88.58265,
              53.945602
            ],
            [
              87.00934,
              53.819813
            ],
            [
              85.60702,
              53.67461
            ],
            [
              84.32212,
              53.512474
            ],
            [
              83.11535,
              53.333645
            ],
            [
              81.95573,
              53.13658
            ],
            [
              81.851715,
              53.117664
            ],
            [
              80.816795,
              52.918045
            ],
            [
              79.6739,
              52.672867
            ],
            [
              78.501755,
              52.393414
            ],
            [
              77.27186,
              52.06858
            ],
            [
              75.948784,
              51.68195
            ],
            [
              74.48441,
              51.208405
            ],
            [
              72.807045,
              50.607227
            ],
            [
              70.79837,
              49.80649
            ],
            [
              68.234665,
              48.66113
            ],
            [
              65.7476,
              47.422306
            ],
            [
              65.09,
              47.074062
            ]
          ]
        ]
      },
      "properties": {
        "id": "e7a6766a-bf75-449f-b121-b2fd7578324f",
        "source": "Copernicus",
        "sensor": "S5P",
        "type": "optical",
        "datetime": "2026-08-18T07:21:44.000000Z",
        "cloud_cover": null,
        "name": "S5P_NRTI_L2__AER_LH_20260818T072149_20260818T072649_45838_03_020901_20260818T075839.nc",
        "links": [
          {
            "label": "OData詳細",
            "url": "https://catalogue.dataspace.copernicus.eu/odata/v1/Products(e7a6766a-bf75-449f-b121-b2fd7578324f)"
          },
          {
            "label": "Copernicus Browserで開く",
            "url": "https://browser.dataspace.copernicus.eu/?zoom=8&product=S5P_NRTI_L2__AER_LH_20260818T072149_20260818T072649_45838_03_020901_20260818T075839.nc"
          }
        ],
        "first_seen": "2026-08-18T10:14:17.015380+00:00"
      }
    },
    {
      "type": "Feature",
      "geometry": {
        "type": "Polygon",
        "coordinates": [
          [
            [
              64.95728,
              47.00267
            ],
            [
              66.03751,
              45.691788
            ],
            [
              67.06277,
              44.3694
            ],
            [
              68.03715,
              43.03639
            ],
            [
              68.96438,
              41.69374
            ],
            [
              69.84794,
              40.34198
            ],
            [
              70.691025,
              38.982117
            ],
            [
              71.49669,
              37.614796
            ],
            [
              72.26716,
              36.240288
            ],
            [
              73.00515,
              34.8594
            ],
            [
              73.71295,
              33.472656
            ],
            [
              74.39234,
              32.08022
            ],
            [
              75.04495,
              30.682678
            ],
            [
              75.299126,
              30.122364
            ],
            [
              75.38474,
              30.164368
            ],
            [
              76.964836,
              30.921902
            ],
            [
              79.58703,
              32.097145
            ],
            [
              81.26643,
              32.786552
            ],
            [
              82.80211,
              33.36535
            ],
            [
              83.93659,
              33.757183
            ],
            [
              85.079254,
              34.11855
            ],
            [
              85.98935,
              34.381485
            ],
            [
              86.9642,
              34.63835
            ],
            [
              87.783844,
              34.834625
            ],
            [
              88.62938,
              35.01856
            ],
            [
              88.70622,
              35.03435
            ],
            [
              89.519196,
              35.192196
            ],
            [
              90.477715,
              35.3569
            ],
            [
              91.3637,
              35.48908
            ],
            [
              92.462395,
              35.627262
            ],
            [
              93.53539,
              35.736275
            ],
            [
              94.95292,
              35.844444
            ],
            [
              96.445625,
              35.91945
            ],
            [
              98.621704,
              35.968853
            ],
            [
              101.2534,
              35.951477
            ],
            [
              103.51799,
              35.880894
            ],
            [
              103.35428,
              37.32816
            ],
            [
              103.19816,
              38.77484
            ],
            [
              103.05068,
              40.220886
            ],
            [
              102.911736,
              41.666256
            ],
            [
              102.782196,
              43.11084
            ],
            [
              102.66228,
              44.554775
            ],
            [
              102.55295,
              45.997814
            ],
            [
              102.45508,
              47.440018
            ],
            [
              102.36935,
              48.88143
            ],
            [
              102.29684,
              50.321945
            ],
            [
              102.23867,
              51.761505
            ],
            [
              102.19719,
              53.20013
            ],
            [
              102.18519,
              53.775276
            ],
            [
              102.04698,
              53.78622
            ],
            [
              99.28219,
              53.9694
            ],
            [
              95.14454,
              54.109924
            ],
            [
              92.523254,
              54.10733
            ],
            [
              90.16514,
              54.035416
            ],
            [
              88.455444,
              53.936848
            ],
            [
              86.767,
              53.79703
            ],
            [
              85.4491,
              53.656235
            ],
            [
              84.06571,
              53.476692
            ],
            [
              82.9261,
              53.303223
            ],
            [
              81.77343,
              53.103313
            ],
            [
              81.66984,
              53.084114
            ],
            [
              80.58582,
              52.870636
            ],
            [
              79.33574,
              52.595222
            ],
            [
              78.20702,
              52.31858
            ],
            [
              76.842354,
              51.947353
            ],
            [
              75.5456,
              51.55638
            ],
            [
              73.88348,
              51.00021
            ],
            [
              72.19013,
              50.37056
            ],
            [
              69.8119,
              49.381866
            ],
            [
              67.052505,
              48.08774
            ],
            [
              64.95728,
              47.00267
            ]
          ]
        ]
      },
      "properties": {
        "id": "fef3e28b-564a-426d-84ca-e9d4d789dd0b",
        "source": "Copernicus",
        "sensor": "S5P",
        "type": "optical",
        "datetime": "2026-08-18T07:21:44.000000Z",
        "cloud_cover": null,
        "name": "S5P_NRTI_L2__AER_AI_20260818T072149_20260818T072649_45838_03_020901_20260818T075247.nc",
        "links": [
          {
            "label": "OData詳細",
            "url": "https://catalogue.dataspace.copernicus.eu/odata/v1/Products(fef3e28b-564a-426d-84ca-e9d4d789dd0b)"
          },
          {
            "label": "Copernicus Browserで開く",
            "url": "https://browser.dataspace.copernicus.eu/?zoom=8&product=S5P_NRTI_L2__AER_AI_20260818T072149_20260818T072649_45838_03_020901_20260818T075247.nc"
          }
        ],
        "first_seen": "2026-08-18T10:14:17.015380+00:00"
      }
    },
    {
      "type": "Feature",
      "geometry": {
        "type": "Polygon",
        "coordinates": [
          [
            [
              65.01358,
              46.554737
            ],
            [
              66.08211,
              45.243397
            ],
            [
              67.09678,
              43.920696
            ],
            [
              68.06156,
              42.58749
            ],
            [
              68.98008,
              41.244755
            ],
            [
              69.855705,
              39.89299
            ],
            [
              70.69157,
              38.5332
            ],
            [
              71.49062,
              37.166023
            ],
            [
              72.25502,
              35.7917
            ],
            [
              72.987434,
              34.41104
            ],
            [
              73.69009,
              33.02457
            ],
            [
              74.36472,
              31.63244
            ],
            [
              75.012924,
              30.235224
            ],
            [
              75.26542,
              29.67505
            ],
            [
              75.60807,
              29.854393
            ],
            [
              76.24336,
              30.18254
            ],
            [
              78.30374,
              31.20464
            ],
            [
              79.134636,
              31.596666
            ],
            [
              80.85199,
              32.36436
            ],
            [
              81.435425,
              32.610626
            ],
            [
              82.950066,
              33.2109
            ],
            [
              83.81867,
              33.527378
            ],
            [
              85.69018,
              34.134052
            ],
            [
              86.362114,
              34.325893
            ],
            [
              87.94635,
              34.723934
            ],
            [
              88.56353,
              34.8588
            ],
            [
              90.13041,
              35.152054
            ],
            [
              90.78715,
              35.254555
            ],
            [
              92.58805,
              35.47664
            ],
            [
              93.40709,
              35.550644
            ],
            [
              95.6041,
              35.67563
            ],
            [
              96.18873,
              35.692883
            ],
            [
              97.887245,
              35.710716
            ],
            [
              98.69285,
              35.704212
            ],
            [
              101.20025,
              35.632225
            ],
            [
              102.15243,
              35.586872
            ],
            [
              103.644,
              35.498245
            ],
            [
              103.47989,
              36.944855
            ],
            [
              103.32339,
              38.390884
            ],
            [
              103.17553,
              39.83627
            ],
            [
              103.0362,
              41.280987
            ],
            [
              102.906265,
              42.724915
            ],
            [
              102.78593,
              44.16819
            ],
            [
              102.67614,
              45.610573
            ],
            [
              102.577774,
              47.05212
            ],
            [
              102.49146,
              48.492878
            ],
            [
              102.41828,
              49.93274
            ],
            [
              102.359314,
              51.371647
            ],
            [
              102.31689,
              52.809612
            ],
            [
              102.30446,
              53.3845
            ],
            [
              101.758255,
              53.437294
            ],
            [
              100.74347,
              53.52809
            ],
            [
              97.4457,
              53.755768
            ],
            [
              96.11889,
              53.816845
            ],
            [
              93.396454,
              53.88219
            ],
            [
              92.48074,
              53.884583
            ],
            [
              90.134155,
              53.840538
            ],
            [
              88.81285,
              53.781013
            ],
            [
              86.0401,
              53.5643
            ],
            [
              85.07206,
              53.456814
            ],
            [
              82.85133,
              53.142864
            ],
            [
              82.01014,
              52.998287
            ],
            [
              79.935555,
              52.577747
            ],
            [
              79.09202,
              52.37946
            ],
            [
              76.85619,
              51.772667
            ],
            [
              75.87549,
              51.467937
            ],
            [
              73.34653,
              50.571583
            ],
            [
              72.69629,
              50.315613
            ],
            [
              70.85446,
              49.535583
            ],
            [
              70.00312,
              49.14826
            ],
            [
              67.43049,
              47.878796
            ],
            [
              66.47965,
              47.372894
            ],
            [
              65.01358,
              46.554737
            ]
          ]
        ]
      },
      "properties": {
        "id": "0857bbb9-e3a5-435b-ac46-d9bbd60fa704",
        "source": "Copernicus",
        "sensor": "S5P",
        "type": "optical",
        "datetime": "2026-08-18T07:20:44.000000Z",
        "cloud_cover": null,
        "name": "S5P_NRTI_L1B_RA_BD6_20260818T072143_20260818T072655_45838_03_030000_20260818T074055.nc",
        "links": [
          {
            "label": "OData詳細",
            "url": "https://catalogue.dataspace.copernicus.eu/odata/v1/Products(0857bbb9-e3a5-435b-ac46-d9bbd60fa704)"
          },
          {
            "label": "Copernicus Browserで開く",
            "url": "https://browser.dataspace.copernicus.eu/?zoom=8&product=S5P_NRTI_L1B_RA_BD6_20260818T072143_20260818T072655_45838_03_030000_20260818T074055.nc"
          }
        ],
        "first_seen": "2026-08-18T10:14:17.015380+00:00"
      }
    },
    {
      "type": "Feature",
      "geometry": {
        "type": "Polygon",
        "coordinates": [
          [
            [
              65.01358,
              46.554737
            ],
            [
              66.08211,
              45.243397
            ],
            [
              67.09678,
              43.920696
            ],
            [
              68.06156,
              42.58749
            ],
            [
              68.98008,
              41.244755
            ],
            [
              69.855705,
              39.89299
            ],
            [
              70.69157,
              38.5332
            ],
            [
              71.49062,
              37.166023
            ],
            [
              72.25502,
              35.7917
            ],
            [
              72.987434,
              34.41104
            ],
            [
              73.69009,
              33.02457
            ],
            [
              74.36472,
              31.63244
            ],
            [
              75.012924,
              30.235224
            ],
            [
              75.26542,
              29.67505
            ],
            [
              75.60807,
              29.854393
            ],
            [
              76.24336,
              30.18254
            ],
            [
              78.30374,
              31.20464
            ],
            [
              79.134636,
              31.596666
            ],
            [
              80.85199,
              32.36436
            ],
            [
              81.435425,
              32.610626
            ],
            [
              82.950066,
              33.2109
            ],
            [
              83.81867,
              33.527378
            ],
            [
              85.69018,
              34.134052
            ],
            [
              86.362114,
              34.325893
            ],
            [
              87.94635,
              34.723934
            ],
            [
              88.56353,
              34.8588
            ],
            [
              90.13041,
              35.152054
            ],
            [
              90.78715,
              35.254555
            ],
            [
              92.58805,
              35.47664
            ],
            [
              93.40709,
              35.550644
            ],
            [
              95.6041,
              35.67563
            ],
            [
              96.18873,
              35.692883
            ],
            [
              97.887245,
              35.710716
            ],
            [
              98.69285,
              35.704212
            ],
            [
              101.20025,
              35.632225
            ],
            [
              102.15243,
              35.586872
            ],
            [
              103.644,
              35.498245
            ],
            [
              103.47989,
              36.944855
            ],
            [
              103.32339,
              38.390884
            ],
            [
              103.17553,
              39.83627
            ],
            [
              103.0362,
              41.280987
            ],
            [
              102.906265,
              42.724915
            ],
            [
              102.78593,
              44.16819
            ],
            [
              102.67614,
              45.610573
            ],
            [
              102.577774,
              47.05212
            ],
            [
              102.49146,
              48.492878
            ],
            [
              102.41828,
              49.93274
            ],
            [
              102.359314,
              51.371647
            ],
            [
              102.31689,
              52.809612
            ],
            [
              102.30446,
              53.3845
            ],
            [
              101.758255,
              53.437294
            ],
            [
              100.74347,
              53.52809
            ],
            [
              97.4457,
              53.755768
            ],
            [
              96.11889,
              53.816845
            ],
            [
              93.396454,
              53.88219
            ],
            [
              92.48074,
              53.884583
            ],
            [
              90.134155,
              53.840538
            ],
            [
              88.81285,
              53.781013
            ],
            [
              86.0401,
              53.5643
            ],
            [
              85.07206,
              53.456814
            ],
            [
              82.85133,
              53.142864
            ],
            [
              82.01014,
              52.998287
            ],
            [
              79.935555,
              52.577747
            ],
            [
              79.09202,
              52.37946
            ],
            [
              76.85619,
              51.772667
            ],
            [
              75.87549,
              51.467937
            ],
            [
              73.34653,
              50.571583
            ],
            [
              72.69629,
              50.315613
            ],
            [
              70.85446,
              49.535583
            ],
            [
              70.00312,
              49.14826
            ],
            [
              67.43049,
              47.878796
            ],
            [
              66.47965,
              47.372894
            ],
            [
              65.01358,
              46.554737
            ]
          ]
        ]
      },
      "properties": {
        "id": "8aa6f366-03d9-4925-9025-ce3d8d54555e",
        "source": "Copernicus",
        "sensor": "S5P",
        "type": "optical",
        "datetime": "2026-08-18T07:20:44.000000Z",
        "cloud_cover": null,
        "name": "S5P_NRTI_L1B_RA_BD8_20260818T072143_20260818T072655_45838_03_030000_20260818T074055.nc",
        "links": [
          {
            "label": "OData詳細",
            "url": "https://catalogue.dataspace.copernicus.eu/odata/v1/Products(8aa6f366-03d9-4925-9025-ce3d8d54555e)"
          },
          {
            "label": "Copernicus Browserで開く",
            "url": "https://browser.dataspace.copernicus.eu/?zoom=8&product=S5P_NRTI_L1B_RA_BD8_20260818T072143_20260818T072655_45838_03_030000_20260818T074055.nc"
          }
        ],
        "first_seen": "2026-08-18T10:14:17.015380+00:00"
      }
    },
    {
      "type": "Feature",
      "geometry": {
        "type": "Polygon",
        "coordinates": [
          [
            [
              65.01358,
              46.554737
            ],
            [
              66.08211,
              45.243397
            ],
            [
              67.09678,
              43.920696
            ],
            [
              68.06156,
              42.58749
            ],
            [
              68.98008,
              41.244755
            ],
            [
              69.855705,
              39.89299
            ],
            [
              70.69157,
              38.5332
            ],
            [
              71.49062,
              37.166023
            ],
            [
              72.25502,
              35.7917
            ],
            [
              72.987434,
              34.41104
            ],
            [
              73.69009,
              33.02457
            ],
            [
              74.36472,
              31.63244
            ],
            [
              75.012924,
              30.235224
            ],
            [
              75.26542,
              29.67505
            ],
            [
              75.60807,
              29.854393
            ],
            [
              76.24336,
              30.18254
            ],
            [
              78.30374,
              31.20464
            ],
            [
              79.134636,
              31.596666
            ],
            [
              80.85199,
              32.36436
            ],
            [
              81.435425,
              32.610626
            ],
            [
              82.950066,
              33.2109
            ],
            [
              83.81867,
              33.527378
            ],
            [
              85.69018,
              34.134052
            ],
            [
              86.362114,
              34.325893
            ],
            [
              87.94635,
              34.723934
            ],
            [
              88.56353,
              34.8588
            ],
            [
              90.13041,
              35.152054
            ],
            [
              90.78715,
              35.254555
            ],
            [
              92.58805,
              35.47664
            ],
            [
              93.40709,
              35.550644
            ],
            [
              95.6041,
              35.67563
            ],
            [
              96.18873,
              35.692883
            ],
            [
              97.887245,
              35.710716
            ],
            [
              98.69285,
              35.704212
            ],
            [
              101.20025,
              35.632225
            ],
            [
              102.15243,
              35.586872
            ],
            [
              103.644,
              35.498245
            ],
            [
              103.47989,
              36.944855
            ],
            [
              103.32339,
              38.390884
            ],
            [
              103.17553,
              39.83627
            ],
            [
              103.0362,
              41.280987
            ],
            [
              102.906265,
              42.724915
            ],
            [
              102.78593,
              44.16819
            ],
            [
              102.67614,
              45.610573
            ],
            [
              102.577774,
              47.05212
            ],
            [
              102.49146,
              48.492878
            ],
            [
              102.41828,
              49.93274
            ],
            [
              102.359314,
              51.371647
            ],
            [
              102.31689,
              52.809612
            ],
            [
              102.30446,
              53.3845
            ],
            [
              101.758255,
              53.437294
            ],
            [
              100.74347,
              53.52809
            ],
            [
              97.4457,
              53.755768
            ],
            [
              96.11889,
              53.816845
            ],
            [
              93.396454,
              53.88219
            ],
            [
              92.48074,
              53.884583
            ],
            [
              90.134155,
              53.840538
            ],
            [
              88.81285,
              53.781013
            ],
            [
              86.0401,
              53.5643
            ],
            [
              85.07206,
              53.456814
            ],
            [
              82.85133,
              53.142864
            ],
            [
              82.01014,
              52.998287
            ],
            [
              79.935555,
              52.577747
            ],
            [
              79.09202,
              52.37946
            ],
            [
              76.85619,
              51.772667
            ],
            [
              75.87549,
              51.467937
            ],
            [
              73.34653,
              50.571583
            ],
            [
              72.69629,
              50.315613
            ],
            [
              70.85446,
              49.535583
            ],
            [
              70.00312,
              49.14826
            ],
            [
              67.43049,
              47.878796
            ],
            [
              66.47965,
              47.372894
            ],
            [
              65.01358,
              46.554737
            ]
          ]
        ]
      },
      "properties": {
        "id": "a0f977aa-cc06-4559-b671-163c0b1fb24b",
        "source": "Copernicus",
        "sensor": "S5P",
        "type": "optical",
        "datetime": "2026-08-18T07:20:44.000000Z",
        "cloud_cover": null,
        "name": "S5P_NRTI_L1B_RA_BD5_20260818T072143_20260818T072655_45838_03_030000_20260818T074055.nc",
        "links": [
          {
            "label": "OData詳細",
            "url": "https://catalogue.dataspace.copernicus.eu/odata/v1/Products(a0f977aa-cc06-4559-b671-163c0b1fb24b)"
          },
          {
            "label": "Copernicus Browserで開く",
            "url": "https://browser.dataspace.copernicus.eu/?zoom=8&product=S5P_NRTI_L1B_RA_BD5_20260818T072143_20260818T072655_45838_03_030000_20260818T074055.nc"
          }
        ],
        "first_seen": "2026-08-18T10:14:17.015380+00:00"
      }
    },
    {
      "type": "Feature",
      "geometry": {
        "type": "Polygon",
        "coordinates": [
          [
            [
              65.01358,
              46.554737
            ],
            [
              66.08211,
              45.243397
            ],
            [
              67.09678,
              43.920696
            ],
            [
              68.06156,
              42.58749
            ],
            [
              68.98008,
              41.244755
            ],
            [
              69.855705,
              39.89299
            ],
            [
              70.69157,
              38.5332
            ],
            [
              71.49062,
              37.166023
            ],
            [
              72.25502,
              35.7917
            ],
            [
              72.987434,
              34.41104
            ],
            [
              73.69009,
              33.02457
            ],
            [
              74.36472,
              31.63244
            ],
            [
              75.012924,
              30.235224
            ],
            [
              75.26542,
              29.67505
            ],
            [
              75.60807,
              29.854393
            ],
            [
              76.24336,
              30.18254
            ],
            [
              78.30374,
              31.20464
            ],
            [
              79.134636,
              31.596666
            ],
            [
              80.85199,
              32.36436
            ],
            [
              81.435425,
              32.610626
            ],
            [
              82.950066,
              33.2109
            ],
            [
              83.81867,
              33.527378
            ],
            [
              85.69018,
              34.134052
            ],
            [
              86.362114,
              34.325893
            ],
            [
              87.94635,
              34.723934
            ],
            [
              88.56353,
              34.8588
            ],
            [
              90.13041,
              35.152054
            ],
            [
              90.78715,
              35.254555
            ],
            [
              92.58805,
              35.47664
            ],
            [
              93.40709,
              35.550644
            ],
            [
              95.6041,
              35.67563
            ],
            [
              96.18873,
              35.692883
            ],
            [
              97.887245,
              35.710716
            ],
            [
              98.69285,
              35.704212
            ],
            [
              101.20025,
              35.632225
            ],
            [
              102.15243,
              35.586872
            ],
            [
              103.644,
              35.498245
            ],
            [
              103.47989,
              36.944855
            ],
            [
              103.32339,
              38.390884
            ],
            [
              103.17553,
              39.83627
            ],
            [
              103.0362,
              41.280987
            ],
            [
              102.906265,
              42.724915
            ],
            [
              102.78593,
              44.16819
            ],
            [
              102.67614,
              45.610573
            ],
            [
              102.577774,
              47.05212
            ],
            [
              102.49146,
              48.492878
            ],
            [
              102.41828,
              49.93274
            ],
            [
              102.359314,
              51.371647
            ],
            [
              102.31689,
              52.809612
            ],
            [
              102.30446,
              53.3845
            ],
            [
              101.758255,
              53.437294
            ],
            [
              100.74347,
              53.52809
            ],
            [
              97.4457,
              53.755768
            ],
            [
              96.11889,
              53.816845
            ],
            [
              93.396454,
              53.88219
            ],
            [
              92.48074,
              53.884583
            ],
            [
              90.134155,
              53.840538
            ],
            [
              88.81285,
              53.781013
            ],
            [
              86.0401,
              53.5643
            ],
            [
              85.07206,
              53.456814
            ],
            [
              82.85133,
              53.142864
            ],
            [
              82.01014,
              52.998287
            ],
            [
              79.935555,
              52.577747
            ],
            [
              79.09202,
              52.37946
            ],
            [
              76.85619,
              51.772667
            ],
            [
              75.87549,
              51.467937
            ],
            [
              73.34653,
              50.571583
            ],
            [
              72.69629,
              50.315613
            ],
            [
              70.85446,
              49.535583
            ],
            [
              70.00312,
              49.14826
            ],
            [
              67.43049,
              47.878796
            ],
            [
              66.47965,
              47.372894
            ],
            [
              65.01358,
              46.554737
            ]
          ]
        ]
      },
      "properties": {
        "id": "a1ff5dc2-a377-4b5f-8c3e-a780070fea28",
        "source": "Copernicus",
        "sensor": "S5P",
        "type": "optical",
        "datetime": "2026-08-18T07:20:44.000000Z",
        "cloud_cover": null,
        "name": "S5P_NRTI_L1B_RA_BD1_20260818T072143_20260818T072655_45838_03_030000_20260818T074055.nc",
        "links": [
          {
            "label": "OData詳細",
            "url": "https://catalogue.dataspace.copernicus.eu/odata/v1/Products(a1ff5dc2-a377-4b5f-8c3e-a780070fea28)"
          },
          {
            "label": "Copernicus Browserで開く",
            "url": "https://browser.dataspace.copernicus.eu/?zoom=8&product=S5P_NRTI_L1B_RA_BD1_20260818T072143_20260818T072655_45838_03_030000_20260818T074055.nc"
          }
        ],
        "first_seen": "2026-08-18T10:14:17.015380+00:00"
      }
    },
    {
      "type": "Feature",
      "geometry": {
        "type": "Polygon",
        "coordinates": [
          [
            [
              65.01358,
              46.554737
            ],
            [
              66.08211,
              45.243397
            ],
            [
              67.09678,
              43.920696
            ],
            [
              68.06156,
              42.58749
            ],
            [
              68.98008,
              41.244755
            ],
            [
              69.855705,
              39.89299
            ],
            [
              70.69157,
              38.5332
            ],
            [
              71.49062,
              37.166023
            ],
            [
              72.25502,
              35.7917
            ],
            [
              72.987434,
              34.41104
            ],
            [
              73.69009,
              33.02457
            ],
            [
              74.36472,
              31.63244
            ],
            [
              75.012924,
              30.235224
            ],
            [
              75.26542,
              29.67505
            ],
            [
              75.60807,
              29.854393
            ],
            [
              76.24336,
              30.18254
            ],
            [
              78.30374,
              31.20464
            ],
            [
              79.134636,
              31.596666
            ],
            [
              80.85199,
              32.36436
            ],
            [
              81.435425,
              32.610626
            ],
            [
              82.950066,
              33.2109
            ],
            [
              83.81867,
              33.527378
            ],
            [
              85.69018,
              34.134052
            ],
            [
              86.362114,
              34.325893
            ],
            [
              87.94635,
              34.723934
            ],
            [
              88.56353,
              34.8588
            ],
            [
              90.13041,
              35.152054
            ],
            [
              90.78715,
              35.254555
            ],
            [
              92.58805,
              35.47664
            ],
            [
              93.40709,
              35.550644
            ],
            [
              95.6041,
              35.67563
            ],
            [
              96.18873,
              35.692883
            ],
            [
              97.887245,
              35.710716
            ],
            [
              98.69285,
              35.704212
            ],
            [
              101.20025,
              35.632225
            ],
            [
              102.15243,
              35.586872
            ],
            [
              103.644,
              35.498245
            ],
            [
              103.47989,
              36.944855
            ],
            [
              103.32339,
              38.390884
            ],
            [
              103.17553,
              39.83627
            ],
            [
              103.0362,
              41.280987
            ],
            [
              102.906265,
              42.724915
            ],
            [
              102.78593,
              44.16819
            ],
            [
              102.67614,
              45.610573
            ],
            [
              102.577774,
              47.05212
            ],
            [
              102.49146,
              48.492878
            ],
            [
              102.41828,
              49.93274
            ],
            [
              102.359314,
              51.371647
            ],
            [
              102.31689,
              52.809612
            ],
            [
              102.30446,
              53.3845
            ],
            [
              101.758255,
              53.437294
            ],
            [
              100.74347,
              53.52809
            ],
            [
              97.4457,
              53.755768
            ],
            [
              96.11889,
              53.816845
            ],
            [
              93.396454,
              53.88219
            ],
            [
              92.48074,
              53.884583
            ],
            [
              90.134155,
              53.840538
            ],
            [
              88.81285,
              53.781013
            ],
            [
              86.0401,
              53.5643
            ],
            [
              85.07206,
              53.456814
            ],
            [
              82.85133,
              53.142864
            ],
            [
              82.01014,
              52.998287
            ],
            [
              79.935555,
              52.577747
            ],
            [
              79.09202,
              52.37946
            ],
            [
              76.85619,
              51.772667
            ],
            [
              75.87549,
              51.467937
            ],
            [
              73.34653,
              50.571583
            ],
            [
              72.69629,
              50.315613
            ],
            [
              70.85446,
              49.535583
            ],
            [
              70.00312,
              49.14826
            ],
            [
              67.43049,
              47.878796
            ],
            [
              66.47965,
              47.372894
            ],
            [
              65.01358,
              46.554737
            ]
          ]
        ]
      },
      "properties": {
        "id": "b428cf8b-0928-4d3b-af55-5da1d5fee37e",
        "source": "Copernicus",
        "sensor": "S5P",
        "type": "optical",
        "datetime": "2026-08-18T07:20:44.000000Z",
        "cloud_cover": null,
        "name": "S5P_NRTI_L1B_RA_BD4_20260818T072143_20260818T072655_45838_03_030000_20260818T074055.nc",
        "links": [
          {
            "label": "OData詳細",
            "url": "https://catalogue.dataspace.copernicus.eu/odata/v1/Products(b428cf8b-0928-4d3b-af55-5da1d5fee37e)"
          },
          {
            "label": "Copernicus Browserで開く",
            "url": "https://browser.dataspace.copernicus.eu/?zoom=8&product=S5P_NRTI_L1B_RA_BD4_20260818T072143_20260818T072655_45838_03_030000_20260818T074055.nc"
          }
        ],
        "first_seen": "2026-08-18T10:14:17.015380+00:00"
      }
    },
    {
      "type": "Feature",
      "geometry": {
        "type": "Polygon",
        "coordinates": [
          [
            [
              65.01358,
              46.554737
            ],
            [
              66.08211,
              45.243397
            ],
            [
              67.09678,
              43.920696
            ],
            [
              68.06156,
              42.58749
            ],
            [
              68.98008,
              41.244755
            ],
            [
              69.855705,
              39.89299
            ],
            [
              70.69157,
              38.5332
            ],
            [
              71.49062,
              37.166023
            ],
            [
              72.25502,
              35.7917
            ],
            [
              72.987434,
              34.41104
            ],
            [
              73.69009,
              33.02457
            ],
            [
              74.36472,
              31.63244
            ],
            [
              75.012924,
              30.235224
            ],
            [
              75.26542,
              29.67505
            ],
            [
              75.60807,
              29.854393
            ],
            [
              76.24336,
              30.18254
            ],
            [
              78.30374,
              31.20464
            ],
            [
              79.134636,
              31.596666
            ],
            [
              80.85199,
              32.36436
            ],
            [
              81.435425,
              32.610626
            ],
            [
              82.950066,
              33.2109
            ],
            [
              83.81867,
              33.527378
            ],
            [
              85.69018,
              34.134052
            ],
            [
              86.362114,
              34.325893
            ],
            [
              87.94635,
              34.723934
            ],
            [
              88.56353,
              34.8588
            ],
            [
              90.13041,
              35.152054
            ],
            [
              90.78715,
              35.254555
            ],
            [
              92.58805,
              35.47664
            ],
            [
              93.40709,
              35.550644
            ],
            [
              95.6041,
              35.67563
            ],
            [
              96.18873,
              35.692883
            ],
            [
              97.887245,
              35.710716
            ],
            [
              98.69285,
              35.704212
            ],
            [
              101.20025,
              35.632225
            ],
            [
              102.15243,
              35.586872
            ],
            [
              103.644,
              35.498245
            ],
            [
              103.47989,
              36.944855
            ],
            [
              103.32339,
              38.390884
            ],
            [
              103.17553,
              39.83627
            ],
            [
              103.0362,
              41.280987
            ],
            [
              102.906265,
              42.724915
            ],
            [
              102.78593,
              44.16819
            ],
            [
              102.67614,
              45.610573
            ],
            [
              102.577774,
              47.05212
            ],
            [
              102.49146,
              48.492878
            ],
            [
              102.41828,
              49.93274
            ],
            [
              102.359314,
              51.371647
            ],
            [
              102.31689,
              52.809612
            ],
            [
              102.30446,
              53.3845
            ],
            [
              101.758255,
              53.437294
            ],
            [
              100.74347,
              53.52809
            ],
            [
              97.4457,
              53.755768
            ],
            [
              96.11889,
              53.816845
            ],
            [
              93.396454,
              53.88219
            ],
            [
              92.48074,
              53.884583
            ],
            [
              90.134155,
              53.840538
            ],
            [
              88.81285,
              53.781013
            ],
            [
              86.0401,
              53.5643
            ],
            [
              85.07206,
              53.456814
            ],
            [
              82.85133,
              53.142864
            ],
            [
              82.01014,
              52.998287
            ],
            [
              79.935555,
              52.577747
            ],
            [
              79.09202,
              52.37946
            ],
            [
              76.85619,
              51.772667
            ],
            [
              75.87549,
              51.467937
            ],
            [
              73.34653,
              50.571583
            ],
            [
              72.69629,
              50.315613
            ],
            [
              70.85446,
              49.535583
            ],
            [
              70.00312,
              49.14826
            ],
            [
              67.43049,
              47.878796
            ],
            [
              66.47965,
              47.372894
            ],
            [
              65.01358,
              46.554737
            ]
          ]
        ]
      },
      "properties": {
        "id": "b7da3b7d-0db6-4e9d-9410-87dc578a93f0",
        "source": "Copernicus",
        "sensor": "S5P",
        "type": "optical",
        "datetime": "2026-08-18T07:20:44.000000Z",
        "cloud_cover": null,
        "name": "S5P_NRTI_L1B_RA_BD7_20260818T072143_20260818T072655_45838_03_030000_20260818T074055.nc",
        "links": [
          {
            "label": "OData詳細",
            "url": "https://catalogue.dataspace.copernicus.eu/odata/v1/Products(b7da3b7d-0db6-4e9d-9410-87dc578a93f0)"
          },
          {
            "label": "Copernicus Browserで開く",
            "url": "https://browser.dataspace.copernicus.eu/?zoom=8&product=S5P_NRTI_L1B_RA_BD7_20260818T072143_20260818T072655_45838_03_030000_20260818T074055.nc"
          }
        ],
        "first_seen": "2026-08-18T10:14:17.015380+00:00"
      }
    },
    {
      "type": "Feature",
      "geometry": {
        "type": "Polygon",
        "coordinates": [
          [
            [
              65.01358,
              46.554737
            ],
            [
              66.08211,
              45.243397
            ],
            [
              67.09678,
              43.920696
            ],
            [
              68.06156,
              42.58749
            ],
            [
              68.98008,
              41.244755
            ],
            [
              69.855705,
              39.89299
            ],
            [
              70.69157,
              38.5332
            ],
            [
              71.49062,
              37.166023
            ],
            [
              72.25502,
              35.7917
            ],
            [
              72.987434,
              34.41104
            ],
            [
              73.69009,
              33.02457
            ],
            [
              74.36472,
              31.63244
            ],
            [
              75.012924,
              30.235224
            ],
            [
              75.26542,
              29.67505
            ],
            [
              75.60807,
              29.854393
            ],
            [
              76.24336,
              30.18254
            ],
            [
              78.30374,
              31.20464
            ],
            [
              79.134636,
              31.596666
            ],
            [
              80.85199,
              32.36436
            ],
            [
              81.435425,
              32.610626
            ],
            [
              82.950066,
              33.2109
            ],
            [
              83.81867,
              33.527378
            ],
            [
              85.69018,
              34.134052
            ],
            [
              86.362114,
              34.325893
            ],
            [
              87.94635,
              34.723934
            ],
            [
              88.56353,
              34.8588
            ],
            [
              90.13041,
              35.152054
            ],
            [
              90.78715,
              35.254555
            ],
            [
              92.58805,
              35.47664
            ],
            [
              93.40709,
              35.550644
            ],
            [
              95.6041,
              35.67563
            ],
            [
              96.18873,
              35.692883
            ],
            [
              97.887245,
              35.710716
            ],
            [
              98.69285,
              35.704212
            ],
            [
              101.20025,
              35.632225
            ],
            [
              102.15243,
              35.586872
            ],
            [
              103.644,
              35.498245
            ],
            [
              103.47989,
              36.944855
            ],
            [
              103.32339,
              38.390884
            ],
            [
              103.17553,
              39.83627
            ],
            [
              103.0362,
              41.280987
            ],
            [
              102.906265,
              42.724915
            ],
            [
              102.78593,
              44.16819
            ],
            [
              102.67614,
              45.610573
            ],
            [
              102.577774,
              47.05212
            ],
            [
              102.49146,
              48.492878
            ],
            [
              102.41828,
              49.93274
            ],
            [
              102.359314,
              51.371647
            ],
            [
              102.31689,
              52.809612
            ],
            [
              102.30446,
              53.3845
            ],
            [
              101.758255,
              53.437294
            ],
            [
              100.74347,
              53.52809
            ],
            [
              97.4457,
              53.755768
            ],
            [
              96.11889,
              53.816845
            ],
            [
              93.396454,
              53.88219
            ],
            [
              92.48074,
              53.884583
            ],
            [
              90.134155,
              53.840538
            ],
            [
              88.81285,
              53.781013
            ],
            [
              86.0401,
              53.5643
            ],
            [
              85.07206,
              53.456814
            ],
            [
              82.85133,
              53.142864
            ],
            [
              82.01014,
              52.998287
            ],
            [
              79.935555,
              52.577747
            ],
            [
              79.09202,
              52.37946
            ],
            [
              76.85619,
              51.772667
            ],
            [
              75.87549,
              51.467937
            ],
            [
              73.34653,
              50.571583
            ],
            [
              72.69629,
              50.315613
            ],
            [
              70.85446,
              49.535583
            ],
            [
              70.00312,
              49.14826
            ],
            [
              67.43049,
              47.878796
            ],
            [
              66.47965,
              47.372894
            ],
            [
              65.01358,
              46.554737
            ]
          ]
        ]
      },
      "properties": {
        "id": "c9352122-7dd5-4fed-9a6d-04dc5436fe2f",
        "source": "Copernicus",
        "sensor": "S5P",
        "type": "optical",
        "datetime": "2026-08-18T07:20:44.000000Z",
        "cloud_cover": null,
        "name": "S5P_NRTI_L1B_RA_BD2_20260818T072143_20260818T072655_45838_03_030000_20260818T074055.nc",
        "links": [
          {
            "label": "OData詳細",
            "url": "https://catalogue.dataspace.copernicus.eu/odata/v1/Products(c9352122-7dd5-4fed-9a6d-04dc5436fe2f)"
          },
          {
            "label": "Copernicus Browserで開く",
            "url": "https://browser.dataspace.copernicus.eu/?zoom=8&product=S5P_NRTI_L1B_RA_BD2_20260818T072143_20260818T072655_45838_03_030000_20260818T074055.nc"
          }
        ],
        "first_seen": "2026-08-18T10:14:17.015380+00:00"
      }
    },
    {
      "type": "Feature",
      "geometry": {
        "type": "Polygon",
        "coordinates": [
          [
            [
              65.01358,
              46.554737
            ],
            [
              66.08211,
              45.243397
            ],
            [
              67.09678,
              43.920696
            ],
            [
              68.06156,
              42.58749
            ],
            [
              68.98008,
              41.244755
            ],
            [
              69.855705,
              39.89299
            ],
            [
              70.69157,
              38.5332
            ],
            [
              71.49062,
              37.166023
            ],
            [
              72.25502,
              35.7917
            ],
            [
              72.987434,
              34.41104
            ],
            [
              73.69009,
              33.02457
            ],
            [
              74.36472,
              31.63244
            ],
            [
              75.012924,
              30.235224
            ],
            [
              75.26542,
              29.67505
            ],
            [
              75.60807,
              29.854393
            ],
            [
              76.24336,
              30.18254
            ],
            [
              78.30374,
              31.20464
            ],
            [
              79.134636,
              31.596666
            ],
            [
              80.85199,
              32.36436
            ],
            [
              81.435425,
              32.610626
            ],
            [
              82.950066,
              33.2109
            ],
            [
              83.81867,
              33.527378
            ],
            [
              85.69018,
              34.134052
            ],
            [
              86.362114,
              34.325893
            ],
            [
              87.94635,
              34.723934
            ],
            [
              88.56353,
              34.8588
            ],
            [
              90.13041,
              35.152054
            ],
            [
              90.78715,
              35.254555
            ],
            [
              92.58805,
              35.47664
            ],
            [
              93.40709,
              35.550644
            ],
            [
              95.6041,
              35.67563
            ],
            [
              96.18873,
              35.692883
            ],
            [
              97.887245,
              35.710716
            ],
            [
              98.69285,
              35.704212
            ],
            [
              101.20025,
              35.632225
            ],
            [
              102.15243,
              35.586872
            ],
            [
              103.644,
              35.498245
            ],
            [
              103.47989,
              36.944855
            ],
            [
              103.32339,
              38.390884
            ],
            [
              103.17553,
              39.83627
            ],
            [
              103.0362,
              41.280987
            ],
            [
              102.906265,
              42.724915
            ],
            [
              102.78593,
              44.16819
            ],
            [
              102.67614,
              45.610573
            ],
            [
              102.577774,
              47.05212
            ],
            [
              102.49146,
              48.492878
            ],
            [
              102.41828,
              49.93274
            ],
            [
              102.359314,
              51.371647
            ],
            [
              102.31689,
              52.809612
            ],
            [
              102.30446,
              53.3845
            ],
            [
              101.758255,
              53.437294
            ],
            [
              100.74347,
              53.52809
            ],
            [
              97.4457,
              53.755768
            ],
            [
              96.11889,
              53.816845
            ],
            [
              93.396454,
              53.88219
            ],
            [
              92.48074,
              53.884583
            ],
            [
              90.134155,
              53.840538
            ],
            [
              88.81285,
              53.781013
            ],
            [
              86.0401,
              53.5643
            ],
            [
              85.07206,
              53.456814
            ],
            [
              82.85133,
              53.142864
            ],
            [
              82.01014,
              52.998287
            ],
            [
              79.935555,
              52.577747
            ],
            [
              79.09202,
              52.37946
            ],
            [
              76.85619,
              51.772667
            ],
            [
              75.87549,
              51.467937
            ],
            [
              73.34653,
              50.571583
            ],
            [
              72.69629,
              50.315613
            ],
            [
              70.85446,
              49.535583
            ],
            [
              70.00312,
              49.14826
            ],
            [
              67.43049,
              47.878796
            ],
            [
              66.47965,
              47.372894
            ],
            [
              65.01358,
              46.554737
            ]
          ]
        ]
      },
      "properties": {
        "id": "f8da657c-8c78-4a64-93ab-071caa8a1432",
        "source": "Copernicus",
        "sensor": "S5P",
        "type": "optical",
        "datetime": "2026-08-18T07:20:44.000000Z",
        "cloud_cover": null,
        "name": "S5P_NRTI_L1B_RA_BD3_20260818T072143_20260818T072655_45838_03_030000_20260818T074055.nc",
        "links": [
          {
            "label": "OData詳細",
            "url": "https://catalogue.dataspace.copernicus.eu/odata/v1/Products(f8da657c-8c78-4a64-93ab-071caa8a1432)"
          },
          {
            "label": "Copernicus Browserで開く",
            "url": "https://browser.dataspace.copernicus.eu/?zoom=8&product=S5P_NRTI_L1B_RA_BD3_20260818T072143_20260818T072655_45838_03_030000_20260818T074055.nc"
          }
        ],
        "first_seen": "2026-08-18T10:14:17.015380+00:00"
      }
    },
    {
      "type": "Feature",
      "geometry": {
        "type": "Polygon",
        "coordinates": [
          [
            [
              74.98088,
              30.822714
            ],
            [
              75.61138,
              29.420967
            ],
            [
              76.21824,
              28.01468
            ],
            [
              76.80357,
              26.604416
            ],
            [
              77.367645,
              25.190094
            ],
            [
              77.9126,
              23.772377
            ],
            [
              78.439095,
              22.35131
            ],
            [
              78.948364,
              20.927193
            ],
            [
              79.44129,
              19.500288
            ],
            [
              79.91841,
              18.07054
            ],
            [
              80.3813,
              16.638596
            ],
            [
              80.82977,
              15.204084
            ],
            [
              81.26518,
              13.767632
            ],
            [
              81.450066,
              13.144616
            ],
            [
              81.52933,
              13.179833
            ],
            [
              82.98452,
              13.818961
            ],
            [
              85.367744,
              14.825807
            ],
            [
              86.87378,
              15.425408
            ],
            [
              88.237595,
              15.934182
            ],
            [
              89.23739,
              16.281607
            ],
            [
              90.23822,
              16.604452
            ],
            [
              91.03126,
              16.841124
            ],
            [
              91.877075,
              17.074167
            ],
            [
              92.585594,
              17.253834
            ],
            [
              93.314255,
              17.423895
            ],
            [
              93.38037,
              17.438591
            ],
            [
              94.07889,
              17.586489
            ],
            [
              94.900406,
              17.743353
            ],
            [
              95.65808,
              17.872019
            ],
            [
              96.59584,
              18.010803
            ],
            [
              97.51019,
              18.125687
            ],
            [
              98.71662,
              18.249598
            ],
            [
              99.986015,
              18.350994
            ],
            [
              101.836235,
              18.45688
            ],
            [
              104.07562,
              18.536346
            ],
            [
              106.00584,
              18.57411
            ],
            [
              105.762215,
              20.02602
            ],
            [
              105.524864,
              21.477726
            ],
            [
              105.293846,
              22.929234
            ],
            [
              105.06896,
              24.380556
            ],
            [
              104.850555,
              25.831572
            ],
            [
              104.638504,
              27.28235
            ],
            [
              104.43296,
              28.73268
            ],
            [
              104.234055,
              30.182571
            ],
            [
              104.04168,
              31.632032
            ],
            [
              103.856285,
              33.080986
            ],
            [
              103.678,
              34.52952
            ],
            [
              103.50692,
              35.977364
            ],
            [
              103.43509,
              36.604572
            ],
            [
              103.33322,
              36.608944
            ],
            [
              101.30247,
              36.676476
            ],
            [
              98.28228,
              36.699783
            ],
            [
              96.374916,
              36.65727
            ],
            [
              94.65868,
              36.572105
            ],
            [
              93.41191,
              36.47737
            ],
            [
              92.176735,
              36.352478
            ],
            [
              91.20877,
              36.231056
            ],
            [
              90.187965,
              36.0792
            ],
            [
              89.3426,
              35.93424
            ],
            [
              88.48277,
              35.76846
            ],
            [
              88.40524,
              35.752586
            ],
            [
              87.591125,
              35.576565
            ],
            [
              86.64542,
              35.350327
            ],
            [
              85.78446,
              35.12366
            ],
            [
              84.73355,
              34.82005
            ],
            [
              83.72382,
              34.500748
            ],
            [
              82.412285,
              34.047245
            ],
            [
              81.054504,
              33.53499
            ],
            [
              79.10807,
              32.73364
            ],
            [
              76.78833,
              31.691092
            ],
            [
              74.98088,
              30.822714
            ]
          ]
        ]
      },
      "properties": {
        "id": "05dd1d63-f9b0-462e-9f0a-85d0aa9b8189",
        "source": "Copernicus",
        "sensor": "S5P",
        "type": "optical",
        "datetime": "2026-08-18T07:16:43.000000Z",
        "cloud_cover": null,
        "name": "S5P_NRTI_L2__NO2____20260818T071649_20260818T072149_45838_03_020901_20260818T075412.nc",
        "links": [
          {
            "label": "OData詳細",
            "url": "https://catalogue.dataspace.copernicus.eu/odata/v1/Products(05dd1d63-f9b0-462e-9f0a-85d0aa9b8189)"
          },
          {
            "label": "Copernicus Browserで開く",
            "url": "https://browser.dataspace.copernicus.eu/?zoom=8&product=S5P_NRTI_L2__NO2____20260818T071649_20260818T072149_45838_03_020901_20260818T075412.nc"
          }
        ],
        "first_seen": "2026-08-18T10:14:17.015380+00:00"
      }
    },
    {
      "type": "Feature",
      "geometry": {
        "type": "Polygon",
        "coordinates": [
          [
            [
              75.09658,
              30.879698
            ],
            [
              75.72598,
              29.47703
            ],
            [
              76.3318,
              28.069857
            ],
            [
              76.91616,
              26.658731
            ],
            [
              77.47933,
              25.243584
            ],
            [
              78.02344,
              23.825064
            ],
            [
              78.54916,
              22.403221
            ],
            [
              79.05772,
              20.97835
            ],
            [
              79.54999,
              19.55071
            ],
            [
              80.02653,
              18.120253
            ],
            [
              80.48889,
              16.687613
            ],
            [
              80.93691,
              15.252429
            ],
            [
              81.37193,
              13.815316
            ],
            [
              81.556656,
              13.1920185
            ],
            [
              81.63457,
              13.226584
            ],
            [
              83.36299,
              13.982593
            ],
            [
              85.466095,
              14.865978
            ],
            [
              87.01468,
              15.479621
            ],
            [
              88.25185,
              15.939283
            ],
            [
              89.29555,
              16.301058
            ],
            [
              90.21263,
              16.59651
            ],
            [
              91.04537,
              16.84516
            ],
            [
              91.823044,
              17.059864
            ],
            [
              92.567764,
              17.249464
            ],
            [
              93.29782,
              17.4202
            ],
            [
              93.364044,
              17.434952
            ],
            [
              94.02991,
              17.576532
            ],
            [
              94.78083,
              17.721634
            ],
            [
              95.56933,
              17.857704
            ],
            [
              96.41821,
              17.986176
            ],
            [
              97.35771,
              18.107834
            ],
            [
              98.43112,
              18.222876
            ],
            [
              99.705864,
              18.330868
            ],
            [
              101.29783,
              18.430439
            ],
            [
              103.43577,
              18.518076
            ],
            [
              105.46539,
              18.56596
            ],
            [
              106.04897,
              18.574736
            ],
            [
              105.80574,
              20.02643
            ],
            [
              105.56882,
              21.47792
            ],
            [
              105.33826,
              22.92921
            ],
            [
              105.11388,
              24.380314
            ],
            [
              104.89602,
              25.83111
            ],
            [
              104.68455,
              27.281664
            ],
            [
              104.479645,
              28.73177
            ],
            [
              104.28142,
              30.181435
            ],
            [
              104.08977,
              31.630667
            ],
            [
              103.90517,
              33.079388
            ],
            [
              103.72772,
              34.527683
            ],
            [
              103.55754,
              35.97529
            ],
            [
              103.48612,
              36.602394
            ],
            [
              103.38356,
              36.60684
            ],
            [
              101.262955,
              36.677418
            ],
            [
              98.46392,
              36.701313
            ],
            [
              96.43273,
              36.659298
            ],
            [
              94.833755,
              36.58306
            ],
            [
              93.50479,
              36.485455
            ],
            [
              92.354324,
              36.372433
            ],
            [
              91.324974,
              36.24675
            ],
            [
              90.37758,
              36.109283
            ],
            [
              89.48329,
              35.95957
            ],
            [
              88.6191,
              35.795975
            ],
            [
              88.54133,
              35.780323
            ],
            [
              87.76503,
              35.61559
            ],
            [
              86.90201,
              35.41403
            ],
            [
              86.00996,
              35.18493
            ],
            [
              85.065544,
              34.91914
            ],
            [
              84.03899,
              34.603252
            ],
            [
              82.88881,
              34.216904
            ],
            [
              81.55179,
              33.72737
            ],
            [
              79.9212,
              33.077316
            ],
            [
              77.79043,
              32.152096
            ],
            [
              75.66742,
              31.157936
            ],
            [
              75.09658,
              30.879698
            ]
          ]
        ]
      },
      "properties": {
        "id": "067ce0c4-88b6-4fcd-ae44-6cf9680cc321",
        "source": "Copernicus",
        "sensor": "S5P",
        "type": "optical",
        "datetime": "2026-08-18T07:16:43.000000Z",
        "cloud_cover": null,
        "name": "S5P_NRTI_L2__AER_LH_20260818T071649_20260818T072149_45838_03_020901_20260818T075411.nc",
        "links": [
          {
            "label": "OData詳細",
            "url": "https://catalogue.dataspace.copernicus.eu/odata/v1/Products(067ce0c4-88b6-4fcd-ae44-6cf9680cc321)"
          },
          {
            "label": "Copernicus Browserで開く",
            "url": "https://browser.dataspace.copernicus.eu/?zoom=8&product=S5P_NRTI_L2__AER_LH_20260818T071649_20260818T072149_45838_03_020901_20260818T075411.nc"
          }
        ],
        "first_seen": "2026-08-18T10:14:17.015380+00:00"
      }
    },
    {
      "type": "Feature",
      "geometry": {
        "type": "Polygon",
        "coordinates": [
          [
            [
              75.08484,
              30.478819
            ],
            [
              75.71032,
              29.076334
            ],
            [
              76.31248,
              27.669357
            ],
            [
              76.8934,
              26.258461
            ],
            [
              77.45334,
              24.843536
            ],
            [
              77.9944,
              23.425264
            ],
            [
              78.51723,
              22.003674
            ],
            [
              79.02304,
              20.579067
            ],
            [
              79.512695,
              19.151701
            ],
            [
              79.98671,
              17.721506
            ],
            [
              80.44666,
              16.28915
            ],
            [
              80.892334,
              14.854236
            ],
            [
              81.32508,
              13.417401
            ],
            [
              81.508804,
              12.794326
            ],
            [
              81.82172,
              12.942894
            ],
            [
              84.06329,
              13.9842615
            ],
            [
              86.12452,
              14.892045
            ],
            [
              87.30246,
              15.379562
            ],
            [
              88.589035,
              15.87746
            ],
            [
              89.41392,
              16.174088
            ],
            [
              90.39095,
              16.499651
            ],
            [
              91.06,
              16.705433
            ],
            [
              91.89668,
              16.942554
            ],
            [
              92.498116,
              17.099054
            ],
            [
              93.28418,
              17.286158
            ],
            [
              93.87357,
              17.413641
            ],
            [
              94.676414,
              17.569899
            ],
            [
              95.30405,
              17.678312
            ],
            [
              96.19712,
              17.81238
            ],
            [
              96.92846,
              17.90527
            ],
            [
              98.02469,
              18.018251
            ],
            [
              98.97688,
              18.09361
            ],
            [
              100.512276,
              18.178076
            ],
            [
              101.97434,
              18.224857
            ],
            [
              104.67996,
              18.250168
            ],
            [
              105.91924,
              18.242336
            ],
            [
              105.673035,
              19.6947
            ],
            [
              105.432976,
              21.146864
            ],
            [
              105.19913,
              22.598833
            ],
            [
              104.97128,
              24.050627
            ],
            [
              104.74976,
              25.502117
            ],
            [
              104.53444,
              26.953379
            ],
            [
              104.32546,
              28.4042
            ],
            [
              104.12292,
              29.854591
            ],
            [
              103.92671,
              31.30457
            ],
            [
              103.73726,
              32.754047
            ],
            [
              103.55468,
              34.203117
            ],
            [
              103.37903,
              35.65152
            ],
            [
              103.305145,
              36.278877
            ],
            [
              102.91254,
              36.30298
            ],
            [
              100.07405,
              36.43244
            ],
            [
              97.44587,
              36.470707
            ],
            [
              95.94767,
              36.44887
            ],
            [
              94.32289,
              36.38117
            ],
            [
              93.291,
              36.310593
            ],
            [
              92.081696,
              36.197098
            ],
            [
              91.26292,
              36.09988
            ],
            [
              90.25071,
              35.955616
            ],
            [
              89.53155,
              35.836384
            ],
            [
              88.602615,
              35.661232
            ],
            [
              87.91441,
              35.515778
            ],
            [
              86.988556,
              35.298523
            ],
            [
              86.274086,
              35.113605
            ],
            [
              85.27138,
              34.82831
            ],
            [
              84.46211,
              34.57603
            ],
            [
              83.26778,
              34.16849
            ],
            [
              82.24685,
              33.78835
            ],
            [
              80.62788,
              33.1307
            ],
            [
              79.110886,
              32.46056
            ],
            [
              76.344,
              31.126602
            ],
            [
              75.08484,
              30.478819
            ]
          ]
        ]
      },
      "properties": {
        "id": "27d7d763-d6c4-414c-8262-8a82268151e6",
        "source": "Copernicus",
        "sensor": "S5P",
        "type": "optical",
        "datetime": "2026-08-18T07:16:43.000000Z",
        "cloud_cover": null,
        "name": "S5P_NRTI_L2__CO_____20260818T071649_20260818T072149_45838_03_020901_20260818T074651.nc",
        "links": [
          {
            "label": "OData詳細",
            "url": "https://catalogue.dataspace.copernicus.eu/odata/v1/Products(27d7d763-d6c4-414c-8262-8a82268151e6)"
          },
          {
            "label": "Copernicus Browserで開く",
            "url": "https://browser.dataspace.copernicus.eu/?zoom=8&product=S5P_NRTI_L2__CO_____20260818T071649_20260818T072149_45838_03_020901_20260818T074651.nc"
          }
        ],
        "first_seen": "2026-08-18T10:14:17.015380+00:00"
      }
    },
    {
      "type": "Feature",
      "geometry": {
        "type": "Polygon",
        "coordinates": [
          [
            [
              74.98088,
              30.822714
            ],
            [
              75.61138,
              29.420967
            ],
            [
              76.21824,
              28.01468
            ],
            [
              76.80357,
              26.604416
            ],
            [
              77.367645,
              25.190094
            ],
            [
              77.9126,
              23.772377
            ],
            [
              78.439095,
              22.35131
            ],
            [
              78.948364,
              20.927193
            ],
            [
              79.44129,
              19.500288
            ],
            [
              79.91841,
              18.07054
            ],
            [
              80.3813,
              16.638596
            ],
            [
              80.82977,
              15.204084
            ],
            [
              81.26518,
              13.767632
            ],
            [
              81.450066,
              13.144616
            ],
            [
              81.52933,
              13.179833
            ],
            [
              82.98452,
              13.818961
            ],
            [
              85.367744,
              14.825807
            ],
            [
              86.87378,
              15.425408
            ],
            [
              88.237595,
              15.934182
            ],
            [
              89.23739,
              16.281607
            ],
            [
              90.23822,
              16.604452
            ],
            [
              91.03126,
              16.841124
            ],
            [
              91.877075,
              17.074167
            ],
            [
              92.585594,
              17.253834
            ],
            [
              93.314255,
              17.423895
            ],
            [
              93.38037,
              17.438591
            ],
            [
              94.07889,
              17.586489
            ],
            [
              94.900406,
              17.743353
            ],
            [
              95.65808,
              17.872019
            ],
            [
              96.59584,
              18.010803
            ],
            [
              97.51019,
              18.125687
            ],
            [
              98.71662,
              18.249598
            ],
            [
              99.986015,
              18.350994
            ],
            [
              101.836235,
              18.45688
            ],
            [
              104.07562,
              18.536346
            ],
            [
              106.00584,
              18.57411
            ],
            [
              105.762215,
              20.02602
            ],
            [
              105.524864,
              21.477726
            ],
            [
              105.293846,
              22.929234
            ],
            [
              105.06896,
              24.380556
            ],
            [
              104.850555,
              25.831572
            ],
            [
              104.638504,
              27.28235
            ],
            [
              104.43296,
              28.73268
            ],
            [
              104.234055,
              30.182571
            ],
            [
              104.04168,
              31.632032
            ],
            [
              103.856285,
              33.080986
            ],
            [
              103.678,
              34.52952
            ],
            [
              103.50692,
              35.977364
            ],
            [
              103.43509,
              36.604572
            ],
            [
              103.33322,
              36.608944
            ],
            [
              101.30247,
              36.676476
            ],
            [
              98.28228,
              36.699783
            ],
            [
              96.374916,
              36.65727
            ],
            [
              94.65868,
              36.572105
            ],
            [
              93.41191,
              36.47737
            ],
            [
              92.176735,
              36.352478
            ],
            [
              91.20877,
              36.231056
            ],
            [
              90.187965,
              36.0792
            ],
            [
              89.3426,
              35.93424
            ],
            [
              88.48277,
              35.76846
            ],
            [
              88.40524,
              35.752586
            ],
            [
              87.591125,
              35.576565
            ],
            [
              86.64542,
              35.350327
            ],
            [
              85.78446,
              35.12366
            ],
            [
              84.73355,
              34.82005
            ],
            [
              83.72382,
              34.500748
            ],
            [
              82.412285,
              34.047245
            ],
            [
              81.054504,
              33.53499
            ],
            [
              79.10807,
              32.73364
            ],
            [
              76.78833,
              31.691092
            ],
            [
              74.98088,
              30.822714
            ]
          ]
        ]
      },
      "properties": {
        "id": "3391baa5-d009-4781-8f97-f6d47eb03ea3",
        "source": "Copernicus",
        "sensor": "S5P",
        "type": "optical",
        "datetime": "2026-08-18T07:16:43.000000Z",
        "cloud_cover": null,
        "name": "S5P_NRTI_L2__SO2____20260818T071649_20260818T072149_45838_03_020800_20260818T075511.nc",
        "links": [
          {
            "label": "OData詳細",
            "url": "https://catalogue.dataspace.copernicus.eu/odata/v1/Products(3391baa5-d009-4781-8f97-f6d47eb03ea3)"
          },
          {
            "label": "Copernicus Browserで開く",
            "url": "https://browser.dataspace.copernicus.eu/?zoom=8&product=S5P_NRTI_L2__SO2____20260818T071649_20260818T072149_45838_03_020800_20260818T075511.nc"
          }
        ],
        "first_seen": "2026-08-18T10:14:17.015380+00:00"
      }
    },
    {
      "type": "Feature",
      "geometry": {
        "type": "Polygon",
        "coordinates": [
          [
            [
              75.08484,
              30.478819
            ],
            [
              75.71032,
              29.076334
            ],
            [
              76.31248,
              27.669357
            ],
            [
              76.8934,
              26.258461
            ],
            [
              77.45334,
              24.843536
            ],
            [
              77.9944,
              23.425264
            ],
            [
              78.51723,
              22.003674
            ],
            [
              79.02304,
              20.579067
            ],
            [
              79.512695,
              19.151701
            ],
            [
              79.98671,
              17.721506
            ],
            [
              80.44666,
              16.28915
            ],
            [
              80.892334,
              14.854236
            ],
            [
              81.32508,
              13.417401
            ],
            [
              81.508804,
              12.794326
            ],
            [
              81.82172,
              12.942894
            ],
            [
              84.06329,
              13.9842615
            ],
            [
              86.12452,
              14.892045
            ],
            [
              87.30246,
              15.379562
            ],
            [
              88.589035,
              15.87746
            ],
            [
              89.41392,
              16.174088
            ],
            [
              90.39095,
              16.499651
            ],
            [
              91.06,
              16.705433
            ],
            [
              91.89668,
              16.942554
            ],
            [
              92.498116,
              17.099054
            ],
            [
              93.28418,
              17.286158
            ],
            [
              93.87357,
              17.413641
            ],
            [
              94.676414,
              17.569899
            ],
            [
              95.30405,
              17.678312
            ],
            [
              96.19712,
              17.81238
            ],
            [
              96.92846,
              17.90527
            ],
            [
              98.02469,
              18.018251
            ],
            [
              98.97688,
              18.09361
            ],
            [
              100.512276,
              18.178076
            ],
            [
              101.97434,
              18.224857
            ],
            [
              104.67996,
              18.250168
            ],
            [
              105.91924,
              18.242336
            ],
            [
              105.673035,
              19.6947
            ],
            [
              105.432976,
              21.146864
            ],
            [
              105.19913,
              22.598833
            ],
            [
              104.97128,
              24.050627
            ],
            [
              104.74976,
              25.502117
            ],
            [
              104.53444,
              26.953379
            ],
            [
              104.32546,
              28.4042
            ],
            [
              104.12292,
              29.854591
            ],
            [
              103.92671,
              31.30457
            ],
            [
              103.73726,
              32.754047
            ],
            [
              103.55468,
              34.203117
            ],
            [
              103.37903,
              35.65152
            ],
            [
              103.305145,
              36.278877
            ],
            [
              102.91254,
              36.30298
            ],
            [
              100.07405,
              36.43244
            ],
            [
              97.44587,
              36.470707
            ],
            [
              95.94767,
              36.44887
            ],
            [
              94.32289,
              36.38117
            ],
            [
              93.291,
              36.310593
            ],
            [
              92.081696,
              36.197098
            ],
            [
              91.26292,
              36.09988
            ],
            [
              90.25071,
              35.955616
            ],
            [
              89.53155,
              35.836384
            ],
            [
              88.602615,
              35.661232
            ],
            [
              87.91441,
              35.515778
            ],
            [
              86.988556,
              35.298523
            ],
            [
              86.274086,
              35.113605
            ],
            [
              85.27138,
              34.82831
            ],
            [
              84.46211,
              34.57603
            ],
            [
              83.26778,
              34.16849
            ],
            [
              82.24685,
              33.78835
            ],
            [
              80.62788,
              33.1307
            ],
            [
              79.110886,
              32.46056
            ],
            [
              76.344,
              31.126602
            ],
            [
              75.08484,
              30.478819
            ]
          ]
        ]
      },
      "properties": {
        "id": "851df929-f56f-40a2-81be-006957b8cfac",
        "source": "Copernicus",
        "sensor": "S5P",
        "type": "optical",
        "datetime": "2026-08-18T07:16:43.000000Z",
        "cloud_cover": null,
        "name": "S5P_NRTI_L2__CH4____20260818T071649_20260818T072149_45838_03_020901_20260818T075410.nc",
        "links": [
          {
            "label": "OData詳細",
            "url": "https://catalogue.dataspace.copernicus.eu/odata/v1/Products(851df929-f56f-40a2-81be-006957b8cfac)"
          },
          {
            "label": "Copernicus Browserで開く",
            "url": "https://browser.dataspace.copernicus.eu/?zoom=8&product=S5P_NRTI_L2__CH4____20260818T071649_20260818T072149_45838_03_020901_20260818T075410.nc"
          }
        ],
        "first_seen": "2026-08-18T10:14:17.015380+00:00"
      }
    },
    {
      "type": "Feature",
      "geometry": {
        "type": "Polygon",
        "coordinates": [
          [
            [
              74.98088,
              30.822714
            ],
            [
              75.61138,
              29.420967
            ],
            [
              76.21824,
              28.01468
            ],
            [
              76.80357,
              26.604416
            ],
            [
              77.367645,
              25.190094
            ],
            [
              77.9126,
              23.772377
            ],
            [
              78.439095,
              22.35131
            ],
            [
              78.948364,
              20.927193
            ],
            [
              79.44129,
              19.500288
            ],
            [
              79.91841,
              18.07054
            ],
            [
              80.3813,
              16.638596
            ],
            [
              80.82977,
              15.204084
            ],
            [
              81.26518,
              13.767632
            ],
            [
              81.450066,
              13.144616
            ],
            [
              81.52933,
              13.179833
            ],
            [
              82.98452,
              13.818961
            ],
            [
              85.367744,
              14.825807
            ],
            [
              86.87378,
              15.425408
            ],
            [
              88.237595,
              15.934182
            ],
            [
              89.23739,
              16.281607
            ],
            [
              90.23822,
              16.604452
            ],
            [
              91.03126,
              16.841124
            ],
            [
              91.877075,
              17.074167
            ],
            [
              92.585594,
              17.253834
            ],
            [
              93.314255,
              17.423895
            ],
            [
              93.38037,
              17.438591
            ],
            [
              94.07889,
              17.586489
            ],
            [
              94.900406,
              17.743353
            ],
            [
              95.65808,
              17.872019
            ],
            [
              96.59584,
              18.010803
            ],
            [
              97.51019,
              18.125687
            ],
            [
              98.71662,
              18.249598
            ],
            [
              99.986015,
              18.350994
            ],
            [
              101.836235,
              18.45688
            ],
            [
              104.07562,
              18.536346
            ],
            [
              106.00584,
              18.57411
            ],
            [
              105.762215,
              20.02602
            ],
            [
              105.524864,
              21.477726
            ],
            [
              105.293846,
              22.929234
            ],
            [
              105.06896,
              24.380556
            ],
            [
              104.850555,
              25.831572
            ],
            [
              104.638504,
              27.28235
            ],
            [
              104.43296,
              28.73268
            ],
            [
              104.234055,
              30.182571
            ],
            [
              104.04168,
              31.632032
            ],
            [
              103.856285,
              33.080986
            ],
            [
              103.678,
              34.52952
            ],
            [
              103.50692,
              35.977364
            ],
            [
              103.43509,
              36.604572
            ],
            [
              103.33322,
              36.608944
            ],
            [
              101.30247,
              36.676476
            ],
            [
              98.28228,
              36.699783
            ],
            [
              96.374916,
              36.65727
            ],
            [
              94.65868,
              36.572105
            ],
            [
              93.41191,
              36.47737
            ],
            [
              92.176735,
              36.352478
            ],
            [
              91.20877,
              36.231056
            ],
            [
              90.187965,
              36.0792
            ],
            [
              89.3426,
              35.93424
            ],
            [
              88.48277,
              35.76846
            ],
            [
              88.40524,
              35.752586
            ],
            [
              87.591125,
              35.576565
            ],
            [
              86.64542,
              35.350327
            ],
            [
              85.78446,
              35.12366
            ],
            [
              84.73355,
              34.82005
            ],
            [
              83.72382,
              34.500748
            ],
            [
              82.412285,
              34.047245
            ],
            [
              81.054504,
              33.53499
            ],
            [
              79.10807,
              32.73364
            ],
            [
              76.78833,
              31.691092
            ],
            [
              74.98088,
              30.822714
            ]
          ]
        ]
      },
      "properties": {
        "id": "91b019d4-c746-4db3-860f-dc4ee51c3b77",
        "source": "Copernicus",
        "sensor": "S5P",
        "type": "optical",
        "datetime": "2026-08-18T07:16:43.000000Z",
        "cloud_cover": null,
        "name": "S5P_NRTI_L2__O3_____20260818T071649_20260818T072149_45838_03_020800_20260818T075409.nc",
        "links": [
          {
            "label": "OData詳細",
            "url": "https://catalogue.dataspace.copernicus.eu/odata/v1/Products(91b019d4-c746-4db3-860f-dc4ee51c3b77)"
          },
          {
            "label": "Copernicus Browserで開く",
            "url": "https://browser.dataspace.copernicus.eu/?zoom=8&product=S5P_NRTI_L2__O3_____20260818T071649_20260818T072149_45838_03_020800_20260818T075409.nc"
          }
        ],
        "first_seen": "2026-08-18T10:14:17.015380+00:00"
      }
    },
    {
      "type": "Feature",
      "geometry": {
        "type": "Polygon",
        "coordinates": [
          [
            [
              74.98088,
              30.822714
            ],
            [
              75.61138,
              29.420967
            ],
            [
              76.21824,
              28.01468
            ],
            [
              76.80357,
              26.604416
            ],
            [
              77.367645,
              25.190094
            ],
            [
              77.9126,
              23.772377
            ],
            [
              78.439095,
              22.35131
            ],
            [
              78.948364,
              20.927193
            ],
            [
              79.44129,
              19.500288
            ],
            [
              79.91841,
              18.07054
            ],
            [
              80.3813,
              16.638596
            ],
            [
              80.82977,
              15.204084
            ],
            [
              81.26518,
              13.767632
            ],
            [
              81.450066,
              13.144616
            ],
            [
              81.52933,
              13.179833
            ],
            [
              82.98452,
              13.818961
            ],
            [
              85.367744,
              14.825807
            ],
            [
              86.87378,
              15.425408
            ],
            [
              88.237595,
              15.934182
            ],
            [
              89.23739,
              16.281607
            ],
            [
              90.23822,
              16.604452
            ],
            [
              91.03126,
              16.841124
            ],
            [
              91.877075,
              17.074167
            ],
            [
              92.585594,
              17.253834
            ],
            [
              93.314255,
              17.423895
            ],
            [
              93.38037,
              17.438591
            ],
            [
              94.07889,
              17.586489
            ],
            [
              94.900406,
              17.743353
            ],
            [
              95.65808,
              17.872019
            ],
            [
              96.59584,
              18.010803
            ],
            [
              97.51019,
              18.125687
            ],
            [
              98.71662,
              18.249598
            ],
            [
              99.986015,
              18.350994
            ],
            [
              101.836235,
              18.45688
            ],
            [
              104.07562,
              18.536346
            ],
            [
              106.00584,
              18.57411
            ],
            [
              105.762215,
              20.02602
            ],
            [
              105.524864,
              21.477726
            ],
            [
              105.293846,
              22.929234
            ],
            [
              105.06896,
              24.380556
            ],
            [
              104.850555,
              25.831572
            ],
            [
              104.638504,
              27.28235
            ],
            [
              104.43296,
              28.73268
            ],
            [
              104.234055,
              30.182571
            ],
            [
              104.04168,
              31.632032
            ],
            [
              103.856285,
              33.080986
            ],
            [
              103.678,
              34.52952
            ],
            [
              103.50692,
              35.977364
            ],
            [
              103.43509,
              36.604572
            ],
            [
              103.33322,
              36.608944
            ],
            [
              101.30247,
              36.676476
            ],
            [
              98.28228,
              36.699783
            ],
            [
              96.374916,
              36.65727
            ],
            [
              94.65868,
              36.572105
            ],
            [
              93.41191,
              36.47737
            ],
            [
              92.176735,
              36.352478
            ],
            [
              91.20877,
              36.231056
            ],
            [
              90.187965,
              36.0792
            ],
            [
              89.3426,
              35.93424
            ],
            [
              88.48277,
              35.76846
            ],
            [
              88.40524,
              35.752586
            ],
            [
              87.591125,
              35.576565
            ],
            [
              86.64542,
              35.350327
            ],
            [
              85.78446,
              35.12366
            ],
            [
              84.73355,
              34.82005
            ],
            [
              83.72382,
              34.500748
            ],
            [
              82.412285,
              34.047245
            ],
            [
              81.054504,
              33.53499
            ],
            [
              79.10807,
              32.73364
            ],
            [
              76.78833,
              31.691092
            ],
            [
              74.98088,
              30.822714
            ]
          ]
        ]
      },
      "properties": {
        "id": "a13dfdfd-c775-4f78-a975-44116c964baf",
        "source": "Copernicus",
        "sensor": "S5P",
        "type": "optical",
        "datetime": "2026-08-18T07:16:43.000000Z",
        "cloud_cover": null,
        "name": "S5P_NRTI_L2__HCHO___20260818T071649_20260818T072149_45838_03_020800_20260818T075411.nc",
        "links": [
          {
            "label": "OData詳細",
            "url": "https://catalogue.dataspace.copernicus.eu/odata/v1/Products(a13dfdfd-c775-4f78-a975-44116c964baf)"
          },
          {
            "label": "Copernicus Browserで開く",
            "url": "https://browser.dataspace.copernicus.eu/?zoom=8&product=S5P_NRTI_L2__HCHO___20260818T071649_20260818T072149_45838_03_020800_20260818T075411.nc"
          }
        ],
        "first_seen": "2026-08-18T10:14:17.015380+00:00"
      }
    },
    {
      "type": "Feature",
      "geometry": {
        "type": "Polygon",
        "coordinates": [
          [
            [
              74.94928,
              30.375229
            ],
            [
              75.575645,
              28.973835
            ],
            [
              76.17864,
              27.567911
            ],
            [
              76.76036,
              26.15804
            ],
            [
              77.32101,
              24.744099
            ],
            [
              77.86275,
              23.326786
            ],
            [
              78.386185,
              21.906128
            ],
            [
              78.89255,
              20.482426
            ],
            [
              79.38269,
              19.055943
            ],
            [
              79.857124,
              17.626602
            ],
            [
              80.31744,
              16.195087
            ],
            [
              80.76339,
              14.760983
            ],
            [
              81.19636,
              13.324948
            ],
            [
              81.380196,
              12.702117
            ],
            [
              81.69897,
              12.854328
            ],
            [
              82.288086,
              13.133805
            ],
            [
              84.181625,
              14.01247
            ],
            [
              84.93789,
              14.352801
            ],
            [
              86.4878,
              15.02465
            ],
            [
              87.01038,
              15.241694
            ],
            [
              88.35799,
              15.773893
            ],
            [
              89.125145,
              16.05636
            ],
            [
              90.76524,
              16.602016
            ],
            [
              91.35023,
              16.775995
            ],
            [
              92.72254,
              17.140272
            ],
            [
              93.25487,
              17.265139
            ],
            [
              94.60156,
              17.540882
            ],
            [
              95.164314,
              17.63939
            ],
            [
              96.70374,
              17.860615
            ],
            [
              97.40256,
              17.939104
            ],
            [
              99.27504,
              18.09113
            ],
            [
              99.77313,
              18.119263
            ],
            [
              101.22052,
              18.177479
            ],
            [
              101.907394,
              18.194695
            ],
            [
              104.04787,
              18.215364
            ],
            [
              104.862045,
              18.21267
            ],
            [
              106.13924,
              18.199154
            ],
            [
              105.89472,
              19.650423
            ],
            [
              105.65654,
              21.10149
            ],
            [
              105.42475,
              22.552355
            ],
            [
              105.19914,
              24.003038
            ],
            [
              104.98007,
              25.453411
            ],
            [
              104.767395,
              26.903547
            ],
            [
              104.56129,
              28.353231
            ],
            [
              104.36185,
              29.802473
            ],
            [
              104.16897,
              31.25129
            ],
            [
              103.983116,
              32.699596
            ],
            [
              103.8044,
              34.147476
            ],
            [
              103.6329,
              35.59467
            ],
            [
              103.56089,
              36.2216
            ],
            [
              103.155846,
              36.24842
            ],
            [
              102.40499,
              36.29414
            ],
            [
              99.97793,
              36.403492
            ],
            [
              99.00595,
              36.42902
            ],
            [
              97.01683,
              36.442913
            ],
            [
              96.348694,
              36.434467
            ],
            [
              94.63654,
              36.377483
            ],
            [
              93.67129,
              36.32007
            ],
            [
              91.638466,
              36.129864
            ],
            [
              90.92518,
              36.038723
            ],
            [
              89.27873,
              35.776295
            ],
            [
              88.650566,
              35.656384
            ],
            [
              87.08822,
              35.30898
            ],
            [
              86.44682,
              35.145504
            ],
            [
              84.72643,
              34.64551
            ],
            [
              83.96138,
              34.394417
            ],
            [
              81.95515,
              33.65607
            ],
            [
              81.43097,
              33.445423
            ],
            [
              79.92648,
              32.804504
            ],
            [
              79.220894,
              32.486942
            ],
            [
              77.048035,
              31.449986
            ],
            [
              76.2291,
              31.0385
            ],
            [
              74.94928,
              30.375229
            ]
          ]
        ]
      },
      "properties": {
        "id": "a9cf492c-e6ea-455c-a3df-93a19f39f5c9",
        "source": "Copernicus",
        "sensor": "S5P",
        "type": "optical",
        "datetime": "2026-08-18T07:16:43.000000Z",
        "cloud_cover": null,
        "name": "S5P_NRTI_L2__O3__PR_20260818T071649_20260818T072149_45838_03_020901_20260818T075413.nc",
        "links": [
          {
            "label": "OData詳細",
            "url": "https://catalogue.dataspace.copernicus.eu/odata/v1/Products(a9cf492c-e6ea-455c-a3df-93a19f39f5c9)"
          },
          {
            "label": "Copernicus Browserで開く",
            "url": "https://browser.dataspace.copernicus.eu/?zoom=8&product=S5P_NRTI_L2__O3__PR_20260818T071649_20260818T072149_45838_03_020901_20260818T075413.nc"
          }
        ],
        "first_seen": "2026-08-18T10:14:17.015380+00:00"
      }
    },
    {
      "type": "Feature",
      "geometry": {
        "type": "Polygon",
        "coordinates": [
          [
            [
              74.98088,
              30.822714
            ],
            [
              75.61138,
              29.420967
            ],
            [
              76.21824,
              28.01468
            ],
            [
              76.80357,
              26.604416
            ],
            [
              77.367645,
              25.190094
            ],
            [
              77.9126,
              23.772377
            ],
            [
              78.439095,
              22.35131
            ],
            [
              78.948364,
              20.927193
            ],
            [
              79.44129,
              19.500288
            ],
            [
              79.91841,
              18.07054
            ],
            [
              80.3813,
              16.638596
            ],
            [
              80.82977,
              15.204084
            ],
            [
              81.26518,
              13.767632
            ],
            [
              81.450066,
              13.144616
            ],
            [
              81.52933,
              13.179833
            ],
            [
              82.98452,
              13.818961
            ],
            [
              85.367744,
              14.825807
            ],
            [
              86.87378,
              15.425408
            ],
            [
              88.237595,
              15.934182
            ],
            [
              89.23739,
              16.281607
            ],
            [
              90.23822,
              16.604452
            ],
            [
              91.03126,
              16.841124
            ],
            [
              91.877075,
              17.074167
            ],
            [
              92.585594,
              17.253834
            ],
            [
              93.314255,
              17.423895
            ],
            [
              93.38037,
              17.438591
            ],
            [
              94.07889,
              17.586489
            ],
            [
              94.900406,
              17.743353
            ],
            [
              95.65808,
              17.872019
            ],
            [
              96.59584,
              18.010803
            ],
            [
              97.51019,
              18.125687
            ],
            [
              98.71662,
              18.249598
            ],
            [
              99.986015,
              18.350994
            ],
            [
              101.836235,
              18.45688
            ],
            [
              104.07562,
              18.536346
            ],
            [
              106.00584,
              18.57411
            ],
            [
              105.762215,
              20.02602
            ],
            [
              105.524864,
              21.477726
            ],
            [
              105.293846,
              22.929234
            ],
            [
              105.06896,
              24.380556
            ],
            [
              104.850555,
              25.831572
            ],
            [
              104.638504,
              27.28235
            ],
            [
              104.43296,
              28.73268
            ],
            [
              104.234055,
              30.182571
            ],
            [
              104.04168,
              31.632032
            ],
            [
              103.856285,
              33.080986
            ],
            [
              103.678,
              34.52952
            ],
            [
              103.50692,
              35.977364
            ],
            [
              103.43509,
              36.604572
            ],
            [
              103.33322,
              36.608944
            ],
            [
              101.30247,
              36.676476
            ],
            [
              98.28228,
              36.699783
            ],
            [
              96.374916,
              36.65727
            ],
            [
              94.65868,
              36.572105
            ],
            [
              93.41191,
              36.47737
            ],
            [
              92.176735,
              36.352478
            ],
            [
              91.20877,
              36.231056
            ],
            [
              90.187965,
              36.0792
            ],
            [
              89.3426,
              35.93424
            ],
            [
              88.48277,
              35.76846
            ],
            [
              88.40524,
              35.752586
            ],
            [
              87.591125,
              35.576565
            ],
            [
              86.64542,
              35.350327
            ],
            [
              85.78446,
              35.12366
            ],
            [
              84.73355,
              34.82005
            ],
            [
              83.72382,
              34.500748
            ],
            [
              82.412285,
              34.047245
            ],
            [
              81.054504,
              33.53499
            ],
            [
              79.10807,
              32.73364
            ],
            [
              76.78833,
              31.691092
            ],
            [
              74.98088,
              30.822714
            ]
          ]
        ]
      },
      "properties": {
        "id": "ba745ce2-1e0b-4c9f-8cce-bee4a95ca3af",
        "source": "Copernicus",
        "sensor": "S5P",
        "type": "optical",
        "datetime": "2026-08-18T07:16:43.000000Z",
        "cloud_cover": null,
        "name": "S5P_NRTI_L2__AER_AI_20260818T071649_20260818T072149_45838_03_020901_20260818T074655.nc",
        "links": [
          {
            "label": "OData詳細",
            "url": "https://catalogue.dataspace.copernicus.eu/odata/v1/Products(ba745ce2-1e0b-4c9f-8cce-bee4a95ca3af)"
          },
          {
            "label": "Copernicus Browserで開く",
            "url": "https://browser.dataspace.copernicus.eu/?zoom=8&product=S5P_NRTI_L2__AER_AI_20260818T071649_20260818T072149_45838_03_020901_20260818T074655.nc"
          }
        ],
        "first_seen": "2026-08-18T10:14:17.015380+00:00"
      }
    },
    {
      "type": "Feature",
      "geometry": {
        "type": "Polygon",
        "coordinates": [
          [
            [
              74.98088,
              30.822714
            ],
            [
              75.61138,
              29.420967
            ],
            [
              76.21824,
              28.01468
            ],
            [
              76.80357,
              26.604416
            ],
            [
              77.367645,
              25.190094
            ],
            [
              77.9126,
              23.772377
            ],
            [
              78.439095,
              22.35131
            ],
            [
              78.948364,
              20.927193
            ],
            [
              79.44129,
              19.500288
            ],
            [
              79.91841,
              18.07054
            ],
            [
              80.3813,
              16.638596
            ],
            [
              80.82977,
              15.204084
            ],
            [
              81.26518,
              13.767632
            ],
            [
              81.450066,
              13.144616
            ],
            [
              81.52933,
              13.179833
            ],
            [
              82.98452,
              13.818961
            ],
            [
              85.367744,
              14.825807
            ],
            [
              86.87378,
              15.425408
            ],
            [
              88.237595,
              15.934182
            ],
            [
              89.23739,
              16.281607
            ],
            [
              90.23822,
              16.604452
            ],
            [
              91.03126,
              16.841124
            ],
            [
              91.877075,
              17.074167
            ],
            [
              92.585594,
              17.253834
            ],
            [
              93.314255,
              17.423895
            ],
            [
              93.38037,
              17.438591
            ],
            [
              94.07889,
              17.586489
            ],
            [
              94.900406,
              17.743353
            ],
            [
              95.65808,
              17.872019
            ],
            [
              96.59584,
              18.010803
            ],
            [
              97.51019,
              18.125687
            ],
            [
              98.71662,
              18.249598
            ],
            [
              99.986015,
              18.350994
            ],
            [
              101.836235,
              18.45688
            ],
            [
              104.07562,
              18.536346
            ],
            [
              106.00584,
              18.57411
            ],
            [
              105.762215,
              20.02602
            ],
            [
              105.524864,
              21.477726
            ],
            [
              105.293846,
              22.929234
            ],
            [
              105.06896,
              24.380556
            ],
            [
              104.850555,
              25.831572
            ],
            [
              104.638504,
              27.28235
            ],
            [
              104.43296,
              28.73268
            ],
            [
              104.234055,
              30.182571
            ],
            [
              104.04168,
              31.632032
            ],
            [
              103.856285,
              33.080986
            ],
            [
              103.678,
              34.52952
            ],
            [
              103.50692,
              35.977364
            ],
            [
              103.43509,
              36.604572
            ],
            [
              103.33322,
              36.608944
            ],
            [
              101.30247,
              36.676476
            ],
            [
              98.28228,
              36.699783
            ],
            [
              96.374916,
              36.65727
            ],
            [
              94.65868,
              36.572105
            ],
            [
              93.41191,
              36.47737
            ],
            [
              92.176735,
              36.352478
            ],
            [
              91.20877,
              36.231056
            ],
            [
              90.187965,
              36.0792
            ],
            [
              89.3426,
              35.93424
            ],
            [
              88.48277,
              35.76846
            ],
            [
              88.40524,
              35.752586
            ],
            [
              87.591125,
              35.576565
            ],
            [
              86.64542,
              35.350327
            ],
            [
              85.78446,
              35.12366
            ],
            [
              84.73355,
              34.82005
            ],
            [
              83.72382,
              34.500748
            ],
            [
              82.412285,
              34.047245
            ],
            [
              81.054504,
              33.53499
            ],
            [
              79.10807,
              32.73364
            ],
            [
              76.78833,
              31.691092
            ],
            [
              74.98088,
              30.822714
            ]
          ]
        ]
      },
      "properties": {
        "id": "d6ed4bb0-37b7-4dc0-8edc-acb6525fa684",
        "source": "Copernicus",
        "sensor": "S5P",
        "type": "optical",
        "datetime": "2026-08-18T07:16:43.000000Z",
        "cloud_cover": null,
        "name": "S5P_NRTI_L2__CLOUD__20260818T071649_20260818T072149_45838_03_020800_20260818T074652.nc",
        "links": [
          {
            "label": "OData詳細",
            "url": "https://catalogue.dataspace.copernicus.eu/odata/v1/Products(d6ed4bb0-37b7-4dc0-8edc-acb6525fa684)"
          },
          {
            "label": "Copernicus Browserで開く",
            "url": "https://browser.dataspace.copernicus.eu/?zoom=8&product=S5P_NRTI_L2__CLOUD__20260818T071649_20260818T072149_45838_03_020800_20260818T074652.nc"
          }
        ],
        "first_seen": "2026-08-18T10:14:17.015380+00:00"
      }
    },
    {
      "type": "Feature",
      "geometry": {
        "type": "Polygon",
        "coordinates": [
          [
            [
              74.94928,
              30.375229
            ],
            [
              75.575645,
              28.973835
            ],
            [
              76.17864,
              27.567911
            ],
            [
              76.76036,
              26.15804
            ],
            [
              77.32101,
              24.744099
            ],
            [
              77.86275,
              23.326786
            ],
            [
              78.386185,
              21.906128
            ],
            [
              78.89255,
              20.482426
            ],
            [
              79.38269,
              19.055943
            ],
            [
              79.857124,
              17.626602
            ],
            [
              80.31744,
              16.195087
            ],
            [
              80.76339,
              14.760983
            ],
            [
              81.19636,
              13.324948
            ],
            [
              81.380196,
              12.702117
            ],
            [
              81.69897,
              12.854328
            ],
            [
              82.288086,
              13.133805
            ],
            [
              84.181625,
              14.01247
            ],
            [
              84.93789,
              14.352801
            ],
            [
              86.4878,
              15.02465
            ],
            [
              87.01038,
              15.241694
            ],
            [
              88.35799,
              15.773893
            ],
            [
              89.125145,
              16.05636
            ],
            [
              90.76524,
              16.602016
            ],
            [
              91.35023,
              16.775995
            ],
            [
              92.72254,
              17.140272
            ],
            [
              93.25487,
              17.265139
            ],
            [
              94.60156,
              17.540882
            ],
            [
              95.164314,
              17.63939
            ],
            [
              96.70374,
              17.860615
            ],
            [
              97.40256,
              17.939104
            ],
            [
              99.27504,
              18.09113
            ],
            [
              99.77313,
              18.119263
            ],
            [
              101.22052,
              18.177479
            ],
            [
              101.907394,
              18.194695
            ],
            [
              104.04787,
              18.215364
            ],
            [
              104.862045,
              18.21267
            ],
            [
              106.13924,
              18.199154
            ],
            [
              105.89472,
              19.650423
            ],
            [
              105.65654,
              21.10149
            ],
            [
              105.42475,
              22.552355
            ],
            [
              105.19914,
              24.003038
            ],
            [
              104.98007,
              25.453411
            ],
            [
              104.767395,
              26.903547
            ],
            [
              104.56129,
              28.353231
            ],
            [
              104.36185,
              29.802473
            ],
            [
              104.16897,
              31.25129
            ],
            [
              103.983116,
              32.699596
            ],
            [
              103.8044,
              34.147476
            ],
            [
              103.6329,
              35.59467
            ],
            [
              103.56089,
              36.2216
            ],
            [
              103.155846,
              36.24842
            ],
            [
              102.40499,
              36.29414
            ],
            [
              99.97793,
              36.403492
            ],
            [
              99.00595,
              36.42902
            ],
            [
              97.01683,
              36.442913
            ],
            [
              96.348694,
              36.434467
            ],
            [
              94.63654,
              36.377483
            ],
            [
              93.67129,
              36.32007
            ],
            [
              91.638466,
              36.129864
            ],
            [
              90.92518,
              36.038723
            ],
            [
              89.27873,
              35.776295
            ],
            [
              88.650566,
              35.656384
            ],
            [
              87.08822,
              35.30898
            ],
            [
              86.44682,
              35.145504
            ],
            [
              84.72643,
              34.64551
            ],
            [
              83.96138,
              34.394417
            ],
            [
              81.95515,
              33.65607
            ],
            [
              81.43097,
              33.445423
            ],
            [
              79.92648,
              32.804504
            ],
            [
              79.220894,
              32.486942
            ],
            [
              77.048035,
              31.449986
            ],
            [
              76.2291,
              31.0385
            ],
            [
              74.94928,
              30.375229
            ]
          ]
        ]
      },
      "properties": {
        "id": "0c4ce25b-88fa-4823-bcbd-12c89ddf09f7",
        "source": "Copernicus",
        "sensor": "S5P",
        "type": "optical",
        "datetime": "2026-08-18T07:15:44.000000Z",
        "cloud_cover": null,
        "name": "S5P_NRTI_L1B_RA_BD4_20260818T071643_20260818T072155_45838_03_030000_20260818T074053.nc",
        "links": [
          {
            "label": "OData詳細",
            "url": "https://catalogue.dataspace.copernicus.eu/odata/v1/Products(0c4ce25b-88fa-4823-bcbd-12c89ddf09f7)"
          },
          {
            "label": "Copernicus Browserで開く",
            "url": "https://browser.dataspace.copernicus.eu/?zoom=8&product=S5P_NRTI_L1B_RA_BD4_20260818T071643_20260818T072155_45838_03_030000_20260818T074053.nc"
          }
        ],
        "first_seen": "2026-08-18T10:14:17.015380+00:00"
      }
    },
    {
      "type": "Feature",
      "geometry": {
        "type": "Polygon",
        "coordinates": [
          [
            [
              74.94928,
              30.375229
            ],
            [
              75.575645,
              28.973835
            ],
            [
              76.17864,
              27.567911
            ],
            [
              76.76036,
              26.15804
            ],
            [
              77.32101,
              24.744099
            ],
            [
              77.86275,
              23.326786
            ],
            [
              78.386185,
              21.906128
            ],
            [
              78.89255,
              20.482426
            ],
            [
              79.38269,
              19.055943
            ],
            [
              79.857124,
              17.626602
            ],
            [
              80.31744,
              16.195087
            ],
            [
              80.76339,
              14.760983
            ],
            [
              81.19636,
              13.324948
            ],
            [
              81.380196,
              12.702117
            ],
            [
              81.69897,
              12.854328
            ],
            [
              82.288086,
              13.133805
            ],
            [
              84.181625,
              14.01247
            ],
            [
              84.93789,
              14.352801
            ],
            [
              86.4878,
              15.02465
            ],
            [
              87.01038,
              15.241694
            ],
            [
              88.35799,
              15.773893
            ],
            [
              89.125145,
              16.05636
            ],
            [
              90.76524,
              16.602016
            ],
            [
              91.35023,
              16.775995
            ],
            [
              92.72254,
              17.140272
            ],
            [
              93.25487,
              17.265139
            ],
            [
              94.60156,
              17.540882
            ],
            [
              95.164314,
              17.63939
            ],
            [
              96.70374,
              17.860615
            ],
            [
              97.40256,
              17.939104
            ],
            [
              99.27504,
              18.09113
            ],
            [
              99.77313,
              18.119263
            ],
            [
              101.22052,
              18.177479
            ],
            [
              101.907394,
              18.194695
            ],
            [
              104.04787,
              18.215364
            ],
            [
              104.862045,
              18.21267
            ],
            [
              106.13924,
              18.199154
            ],
            [
              105.89472,
              19.650423
            ],
            [
              105.65654,
              21.10149
            ],
            [
              105.42475,
              22.552355
            ],
            [
              105.19914,
              24.003038
            ],
            [
              104.98007,
              25.453411
            ],
            [
              104.767395,
              26.903547
            ],
            [
              104.56129,
              28.353231
            ],
            [
              104.36185,
              29.802473
            ],
            [
              104.16897,
              31.25129
            ],
            [
              103.983116,
              32.699596
            ],
            [
              103.8044,
              34.147476
            ],
            [
              103.6329,
              35.59467
            ],
            [
              103.56089,
              36.2216
            ],
            [
              103.155846,
              36.24842
            ],
            [
              102.40499,
              36.29414
            ],
            [
              99.97793,
              36.403492
            ],
            [
              99.00595,
              36.42902
            ],
            [
              97.01683,
              36.442913
            ],
            [
              96.348694,
              36.434467
            ],
            [
              94.63654,
              36.377483
            ],
            [
              93.67129,
              36.32007
            ],
            [
              91.638466,
              36.129864
            ],
            [
              90.92518,
              36.038723
            ],
            [
              89.27873,
              35.776295
            ],
            [
              88.650566,
              35.656384
            ],
            [
              87.08822,
              35.30898
            ],
            [
              86.44682,
              35.145504
            ],
            [
              84.72643,
              34.64551
            ],
            [
              83.96138,
              34.394417
            ],
            [
              81.95515,
              33.65607
            ],
            [
              81.43097,
              33.445423
            ],
            [
              79.92648,
              32.804504
            ],
            [
              79.220894,
              32.486942
            ],
            [
              77.048035,
              31.449986
            ],
            [
              76.2291,
              31.0385
            ],
            [
              74.94928,
              30.375229
            ]
          ]
        ]
      },
      "properties": {
        "id": "0e3a8546-ce0c-427e-89bf-921b218ed6b2",
        "source": "Copernicus",
        "sensor": "S5P",
        "type": "optical",
        "datetime": "2026-08-18T07:15:44.000000Z",
        "cloud_cover": null,
        "name": "S5P_NRTI_L1B_RA_BD3_20260818T071643_20260818T072155_45838_03_030000_20260818T074053.nc",
        "links": [
          {
            "label": "OData詳細",
            "url": "https://catalogue.dataspace.copernicus.eu/odata/v1/Products(0e3a8546-ce0c-427e-89bf-921b218ed6b2)"
          },
          {
            "label": "Copernicus Browserで開く",
            "url": "https://browser.dataspace.copernicus.eu/?zoom=8&product=S5P_NRTI_L1B_RA_BD3_20260818T071643_20260818T072155_45838_03_030000_20260818T074053.nc"
          }
        ],
        "first_seen": "2026-08-18T10:14:17.015380+00:00"
      }
    },
    {
      "type": "Feature",
      "geometry": {
        "type": "Polygon",
        "coordinates": [
          [
            [
              74.94928,
              30.375229
            ],
            [
              75.575645,
              28.973835
            ],
            [
              76.17864,
              27.567911
            ],
            [
              76.76036,
              26.15804
            ],
            [
              77.32101,
              24.744099
            ],
            [
              77.86275,
              23.326786
            ],
            [
              78.386185,
              21.906128
            ],
            [
              78.89255,
              20.482426
            ],
            [
              79.38269,
              19.055943
            ],
            [
              79.857124,
              17.626602
            ],
            [
              80.31744,
              16.195087
            ],
            [
              80.76339,
              14.760983
            ],
            [
              81.19636,
              13.324948
            ],
            [
              81.380196,
              12.702117
            ],
            [
              81.69897,
              12.854328
            ],
            [
              82.288086,
              13.133805
            ],
            [
              84.181625,
              14.01247
            ],
            [
              84.93789,
              14.352801
            ],
            [
              86.4878,
              15.02465
            ],
            [
              87.01038,
              15.241694
            ],
            [
              88.35799,
              15.773893
            ],
            [
              89.125145,
              16.05636
            ],
            [
              90.76524,
              16.602016
            ],
            [
              91.35023,
              16.775995
            ],
            [
              92.72254,
              17.140272
            ],
            [
              93.25487,
              17.265139
            ],
            [
              94.60156,
              17.540882
            ],
            [
              95.164314,
              17.63939
            ],
            [
              96.70374,
              17.860615
            ],
            [
              97.40256,
              17.939104
            ],
            [
              99.27504,
              18.09113
            ],
            [
              99.77313,
              18.119263
            ],
            [
              101.22052,
              18.177479
            ],
            [
              101.907394,
              18.194695
            ],
            [
              104.04787,
              18.215364
            ],
            [
              104.862045,
              18.21267
            ],
            [
              106.13924,
              18.199154
            ],
            [
              105.89472,
              19.650423
            ],
            [
              105.65654,
              21.10149
            ],
            [
              105.42475,
              22.552355
            ],
            [
              105.19914,
              24.003038
            ],
            [
              104.98007,
              25.453411
            ],
            [
              104.767395,
              26.903547
            ],
            [
              104.56129,
              28.353231
            ],
            [
              104.36185,
              29.802473
            ],
            [
              104.16897,
              31.25129
            ],
            [
              103.983116,
              32.699596
            ],
            [
              103.8044,
              34.147476
            ],
            [
              103.6329,
              35.59467
            ],
            [
              103.56089,
              36.2216
            ],
            [
              103.155846,
              36.24842
            ],
            [
              102.40499,
              36.29414
            ],
            [
              99.97793,
              36.403492
            ],
            [
              99.00595,
              36.42902
            ],
            [
              97.01683,
              36.442913
            ],
            [
              96.348694,
              36.434467
            ],
            [
              94.63654,
              36.377483
            ],
            [
              93.67129,
              36.32007
            ],
            [
              91.638466,
              36.129864
            ],
            [
              90.92518,
              36.038723
            ],
            [
              89.27873,
              35.776295
            ],
            [
              88.650566,
              35.656384
            ],
            [
              87.08822,
              35.30898
            ],
            [
              86.44682,
              35.145504
            ],
            [
              84.72643,
              34.64551
            ],
            [
              83.96138,
              34.394417
            ],
            [
              81.95515,
              33.65607
            ],
            [
              81.43097,
              33.445423
            ],
            [
              79.92648,
              32.804504
            ],
            [
              79.220894,
              32.486942
            ],
            [
              77.048035,
              31.449986
            ],
            [
              76.2291,
              31.0385
            ],
            [
              74.94928,
              30.375229
            ]
          ]
        ]
      },
      "properties": {
        "id": "4f896d94-dba9-4ac1-9b57-d84f961cb074",
        "source": "Copernicus",
        "sensor": "S5P",
        "type": "optical",
        "datetime": "2026-08-18T07:15:44.000000Z",
        "cloud_cover": null,
        "name": "S5P_NRTI_L1B_RA_BD8_20260818T071643_20260818T072155_45838_03_030000_20260818T074053.nc",
        "links": [
          {
            "label": "OData詳細",
            "url": "https://catalogue.dataspace.copernicus.eu/odata/v1/Products(4f896d94-dba9-4ac1-9b57-d84f961cb074)"
          },
          {
            "label": "Copernicus Browserで開く",
            "url": "https://browser.dataspace.copernicus.eu/?zoom=8&product=S5P_NRTI_L1B_RA_BD8_20260818T071643_20260818T072155_45838_03_030000_20260818T074053.nc"
          }
        ],
        "first_seen": "2026-08-18T10:14:17.015380+00:00"
      }
    },
    {
      "type": "Feature",
      "geometry": {
        "type": "Polygon",
        "coordinates": [
          [
            [
              74.94928,
              30.375229
            ],
            [
              75.575645,
              28.973835
            ],
            [
              76.17864,
              27.567911
            ],
            [
              76.76036,
              26.15804
            ],
            [
              77.32101,
              24.744099
            ],
            [
              77.86275,
              23.326786
            ],
            [
              78.386185,
              21.906128
            ],
            [
              78.89255,
              20.482426
            ],
            [
              79.38269,
              19.055943
            ],
            [
              79.857124,
              17.626602
            ],
            [
              80.31744,
              16.195087
            ],
            [
              80.76339,
              14.760983
            ],
            [
              81.19636,
              13.324948
            ],
            [
              81.380196,
              12.702117
            ],
            [
              81.69897,
              12.854328
            ],
            [
              82.288086,
              13.133805
            ],
            [
              84.181625,
              14.01247
            ],
            [
              84.93789,
              14.352801
            ],
            [
              86.4878,
              15.02465
            ],
            [
              87.01038,
              15.241694
            ],
            [
              88.35799,
              15.773893
            ],
            [
              89.125145,
              16.05636
            ],
            [
              90.76524,
              16.602016
            ],
            [
              91.35023,
              16.775995
            ],
            [
              92.72254,
              17.140272
            ],
            [
              93.25487,
              17.265139
            ],
            [
              94.60156,
              17.540882
            ],
            [
              95.164314,
              17.63939
            ],
            [
              96.70374,
              17.860615
            ],
            [
              97.40256,
              17.939104
            ],
            [
              99.27504,
              18.09113
            ],
            [
              99.77313,
              18.119263
            ],
            [
              101.22052,
              18.177479
            ],
            [
              101.907394,
              18.194695
            ],
            [
              104.04787,
              18.215364
            ],
            [
              104.862045,
              18.21267
            ],
            [
              106.13924,
              18.199154
            ],
            [
              105.89472,
              19.650423
            ],
            [
              105.65654,
              21.10149
            ],
            [
              105.42475,
              22.552355
            ],
            [
              105.19914,
              24.003038
            ],
            [
              104.98007,
              25.453411
            ],
            [
              104.767395,
              26.903547
            ],
            [
              104.56129,
              28.353231
            ],
            [
              104.36185,
              29.802473
            ],
            [
              104.16897,
              31.25129
            ],
            [
              103.983116,
              32.699596
            ],
            [
              103.8044,
              34.147476
            ],
            [
              103.6329,
              35.59467
            ],
            [
              103.56089,
              36.2216
            ],
            [
              103.155846,
              36.24842
            ],
            [
              102.40499,
              36.29414
            ],
            [
              99.97793,
              36.403492
            ],
            [
              99.00595,
              36.42902
            ],
            [
              97.01683,
              36.442913
            ],
            [
              96.348694,
              36.434467
            ],
            [
              94.63654,
              36.377483
            ],
            [
              93.67129,
              36.32007
            ],
            [
              91.638466,
              36.129864
            ],
            [
              90.92518,
              36.038723
            ],
            [
              89.27873,
              35.776295
            ],
            [
              88.650566,
              35.656384
            ],
            [
              87.08822,
              35.30898
            ],
            [
              86.44682,
              35.145504
            ],
            [
              84.72643,
              34.64551
            ],
            [
              83.96138,
              34.394417
            ],
            [
              81.95515,
              33.65607
            ],
            [
              81.43097,
              33.445423
            ],
            [
              79.92648,
              32.804504
            ],
            [
              79.220894,
              32.486942
            ],
            [
              77.048035,
              31.449986
            ],
            [
              76.2291,
              31.0385
            ],
            [
              74.94928,
              30.375229
            ]
          ]
        ]
      },
      "properties": {
        "id": "534bd0b8-5224-4f3e-97bd-81f6c93c28c0",
        "source": "Copernicus",
        "sensor": "S5P",
        "type": "optical",
        "datetime": "2026-08-18T07:15:44.000000Z",
        "cloud_cover": null,
        "name": "S5P_NRTI_L1B_RA_BD1_20260818T071643_20260818T072155_45838_03_030000_20260818T074053.nc",
        "links": [
          {
            "label": "OData詳細",
            "url": "https://catalogue.dataspace.copernicus.eu/odata/v1/Products(534bd0b8-5224-4f3e-97bd-81f6c93c28c0)"
          },
          {
            "label": "Copernicus Browserで開く",
            "url": "https://browser.dataspace.copernicus.eu/?zoom=8&product=S5P_NRTI_L1B_RA_BD1_20260818T071643_20260818T072155_45838_03_030000_20260818T074053.nc"
          }
        ],
        "first_seen": "2026-08-18T10:14:17.015380+00:00"
      }
    },
    {
      "type": "Feature",
      "geometry": {
        "type": "Polygon",
        "coordinates": [
          [
            [
              74.94928,
              30.375229
            ],
            [
              75.575645,
              28.973835
            ],
            [
              76.17864,
              27.567911
            ],
            [
              76.76036,
              26.15804
            ],
            [
              77.32101,
              24.744099
            ],
            [
              77.86275,
              23.326786
            ],
            [
              78.386185,
              21.906128
            ],
            [
              78.89255,
              20.482426
            ],
            [
              79.38269,
              19.055943
            ],
            [
              79.857124,
              17.626602
            ],
            [
              80.31744,
              16.195087
            ],
            [
              80.76339,
              14.760983
            ],
            [
              81.19636,
              13.324948
            ],
            [
              81.380196,
              12.702117
            ],
            [
              81.69897,
              12.854328
            ],
            [
              82.288086,
              13.133805
            ],
            [
              84.181625,
              14.01247
            ],
            [
              84.93789,
              14.352801
            ],
            [
              86.4878,
              15.02465
            ],
            [
              87.01038,
              15.241694
            ],
            [
              88.35799,
              15.773893
            ],
            [
              89.125145,
              16.05636
            ],
            [
              90.76524,
              16.602016
            ],
            [
              91.35023,
              16.775995
            ],
            [
              92.72254,
              17.140272
            ],
            [
              93.25487,
              17.265139
            ],
            [
              94.60156,
              17.540882
            ],
            [
              95.164314,
              17.63939
            ],
            [
              96.70374,
              17.860615
            ],
            [
              97.40256,
              17.939104
            ],
            [
              99.27504,
              18.09113
            ],
            [
              99.77313,
              18.119263
            ],
            [
              101.22052,
              18.177479
            ],
            [
              101.907394,
              18.194695
            ],
            [
              104.04787,
              18.215364
            ],
            [
              104.862045,
              18.21267
            ],
            [
              106.13924,
              18.199154
            ],
            [
              105.89472,
              19.650423
            ],
            [
              105.65654,
              21.10149
            ],
            [
              105.42475,
              22.552355
            ],
            [
              105.19914,
              24.003038
            ],
            [
              104.98007,
              25.453411
            ],
            [
              104.767395,
              26.903547
            ],
            [
              104.56129,
              28.353231
            ],
            [
              104.36185,
              29.802473
            ],
            [
              104.16897,
              31.25129
            ],
            [
              103.983116,
              32.699596
            ],
            [
              103.8044,
              34.147476
            ],
            [
              103.6329,
              35.59467
            ],
            [
              103.56089,
              36.2216
            ],
            [
              103.155846,
              36.24842
            ],
            [
              102.40499,
              36.29414
            ],
            [
              99.97793,
              36.403492
            ],
            [
              99.00595,
              36.42902
            ],
            [
              97.01683,
              36.442913
            ],
            [
              96.348694,
              36.434467
            ],
            [
              94.63654,
              36.377483
            ],
            [
              93.67129,
              36.32007
            ],
            [
              91.638466,
              36.129864
            ],
            [
              90.92518,
              36.038723
            ],
            [
              89.27873,
              35.776295
            ],
            [
              88.650566,
              35.656384
            ],
            [
              87.08822,
              35.30898
            ],
            [
              86.44682,
              35.145504
            ],
            [
              84.72643,
              34.64551
            ],
            [
              83.96138,
              34.394417
            ],
            [
              81.95515,
              33.65607
            ],
            [
              81.43097,
              33.445423
            ],
            [
              79.92648,
              32.804504
            ],
            [
              79.220894,
              32.486942
            ],
            [
              77.048035,
              31.449986
            ],
            [
              76.2291,
              31.0385
            ],
            [
              74.94928,
              30.375229
            ]
          ]
        ]
      },
      "properties": {
        "id": "6360a0e1-0a8c-4ca9-a215-60736f6d64f9",
        "source": "Copernicus",
        "sensor": "S5P",
        "type": "optical",
        "datetime": "2026-08-18T07:15:44.000000Z",
        "cloud_cover": null,
        "name": "S5P_NRTI_L1B_RA_BD5_20260818T071643_20260818T072155_45838_03_030000_20260818T074053.nc",
        "links": [
          {
            "label": "OData詳細",
            "url": "https://catalogue.dataspace.copernicus.eu/odata/v1/Products(6360a0e1-0a8c-4ca9-a215-60736f6d64f9)"
          },
          {
            "label": "Copernicus Browserで開く",
            "url": "https://browser.dataspace.copernicus.eu/?zoom=8&product=S5P_NRTI_L1B_RA_BD5_20260818T071643_20260818T072155_45838_03_030000_20260818T074053.nc"
          }
        ],
        "first_seen": "2026-08-18T10:14:17.015380+00:00"
      }
    },
    {
      "type": "Feature",
      "geometry": {
        "type": "Polygon",
        "coordinates": [
          [
            [
              74.94928,
              30.375229
            ],
            [
              75.575645,
              28.973835
            ],
            [
              76.17864,
              27.567911
            ],
            [
              76.76036,
              26.15804
            ],
            [
              77.32101,
              24.744099
            ],
            [
              77.86275,
              23.326786
            ],
            [
              78.386185,
              21.906128
            ],
            [
              78.89255,
              20.482426
            ],
            [
              79.38269,
              19.055943
            ],
            [
              79.857124,
              17.626602
            ],
            [
              80.31744,
              16.195087
            ],
            [
              80.76339,
              14.760983
            ],
            [
              81.19636,
              13.324948
            ],
            [
              81.380196,
              12.702117
            ],
            [
              81.69897,
              12.854328
            ],
            [
              82.288086,
              13.133805
            ],
            [
              84.181625,
              14.01247
            ],
            [
              84.93789,
              14.352801
            ],
            [
              86.4878,
              15.02465
            ],
            [
              87.01038,
              15.241694
            ],
            [
              88.35799,
              15.773893
            ],
            [
              89.125145,
              16.05636
            ],
            [
              90.76524,
              16.602016
            ],
            [
              91.35023,
              16.775995
            ],
            [
              92.72254,
              17.140272
            ],
            [
              93.25487,
              17.265139
            ],
            [
              94.60156,
              17.540882
            ],
            [
              95.164314,
              17.63939
            ],
            [
              96.70374,
              17.860615
            ],
            [
              97.40256,
              17.939104
            ],
            [
              99.27504,
              18.09113
            ],
            [
              99.77313,
              18.119263
            ],
            [
              101.22052,
              18.177479
            ],
            [
              101.907394,
              18.194695
            ],
            [
              104.04787,
              18.215364
            ],
            [
              104.862045,
              18.21267
            ],
            [
              106.13924,
              18.199154
            ],
            [
              105.89472,
              19.650423
            ],
            [
              105.65654,
              21.10149
            ],
            [
              105.42475,
              22.552355
            ],
            [
              105.19914,
              24.003038
            ],
            [
              104.98007,
              25.453411
            ],
            [
              104.767395,
              26.903547
            ],
            [
              104.56129,
              28.353231
            ],
            [
              104.36185,
              29.802473
            ],
            [
              104.16897,
              31.25129
            ],
            [
              103.983116,
              32.699596
            ],
            [
              103.8044,
              34.147476
            ],
            [
              103.6329,
              35.59467
            ],
            [
              103.56089,
              36.2216
            ],
            [
              103.155846,
              36.24842
            ],
            [
              102.40499,
              36.29414
            ],
            [
              99.97793,
              36.403492
            ],
            [
              99.00595,
              36.42902
            ],
            [
              97.01683,
              36.442913
            ],
            [
              96.348694,
              36.434467
            ],
            [
              94.63654,
              36.377483
            ],
            [
              93.67129,
              36.32007
            ],
            [
              91.638466,
              36.129864
            ],
            [
              90.92518,
              36.038723
            ],
            [
              89.27873,
              35.776295
            ],
            [
              88.650566,
              35.656384
            ],
            [
              87.08822,
              35.30898
            ],
            [
              86.44682,
              35.145504
            ],
            [
              84.72643,
              34.64551
            ],
            [
              83.96138,
              34.394417
            ],
            [
              81.95515,
              33.65607
            ],
            [
              81.43097,
              33.445423
            ],
            [
              79.92648,
              32.804504
            ],
            [
              79.220894,
              32.486942
            ],
            [
              77.048035,
              31.449986
            ],
            [
              76.2291,
              31.0385
            ],
            [
              74.94928,
              30.375229
            ]
          ]
        ]
      },
      "properties": {
        "id": "73dc32fa-d5c7-4e13-8460-1385e4c9ddd6",
        "source": "Copernicus",
        "sensor": "S5P",
        "type": "optical",
        "datetime": "2026-08-18T07:15:44.000000Z",
        "cloud_cover": null,
        "name": "S5P_NRTI_L1B_RA_BD6_20260818T071643_20260818T072155_45838_03_030000_20260818T074053.nc",
        "links": [
          {
            "label": "OData詳細",
            "url": "https://catalogue.dataspace.copernicus.eu/odata/v1/Products(73dc32fa-d5c7-4e13-8460-1385e4c9ddd6)"
          },
          {
            "label": "Copernicus Browserで開く",
            "url": "https://browser.dataspace.copernicus.eu/?zoom=8&product=S5P_NRTI_L1B_RA_BD6_20260818T071643_20260818T072155_45838_03_030000_20260818T074053.nc"
          }
        ],
        "first_seen": "2026-08-18T10:14:17.015380+00:00"
      }
    },
    {
      "type": "Feature",
      "geometry": {
        "type": "Polygon",
        "coordinates": [
          [
            [
              74.94928,
              30.375229
            ],
            [
              75.575645,
              28.973835
            ],
            [
              76.17864,
              27.567911
            ],
            [
              76.76036,
              26.15804
            ],
            [
              77.32101,
              24.744099
            ],
            [
              77.86275,
              23.326786
            ],
            [
              78.386185,
              21.906128
            ],
            [
              78.89255,
              20.482426
            ],
            [
              79.38269,
              19.055943
            ],
            [
              79.857124,
              17.626602
            ],
            [
              80.31744,
              16.195087
            ],
            [
              80.76339,
              14.760983
            ],
            [
              81.19636,
              13.324948
            ],
            [
              81.380196,
              12.702117
            ],
            [
              81.69897,
              12.854328
            ],
            [
              82.288086,
              13.133805
            ],
            [
              84.181625,
              14.01247
            ],
            [
              84.93789,
              14.352801
            ],
            [
              86.4878,
              15.02465
            ],
            [
              87.01038,
              15.241694
            ],
            [
              88.35799,
              15.773893
            ],
            [
              89.125145,
              16.05636
            ],
            [
              90.76524,
              16.602016
            ],
            [
              91.35023,
              16.775995
            ],
            [
              92.72254,
              17.140272
            ],
            [
              93.25487,
              17.265139
            ],
            [
              94.60156,
              17.540882
            ],
            [
              95.164314,
              17.63939
            ],
            [
              96.70374,
              17.860615
            ],
            [
              97.40256,
              17.939104
            ],
            [
              99.27504,
              18.09113
            ],
            [
              99.77313,
              18.119263
            ],
            [
              101.22052,
              18.177479
            ],
            [
              101.907394,
              18.194695
            ],
            [
              104.04787,
              18.215364
            ],
            [
              104.862045,
              18.21267
            ],
            [
              106.13924,
              18.199154
            ],
            [
              105.89472,
              19.650423
            ],
            [
              105.65654,
              21.10149
            ],
            [
              105.42475,
              22.552355
            ],
            [
              105.19914,
              24.003038
            ],
            [
              104.98007,
              25.453411
            ],
            [
              104.767395,
              26.903547
            ],
            [
              104.56129,
              28.353231
            ],
            [
              104.36185,
              29.802473
            ],
            [
              104.16897,
              31.25129
            ],
            [
              103.983116,
              32.699596
            ],
            [
              103.8044,
              34.147476
            ],
            [
              103.6329,
              35.59467
            ],
            [
              103.56089,
              36.2216
            ],
            [
              103.155846,
              36.24842
            ],
            [
              102.40499,
              36.29414
            ],
            [
              99.97793,
              36.403492
            ],
            [
              99.00595,
              36.42902
            ],
            [
              97.01683,
              36.442913
            ],
            [
              96.348694,
              36.434467
            ],
            [
              94.63654,
              36.377483
            ],
            [
              93.67129,
              36.32007
            ],
            [
              91.638466,
              36.129864
            ],
            [
              90.92518,
              36.038723
            ],
            [
              89.27873,
              35.776295
            ],
            [
              88.650566,
              35.656384
            ],
            [
              87.08822,
              35.30898
            ],
            [
              86.44682,
              35.145504
            ],
            [
              84.72643,
              34.64551
            ],
            [
              83.96138,
              34.394417
            ],
            [
              81.95515,
              33.65607
            ],
            [
              81.43097,
              33.445423
            ],
            [
              79.92648,
              32.804504
            ],
            [
              79.220894,
              32.486942
            ],
            [
              77.048035,
              31.449986
            ],
            [
              76.2291,
              31.0385
            ],
            [
              74.94928,
              30.375229
            ]
          ]
        ]
      },
      "properties": {
        "id": "8c3b7c98-e35d-4b5f-b7a1-fc6790d4abb9",
        "source": "Copernicus",
        "sensor": "S5P",
        "type": "optical",
        "datetime": "2026-08-18T07:15:44.000000Z",
        "cloud_cover": null,
        "name": "S5P_NRTI_L1B_RA_BD2_20260818T071643_20260818T072155_45838_03_030000_20260818T074053.nc",
        "links": [
          {
            "label": "OData詳細",
            "url": "https://catalogue.dataspace.copernicus.eu/odata/v1/Products(8c3b7c98-e35d-4b5f-b7a1-fc6790d4abb9)"
          },
          {
            "label": "Copernicus Browserで開く",
            "url": "https://browser.dataspace.copernicus.eu/?zoom=8&product=S5P_NRTI_L1B_RA_BD2_20260818T071643_20260818T072155_45838_03_030000_20260818T074053.nc"
          }
        ],
        "first_seen": "2026-08-18T10:14:17.015380+00:00"
      }
    },
    {
      "type": "Feature",
      "geometry": {
        "type": "Polygon",
        "coordinates": [
          [
            [
              74.94928,
              30.375229
            ],
            [
              75.575645,
              28.973835
            ],
            [
              76.17864,
              27.567911
            ],
            [
              76.76036,
              26.15804
            ],
            [
              77.32101,
              24.744099
            ],
            [
              77.86275,
              23.326786
            ],
            [
              78.386185,
              21.906128
            ],
            [
              78.89255,
              20.482426
            ],
            [
              79.38269,
              19.055943
            ],
            [
              79.857124,
              17.626602
            ],
            [
              80.31744,
              16.195087
            ],
            [
              80.76339,
              14.760983
            ],
            [
              81.19636,
              13.324948
            ],
            [
              81.380196,
              12.702117
            ],
            [
              81.69897,
              12.854328
            ],
            [
              82.288086,
              13.133805
            ],
            [
              84.181625,
              14.01247
            ],
            [
              84.93789,
              14.352801
            ],
            [
              86.4878,
              15.02465
            ],
            [
              87.01038,
              15.241694
            ],
            [
              88.35799,
              15.773893
            ],
            [
              89.125145,
              16.05636
            ],
            [
              90.76524,
              16.602016
            ],
            [
              91.35023,
              16.775995
            ],
            [
              92.72254,
              17.140272
            ],
            [
              93.25487,
              17.265139
            ],
            [
              94.60156,
              17.540882
            ],
            [
              95.164314,
              17.63939
            ],
            [
              96.70374,
              17.860615
            ],
            [
              97.40256,
              17.939104
            ],
            [
              99.27504,
              18.09113
            ],
            [
              99.77313,
              18.119263
            ],
            [
              101.22052,
              18.177479
            ],
            [
              101.907394,
              18.194695
            ],
            [
              104.04787,
              18.215364
            ],
            [
              104.862045,
              18.21267
            ],
            [
              106.13924,
              18.199154
            ],
            [
              105.89472,
              19.650423
            ],
            [
              105.65654,
              21.10149
            ],
            [
              105.42475,
              22.552355
            ],
            [
              105.19914,
              24.003038
            ],
            [
              104.98007,
              25.453411
            ],
            [
              104.767395,
              26.903547
            ],
            [
              104.56129,
              28.353231
            ],
            [
              104.36185,
              29.802473
            ],
            [
              104.16897,
              31.25129
            ],
            [
              103.983116,
              32.699596
            ],
            [
              103.8044,
              34.147476
            ],
            [
              103.6329,
              35.59467
            ],
            [
              103.56089,
              36.2216
            ],
            [
              103.155846,
              36.24842
            ],
            [
              102.40499,
              36.29414
            ],
            [
              99.97793,
              36.403492
            ],
            [
              99.00595,
              36.42902
            ],
            [
              97.01683,
              36.442913
            ],
            [
              96.348694,
              36.434467
            ],
            [
              94.63654,
              36.377483
            ],
            [
              93.67129,
              36.32007
            ],
            [
              91.638466,
              36.129864
            ],
            [
              90.92518,
              36.038723
            ],
            [
              89.27873,
              35.776295
            ],
            [
              88.650566,
              35.656384
            ],
            [
              87.08822,
              35.30898
            ],
            [
              86.44682,
              35.145504
            ],
            [
              84.72643,
              34.64551
            ],
            [
              83.96138,
              34.394417
            ],
            [
              81.95515,
              33.65607
            ],
            [
              81.43097,
              33.445423
            ],
            [
              79.92648,
              32.804504
            ],
            [
              79.220894,
              32.486942
            ],
            [
              77.048035,
              31.449986
            ],
            [
              76.2291,
              31.0385
            ],
            [
              74.94928,
              30.375229
            ]
          ]
        ]
      },
      "properties": {
        "id": "ef39c117-fb96-4a60-b753-7e33e46e302f",
        "source": "Copernicus",
        "sensor": "S5P",
        "type": "optical",
        "datetime": "2026-08-18T07:15:44.000000Z",
        "cloud_cover": null,
        "name": "S5P_NRTI_L1B_RA_BD7_20260818T071643_20260818T072155_45838_03_030000_20260818T074053.nc",
        "links": [
          {
            "label": "OData詳細",
            "url": "https://catalogue.dataspace.copernicus.eu/odata/v1/Products(ef39c117-fb96-4a60-b753-7e33e46e302f)"
          },
          {
            "label": "Copernicus Browserで開く",
            "url": "https://browser.dataspace.copernicus.eu/?zoom=8&product=S5P_NRTI_L1B_RA_BD7_20260818T071643_20260818T072155_45838_03_030000_20260818T074053.nc"
          }
        ],
        "first_seen": "2026-08-18T10:14:17.015380+00:00"
      }
    },
    {
      "type": "Feature",
      "geometry": {
        "type": "Polygon",
        "coordinates": [
          [
            [
              81.2224,
              13.91145
            ],
            [
              81.64633,
              12.473181
            ],
            [
              82.05833,
              11.033143
            ],
            [
              82.45906,
              9.591576
            ],
            [
              82.84832,
              8.148281
            ],
            [
              83.227005,
              6.703639
            ],
            [
              83.5957,
              5.257774
            ],
            [
              83.954796,
              3.8108003
            ],
            [
              84.30428,
              2.3627014
            ],
            [
              84.64494,
              0.9137599
            ],
            [
              84.976814,
              -0.5361169
            ],
            [
              85.30039,
              -1.986554
            ],
            [
              85.61584,
              -3.4376535
            ],
            [
              85.74994,
              -4.0667133
            ],
            [
              85.82966,
              -4.0366693
            ],
            [
              87.28787,
              -3.4865816
            ],
            [
              89.654076,
              -2.601326
            ],
            [
              91.1355,
              -2.0631382
            ],
            [
              92.46808,
              -1.5997607
            ],
            [
              93.43983,
              -1.2794919
            ],
            [
              94.40851,
              -0.9786792
            ],
            [
              95.17341,
              -0.75582683
            ],
            [
              95.986855,
              -0.533993
            ],
            [
              96.66656,
              -0.36092374
            ],
            [
              97.36414,
              -0.19499956
            ],
            [
              97.42737,
              -0.18054464
            ],
            [
              98.094765,
              -0.033867814
            ],
            [
              98.87836,
              0.12470166
            ],
            [
              99.599976,
              0.25794077
            ],
            [
              100.491936,
              0.40636754
            ],
            [
              101.36065,
              0.53488624
            ],
            [
              102.50578,
              0.68318313
            ],
            [
              103.70978,
              0.8180854
            ],
            [
              105.46373,
              0.9872133
            ],
            [
              107.58601,
              1.1660478
            ],
            [
              109.41539,
              1.3094685
            ],
            [
              109.089775,
              2.7578263
            ],
            [
              108.77162,
              4.206913
            ],
            [
              108.4614,
              5.6566324
            ],
            [
              108.15835,
              7.106928
            ],
            [
              107.862595,
              8.557583
            ],
            [
              107.57384,
              10.008707
            ],
            [
              107.291916,
              11.460101
            ],
            [
              107.0168,
              12.911747
            ],
            [
              106.74816,
              14.363566
            ],
            [
              106.48611,
              15.815445
            ],
            [
              106.23053,
              17.26741
            ],
            [
              105.98114,
              18.719309
            ],
            [
              105.87516,
              19.348469
            ],
            [
              105.78866,
              19.347507
            ],
            [
              104.06578,
              19.318409
            ],
            [
              101.50803,
              19.232182
            ],
            [
              99.89411,
              19.141535
            ],
            [
              98.44165,
              19.026993
            ],
            [
              97.38563,
              18.9192
            ],
            [
              96.33808,
              18.788258
            ],
            [
              95.515785,
              18.666895
            ],
            [
              94.64689,
              18.51969
            ],
            [
              93.92569,
              18.382153
            ],
            [
              93.19035,
              18.227259
            ],
            [
              93.12395,
              18.212534
            ],
            [
              92.4256,
              18.050226
            ],
            [
              91.61168,
              17.84374
            ],
            [
              90.86789,
              17.638662
            ],
            [
              89.955956,
              17.366077
            ],
            [
              89.07518,
              17.081476
            ],
            [
              87.923805,
              16.680279
            ],
            [
              86.72251,
              16.230875
            ],
            [
              84.98286,
              15.535318
            ],
            [
              82.88143,
              14.643459
            ],
            [
              81.2224,
              13.91145
            ]
          ]
        ]
      },
      "properties": {
        "id": "31a235de-2cd6-4cfd-a750-a0229bf69661",
        "source": "Copernicus",
        "sensor": "S5P",
        "type": "optical",
        "datetime": "2026-08-18T07:11:43.000000Z",
        "cloud_cover": null,
        "name": "S5P_NRTI_L2__AER_AI_20260818T071149_20260818T071649_45838_03_020901_20260818T074622.nc",
        "links": [
          {
            "label": "OData詳細",
            "url": "https://catalogue.dataspace.copernicus.eu/odata/v1/Products(31a235de-2cd6-4cfd-a750-a0229bf69661)"
          },
          {
            "label": "Copernicus Browserで開く",
            "url": "https://browser.dataspace.copernicus.eu/?zoom=8&product=S5P_NRTI_L2__AER_AI_20260818T071149_20260818T071649_45838_03_020901_20260818T074622.nc"
          }
        ],
        "first_seen": "2026-08-18T10:14:17.015380+00:00"
      }
    },
    {
      "type": "Feature",
      "geometry": {
        "type": "Polygon",
        "coordinates": [
          [
            [
              81.2224,
              13.91145
            ],
            [
              81.64633,
              12.473181
            ],
            [
              82.05833,
              11.033143
            ],
            [
              82.45906,
              9.591576
            ],
            [
              82.84832,
              8.148281
            ],
            [
              83.227005,
              6.703639
            ],
            [
              83.5957,
              5.257774
            ],
            [
              83.954796,
              3.8108003
            ],
            [
              84.30428,
              2.3627014
            ],
            [
              84.64494,
              0.9137599
            ],
            [
              84.976814,
              -0.5361169
            ],
            [
              85.30039,
              -1.986554
            ],
            [
              85.61584,
              -3.4376535
            ],
            [
              85.74994,
              -4.0667133
            ],
            [
              85.82966,
              -4.0366693
            ],
            [
              87.28787,
              -3.4865816
            ],
            [
              89.654076,
              -2.601326
            ],
            [
              91.1355,
              -2.0631382
            ],
            [
              92.46808,
              -1.5997607
            ],
            [
              93.43983,
              -1.2794919
            ],
            [
              94.40851,
              -0.9786792
            ],
            [
              95.17341,
              -0.75582683
            ],
            [
              95.986855,
              -0.533993
            ],
            [
              96.66656,
              -0.36092374
            ],
            [
              97.36414,
              -0.19499956
            ],
            [
              97.42737,
              -0.18054464
            ],
            [
              98.094765,
              -0.033867814
            ],
            [
              98.87836,
              0.12470166
            ],
            [
              99.599976,
              0.25794077
            ],
            [
              100.491936,
              0.40636754
            ],
            [
              101.36065,
              0.53488624
            ],
            [
              102.50578,
              0.68318313
            ],
            [
              103.70978,
              0.8180854
            ],
            [
              105.46373,
              0.9872133
            ],
            [
              107.58601,
              1.1660478
            ],
            [
              109.41539,
              1.3094685
            ],
            [
              109.089775,
              2.7578263
            ],
            [
              108.77162,
              4.206913
            ],
            [
              108.4614,
              5.6566324
            ],
            [
              108.15835,
              7.106928
            ],
            [
              107.862595,
              8.557583
            ],
            [
              107.57384,
              10.008707
            ],
            [
              107.291916,
              11.460101
            ],
            [
              107.0168,
              12.911747
            ],
            [
              106.74816,
              14.363566
            ],
            [
              106.48611,
              15.815445
            ],
            [
              106.23053,
              17.26741
            ],
            [
              105.98114,
              18.719309
            ],
            [
              105.87516,
              19.348469
            ],
            [
              105.78866,
              19.347507
            ],
            [
              104.06578,
              19.318409
            ],
            [
              101.50803,
              19.232182
            ],
            [
              99.89411,
              19.141535
            ],
            [
              98.44165,
              19.026993
            ],
            [
              97.38563,
              18.9192
            ],
            [
              96.33808,
              18.788258
            ],
            [
              95.515785,
              18.666895
            ],
            [
              94.64689,
              18.51969
            ],
            [
              93.92569,
              18.382153
            ],
            [
              93.19035,
              18.227259
            ],
            [
              93.12395,
              18.212534
            ],
            [
              92.4256,
              18.050226
            ],
            [
              91.61168,
              17.84374
            ],
            [
              90.86789,
              17.638662
            ],
            [
              89.955956,
              17.366077
            ],
            [
              89.07518,
              17.081476
            ],
            [
              87.923805,
              16.680279
            ],
            [
              86.72251,
              16.230875
            ],
            [
              84.98286,
              15.535318
            ],
            [
              82.88143,
              14.643459
            ],
            [
              81.2224,
              13.91145
            ]
          ]
        ]
      },
      "properties": {
        "id": "35f64702-2607-42c3-92b3-f4ec5a3b93de",
        "source": "Copernicus",
        "sensor": "S5P",
        "type": "optical",
        "datetime": "2026-08-18T07:11:43.000000Z",
        "cloud_cover": null,
        "name": "S5P_NRTI_L2__HCHO___20260818T071149_20260818T071649_45838_03_020800_20260818T075200.nc",
        "links": [
          {
            "label": "OData詳細",
            "url": "https://catalogue.dataspace.copernicus.eu/odata/v1/Products(35f64702-2607-42c3-92b3-f4ec5a3b93de)"
          },
          {
            "label": "Copernicus Browserで開く",
            "url": "https://browser.dataspace.copernicus.eu/?zoom=8&product=S5P_NRTI_L2__HCHO___20260818T071149_20260818T071649_45838_03_020800_20260818T075200.nc"
          }
        ],
        "first_seen": "2026-08-18T10:14:17.015380+00:00"
      }
    },
    {
      "type": "Feature",
      "geometry": {
        "type": "Polygon",
        "coordinates": [
          [
            [
              81.2224,
              13.91145
            ],
            [
              81.64633,
              12.473181
            ],
            [
              82.05833,
              11.033143
            ],
            [
              82.45906,
              9.591576
            ],
            [
              82.84832,
              8.148281
            ],
            [
              83.227005,
              6.703639
            ],
            [
              83.5957,
              5.257774
            ],
            [
              83.954796,
              3.8108003
            ],
            [
              84.30428,
              2.3627014
            ],
            [
              84.64494,
              0.9137599
            ],
            [
              84.976814,
              -0.5361169
            ],
            [
              85.30039,
              -1.986554
            ],
            [
              85.61584,
              -3.4376535
            ],
            [
              85.74994,
              -4.0667133
            ],
            [
              85.82966,
              -4.0366693
            ],
            [
              87.28787,
              -3.4865816
            ],
            [
              89.654076,
              -2.601326
            ],
            [
              91.1355,
              -2.0631382
            ],
            [
              92.46808,
              -1.5997607
            ],
            [
              93.43983,
              -1.2794919
            ],
            [
              94.40851,
              -0.9786792
            ],
            [
              95.17341,
              -0.75582683
            ],
            [
              95.986855,
              -0.533993
            ],
            [
              96.66656,
              -0.36092374
            ],
            [
              97.36414,
              -0.19499956
            ],
            [
              97.42737,
              -0.18054464
            ],
            [
              98.094765,
              -0.033867814
            ],
            [
              98.87836,
              0.12470166
            ],
            [
              99.599976,
              0.25794077
            ],
            [
              100.491936,
              0.40636754
            ],
            [
              101.36065,
              0.53488624
            ],
            [
              102.50578,
              0.68318313
            ],
            [
              103.70978,
              0.8180854
            ],
            [
              105.46373,
              0.9872133
            ],
            [
              107.58601,
              1.1660478
            ],
            [
              109.41539,
              1.3094685
            ],
            [
              109.089775,
              2.7578263
            ],
            [
              108.77162,
              4.206913
            ],
            [
              108.4614,
              5.6566324
            ],
            [
              108.15835,
              7.106928
            ],
            [
              107.862595,
              8.557583
            ],
            [
              107.57384,
              10.008707
            ],
            [
              107.291916,
              11.460101
            ],
            [
              107.0168,
              12.911747
            ],
            [
              106.74816,
              14.363566
            ],
            [
              106.48611,
              15.815445
            ],
            [
              106.23053,
              17.26741
            ],
            [
              105.98114,
              18.719309
            ],
            [
              105.87516,
              19.348469
            ],
            [
              105.78866,
              19.347507
            ],
            [
              104.06578,
              19.318409
            ],
            [
              101.50803,
              19.232182
            ],
            [
              99.89411,
              19.141535
            ],
            [
              98.44165,
              19.026993
            ],
            [
              97.38563,
              18.9192
            ],
            [
              96.33808,
              18.788258
            ],
            [
              95.515785,
              18.666895
            ],
            [
              94.64689,
              18.51969
            ],
            [
              93.92569,
              18.382153
            ],
            [
              93.19035,
              18.227259
            ],
            [
              93.12395,
              18.212534
            ],
            [
              92.4256,
              18.050226
            ],
            [
              91.61168,
              17.84374
            ],
            [
              90.86789,
              17.638662
            ],
            [
              89.955956,
              17.366077
            ],
            [
              89.07518,
              17.081476
            ],
            [
              87.923805,
              16.680279
            ],
            [
              86.72251,
              16.230875
            ],
            [
              84.98286,
              15.535318
            ],
            [
              82.88143,
              14.643459
            ],
            [
              81.2224,
              13.91145
            ]
          ]
        ]
      },
      "properties": {
        "id": "3c7c6afb-88f2-4152-befb-56babccf9cb0",
        "source": "Copernicus",
        "sensor": "S5P",
        "type": "optical",
        "datetime": "2026-08-18T07:11:43.000000Z",
        "cloud_cover": null,
        "name": "S5P_NRTI_L2__CLOUD__20260818T071149_20260818T071649_45838_03_020800_20260818T074619.nc",
        "links": [
          {
            "label": "OData詳細",
            "url": "https://catalogue.dataspace.copernicus.eu/odata/v1/Products(3c7c6afb-88f2-4152-befb-56babccf9cb0)"
          },
          {
            "label": "Copernicus Browserで開く",
            "url": "https://browser.dataspace.copernicus.eu/?zoom=8&product=S5P_NRTI_L2__CLOUD__20260818T071149_20260818T071649_45838_03_020800_20260818T074619.nc"
          }
        ],
        "first_seen": "2026-08-18T10:14:17.015380+00:00"
      }
    },
    {
      "type": "Feature",
      "geometry": {
        "type": "Polygon",
        "coordinates": [
          [
            [
              81.32917,
              13.959199
            ],
            [
              81.75278,
              12.520285
            ],
            [
              82.1645,
              11.079615
            ],
            [
              82.56502,
              9.637425
            ],
            [
              82.95414,
              8.193524
            ],
            [
              83.33275,
              6.7482867
            ],
            [
              83.70143,
              5.301834
            ],
            [
              84.06057,
              3.8542814
            ],
            [
              84.41017,
              2.405613
            ],
            [
              84.751015,
              0.9561071
            ],
            [
              85.08313,
              -0.49432638
            ],
            [
              85.40702,
              -1.9453167
            ],
            [
              85.722855,
              -3.3969646
            ],
            [
              85.85715,
              -4.02626
            ],
            [
              85.93547,
              -3.996735
            ],
            [
              87.66546,
              -3.3442662
            ],
            [
              89.751144,
              -2.5655286
            ],
            [
              91.27356,
              -2.0140643
            ],
            [
              92.481964,
              -1.5950822
            ],
            [
              93.49622,
              -1.2614613
            ],
            [
              94.38379,
              -0.9861215
            ],
            [
              95.187004,
              -0.75200754
            ],
            [
              95.93496,
              -0.5476879
            ],
            [
              96.649475,
              -0.36515695
            ],
            [
              97.34843,
              -0.19862868
            ],
            [
              97.41176,
              -0.1841259
            ],
            [
              98.048,
              -0.043818347
            ],
            [
              98.76438,
              0.10252218
            ],
            [
              99.515495,
              0.24294092
            ],
            [
              100.323074,
              0.37957525
            ],
            [
              101.215836,
              0.51447
            ],
            [
              102.23488,
              0.6500344
            ],
            [
              103.44412,
              0.78987193
            ],
            [
              104.95341,
              0.9406071
            ],
            [
              106.97964,
              1.1168373
            ],
            [
              108.90314,
              1.2698706
            ],
            [
              109.456276,
              1.3126659
            ],
            [
              109.1307,
              2.7608013
            ],
            [
              108.81261,
              4.209667
            ],
            [
              108.50247,
              5.6591682
            ],
            [
              108.19954,
              7.1092463
            ],
            [
              107.90392,
              8.559686
            ],
            [
              107.61533,
              10.010594
            ],
            [
              107.33362,
              11.461774
            ],
            [
              107.05873,
              12.913207
            ],
            [
              106.79036,
              14.364812
            ],
            [
              106.528595,
              15.816477
            ],
            [
              106.273346,
              17.268229
            ],
            [
              106.024315,
              18.719913
            ],
            [
              105.9185,
              19.34898
            ],
            [
              105.8314,
              19.348032
            ],
            [
              104.03228,
              19.317652
            ],
            [
              101.66175,
              19.239141
            ],
            [
              99.94303,
              19.144785
            ],
            [
              98.58986,
              19.040342
            ],
            [
              97.46434,
              18.928017
            ],
            [
              96.4888,
              18.808662
            ],
            [
              95.61458,
              18.68236
            ],
            [
              94.80844,
              18.54855
            ],
            [
              94.04584,
              18.406023
            ],
            [
              93.307076,
              18.252821
            ],
            [
              93.24049,
              18.238274
            ],
            [
              92.57494,
              18.086065
            ],
            [
              91.83282,
              17.901676
            ],
            [
              91.06297,
              17.693945
            ],
            [
              90.24455,
              17.454807
            ],
            [
              89.3506,
              17.172632
            ],
            [
              88.34313,
              16.829985
            ],
            [
              87.16362,
              16.399202
            ],
            [
              85.71218,
              15.832534
            ],
            [
              83.79303,
              15.03605
            ],
            [
              81.85481,
              14.192892
            ],
            [
              81.32917,
              13.959199
            ]
          ]
        ]
      },
      "properties": {
        "id": "641e4a1b-5a07-4db5-97c6-ae97a46ecb4d",
        "source": "Copernicus",
        "sensor": "S5P",
        "type": "optical",
        "datetime": "2026-08-18T07:11:43.000000Z",
        "cloud_cover": null,
        "name": "S5P_NRTI_L2__AER_LH_20260818T071149_20260818T071649_45838_03_020901_20260818T075201.nc",
        "links": [
          {
            "label": "OData詳細",
            "url": "https://catalogue.dataspace.copernicus.eu/odata/v1/Products(641e4a1b-5a07-4db5-97c6-ae97a46ecb4d)"
          },
          {
            "label": "Copernicus Browserで開く",
            "url": "https://browser.dataspace.copernicus.eu/?zoom=8&product=S5P_NRTI_L2__AER_LH_20260818T071149_20260818T071649_45838_03_020901_20260818T075201.nc"
          }
        ],
        "first_seen": "2026-08-18T10:14:17.015380+00:00"
      }
    },
    {
      "type": "Feature",
      "geometry": {
        "type": "Polygon",
        "coordinates": [
          [
            [
              81.2224,
              13.91145
            ],
            [
              81.64633,
              12.473181
            ],
            [
              82.05833,
              11.033143
            ],
            [
              82.45906,
              9.591576
            ],
            [
              82.84832,
              8.148281
            ],
            [
              83.227005,
              6.703639
            ],
            [
              83.5957,
              5.257774
            ],
            [
              83.954796,
              3.8108003
            ],
            [
              84.30428,
              2.3627014
            ],
            [
              84.64494,
              0.9137599
            ],
            [
              84.976814,
              -0.5361169
            ],
            [
              85.30039,
              -1.986554
            ],
            [
              85.61584,
              -3.4376535
            ],
            [
              85.74994,
              -4.0667133
            ],
            [
              85.82966,
              -4.0366693
            ],
            [
              87.28787,
              -3.4865816
            ],
            [
              89.654076,
              -2.601326
            ],
            [
              91.1355,
              -2.0631382
            ],
            [
              92.46808,
              -1.5997607
            ],
            [
              93.43983,
              -1.2794919
            ],
            [
              94.40851,
              -0.9786792
            ],
            [
              95.17341,
              -0.75582683
            ],
            [
              95.986855,
              -0.533993
            ],
            [
              96.66656,
              -0.36092374
            ],
            [
              97.36414,
              -0.19499956
            ],
            [
              97.42737,
              -0.18054464
            ],
            [
              98.094765,
              -0.033867814
            ],
            [
              98.87836,
              0.12470166
            ],
            [
              99.599976,
              0.25794077
            ],
            [
              100.491936,
              0.40636754
            ],
            [
              101.36065,
              0.53488624
            ],
            [
              102.50578,
              0.68318313
            ],
            [
              103.70978,
              0.8180854
            ],
            [
              105.46373,
              0.9872133
            ],
            [
              107.58601,
              1.1660478
            ],
            [
              109.41539,
              1.3094685
            ],
            [
              109.089775,
              2.7578263
            ],
            [
              108.77162,
              4.206913
            ],
            [
              108.4614,
              5.6566324
            ],
            [
              108.15835,
              7.106928
            ],
            [
              107.862595,
              8.557583
            ],
            [
              107.57384,
              10.008707
            ],
            [
              107.291916,
              11.460101
            ],
            [
              107.0168,
              12.911747
            ],
            [
              106.74816,
              14.363566
            ],
            [
              106.48611,
              15.815445
            ],
            [
              106.23053,
              17.26741
            ],
            [
              105.98114,
              18.719309
            ],
            [
              105.87516,
              19.348469
            ],
            [
              105.78866,
              19.347507
            ],
            [
              104.06578,
              19.318409
            ],
            [
              101.50803,
              19.232182
            ],
            [
              99.89411,
              19.141535
            ],
            [
              98.44165,
              19.026993
            ],
            [
              97.38563,
              18.9192
            ],
            [
              96.33808,
              18.788258
            ],
            [
              95.515785,
              18.666895
            ],
            [
              94.64689,
              18.51969
            ],
            [
              93.92569,
              18.382153
            ],
            [
              93.19035,
              18.227259
            ],
            [
              93.12395,
              18.212534
            ],
            [
              92.4256,
              18.050226
            ],
            [
              91.61168,
              17.84374
            ],
            [
              90.86789,
              17.638662
            ],
            [
              89.955956,
              17.366077
            ],
            [
              89.07518,
              17.081476
            ],
            [
              87.923805,
              16.680279
            ],
            [
              86.72251,
              16.230875
            ],
            [
              84.98286,
              15.535318
            ],
            [
              82.88143,
              14.643459
            ],
            [
              81.2224,
              13.91145
            ]
          ]
        ]
      },
      "properties": {
        "id": "9dc4d200-8964-418d-9dea-e7774686c4c6",
        "source": "Copernicus",
        "sensor": "S5P",
        "type": "optical",
        "datetime": "2026-08-18T07:11:43.000000Z",
        "cloud_cover": null,
        "name": "S5P_NRTI_L2__O3_____20260818T071149_20260818T071649_45838_03_020800_20260818T075158.nc",
        "links": [
          {
            "label": "OData詳細",
            "url": "https://catalogue.dataspace.copernicus.eu/odata/v1/Products(9dc4d200-8964-418d-9dea-e7774686c4c6)"
          },
          {
            "label": "Copernicus Browserで開く",
            "url": "https://browser.dataspace.copernicus.eu/?zoom=8&product=S5P_NRTI_L2__O3_____20260818T071149_20260818T071649_45838_03_020800_20260818T075158.nc"
          }
        ],
        "first_seen": "2026-08-18T10:14:17.015380+00:00"
      }
    },
    {
      "type": "Feature",
      "geometry": {
        "type": "Polygon",
        "coordinates": [
          [
            [
              81.28255,
              13.561262
            ],
            [
              81.703926,
              12.1226225
            ],
            [
              82.11347,
              10.68223
            ],
            [
              82.511856,
              9.24033
            ],
            [
              82.89886,
              7.7966986
            ],
            [
              83.27537,
              6.3517303
            ],
            [
              83.64197,
              4.9055505
            ],
            [
              83.99902,
              3.4582717
            ],
            [
              84.346535,
              2.0098674
            ],
            [
              84.68527,
              0.56063
            ],
            [
              85.01526,
              -0.8895409
            ],
            [
              85.337,
              -2.3402631
            ],
            [
              85.65064,
              -3.7916448
            ],
            [
              85.78395,
              -4.4207315
            ],
            [
              86.09966,
              -4.292331
            ],
            [
              88.34649,
              -3.3801725
            ],
            [
              90.38969,
              -2.5676649
            ],
            [
              91.5477,
              -2.1245506
            ],
            [
              92.804825,
              -1.6668812
            ],
            [
              93.60682,
              -1.3915339
            ],
            [
              94.553,
              -1.0866523
            ],
            [
              95.198746,
              -0.89221585
            ],
            [
              96.00406,
              -0.6660791
            ],
            [
              96.58155,
              -0.5152808
            ],
            [
              97.33477,
              -0.3328763
            ],
            [
              97.89851,
              -0.20687182
            ],
            [
              98.66519,
              -0.04981995
            ],
            [
              99.26372,
              0.061467905
            ],
            [
              100.11436,
              0.20302448
            ],
            [
              100.810234,
              0.3050179
            ],
            [
              101.85246,
              0.4366544
            ],
            [
              102.75723,
              0.53309107
            ],
            [
              104.21566,
              0.6610883
            ],
            [
              105.60438,
              0.7602737
            ],
            [
              108.17526,
              0.9107257
            ],
            [
              109.353584,
              0.972404
            ],
            [
              109.02616,
              2.421205
            ],
            [
              108.70618,
              3.8707411
            ],
            [
              108.39408,
              5.320902
            ],
            [
              108.08912,
              6.7716417
            ],
            [
              107.791405,
              8.22274
            ],
            [
              107.500626,
              9.674305
            ],
            [
              107.21662,
              11.1261425
            ],
            [
              106.93936,
              12.578231
            ],
            [
              106.6685,
              14.030495
            ],
            [
              106.404144,
              15.482819
            ],
            [
              106.14617,
              16.93523
            ],
            [
              105.894295,
              18.38758
            ],
            [
              105.78722,
              19.016838
            ],
            [
              105.45261,
              19.020792
            ],
            [
              103.03793,
              19.025272
            ],
            [
              100.80755,
              18.980156
            ],
            [
              99.53737,
              18.924685
            ],
            [
              98.15992,
              18.8319
            ],
            [
              97.28461,
              18.75156
            ],
            [
              96.25772,
              18.63272
            ],
            [
              95.56147,
              18.535627
            ],
            [
              94.69923,
              18.395706
            ],
            [
              94.08537,
              18.282385
            ],
            [
              93.2906,
              18.118355
            ],
            [
              92.70024,
              17.98368
            ],
            [
              91.90363,
              17.784367
            ],
            [
              91.2868,
              17.616003
            ],
            [
              90.41767,
              17.357943
            ],
            [
              89.712975,
              17.131088
            ],
            [
              88.66717,
              16.766731
            ],
            [
              87.767296,
              16.428907
            ],
            [
              86.328354,
              15.848727
            ],
            [
              84.9661,
              15.262884
            ],
            [
              82.44537,
              14.112479
            ],
            [
              81.28255,
              13.561262
            ]
          ]
        ]
      },
      "properties": {
        "id": "af64e95a-42cd-41c2-97d9-d0d424bd6736",
        "source": "Copernicus",
        "sensor": "S5P",
        "type": "optical",
        "datetime": "2026-08-18T07:11:43.000000Z",
        "cloud_cover": null,
        "name": "S5P_NRTI_L2__CO_____20260818T071149_20260818T071649_45838_03_020901_20260818T074618.nc",
        "links": [
          {
            "label": "OData詳細",
            "url": "https://catalogue.dataspace.copernicus.eu/odata/v1/Products(af64e95a-42cd-41c2-97d9-d0d424bd6736)"
          },
          {
            "label": "Copernicus Browserで開く",
            "url": "https://browser.dataspace.copernicus.eu/?zoom=8&product=S5P_NRTI_L2__CO_____20260818T071149_20260818T071649_45838_03_020901_20260818T074618.nc"
          }
        ],
        "first_seen": "2026-08-18T10:14:17.015380+00:00"
      }
    },
    {
      "type": "Feature",
      "geometry": {
        "type": "Polygon",
        "coordinates": [
          [
            [
              81.2224,
              13.91145
            ],
            [
              81.64633,
              12.473181
            ],
            [
              82.05833,
              11.033143
            ],
            [
              82.45906,
              9.591576
            ],
            [
              82.84832,
              8.148281
            ],
            [
              83.227005,
              6.703639
            ],
            [
              83.5957,
              5.257774
            ],
            [
              83.954796,
              3.8108003
            ],
            [
              84.30428,
              2.3627014
            ],
            [
              84.64494,
              0.9137599
            ],
            [
              84.976814,
              -0.5361169
            ],
            [
              85.30039,
              -1.986554
            ],
            [
              85.61584,
              -3.4376535
            ],
            [
              85.74994,
              -4.0667133
            ],
            [
              85.82966,
              -4.0366693
            ],
            [
              87.28787,
              -3.4865816
            ],
            [
              89.654076,
              -2.601326
            ],
            [
              91.1355,
              -2.0631382
            ],
            [
              92.46808,
              -1.5997607
            ],
            [
              93.43983,
              -1.2794919
            ],
            [
              94.40851,
              -0.9786792
            ],
            [
              95.17341,
              -0.75582683
            ],
            [
              95.986855,
              -0.533993
            ],
            [
              96.66656,
              -0.36092374
            ],
            [
              97.36414,
              -0.19499956
            ],
            [
              97.42737,
              -0.18054464
            ],
            [
              98.094765,
              -0.033867814
            ],
            [
              98.87836,
              0.12470166
            ],
            [
              99.599976,
              0.25794077
            ],
            [
              100.491936,
              0.40636754
            ],
            [
              101.36065,
              0.53488624
            ],
            [
              102.50578,
              0.68318313
            ],
            [
              103.70978,
              0.8180854
            ],
            [
              105.46373,
              0.9872133
            ],
            [
              107.58601,
              1.1660478
            ],
            [
              109.41539,
              1.3094685
            ],
            [
              109.089775,
              2.7578263
            ],
            [
              108.77162,
              4.206913
            ],
            [
              108.4614,
              5.6566324
            ],
            [
              108.15835,
              7.106928
            ],
            [
              107.862595,
              8.557583
            ],
            [
              107.57384,
              10.008707
            ],
            [
              107.291916,
              11.460101
            ],
            [
              107.0168,
              12.911747
            ],
            [
              106.74816,
              14.363566
            ],
            [
              106.48611,
              15.815445
            ],
            [
              106.23053,
              17.26741
            ],
            [
              105.98114,
              18.719309
            ],
            [
              105.87516,
              19.348469
            ],
            [
              105.78866,
              19.347507
            ],
            [
              104.06578,
              19.318409
            ],
            [
              101.50803,
              19.232182
            ],
            [
              99.89411,
              19.141535
            ],
            [
              98.44165,
              19.026993
            ],
            [
              97.38563,
              18.9192
            ],
            [
              96.33808,
              18.788258
            ],
            [
              95.515785,
              18.666895
            ],
            [
              94.64689,
              18.51969
            ],
            [
              93.92569,
              18.382153
            ],
            [
              93.19035,
              18.227259
            ],
            [
              93.12395,
              18.212534
            ],
            [
              92.4256,
              18.050226
            ],
            [
              91.61168,
              17.84374
            ],
            [
              90.86789,
              17.638662
            ],
            [
              89.955956,
              17.366077
            ],
            [
              89.07518,
              17.081476
            ],
            [
              87.923805,
              16.680279
            ],
            [
              86.72251,
              16.230875
            ],
            [
              84.98286,
              15.535318
            ],
            [
              82.88143,
              14.643459
            ],
            [
              81.2224,
              13.91145
            ]
          ]
        ]
      },
      "properties": {
        "id": "c9453038-c2e3-4c6c-b219-636427f0de04",
        "source": "Copernicus",
        "sensor": "S5P",
        "type": "optical",
        "datetime": "2026-08-18T07:11:43.000000Z",
        "cloud_cover": null,
        "name": "S5P_NRTI_L2__NO2____20260818T071149_20260818T071649_45838_03_020901_20260818T075202.nc",
        "links": [
          {
            "label": "OData詳細",
            "url": "https://catalogue.dataspace.copernicus.eu/odata/v1/Products(c9453038-c2e3-4c6c-b219-636427f0de04)"
          },
          {
            "label": "Copernicus Browserで開く",
            "url": "https://browser.dataspace.copernicus.eu/?zoom=8&product=S5P_NRTI_L2__NO2____20260818T071149_20260818T071649_45838_03_020901_20260818T075202.nc"
          }
        ],
        "first_seen": "2026-08-18T10:14:17.015380+00:00"
      }
    },
    {
      "type": "Feature",
      "geometry": {
        "type": "Polygon",
        "coordinates": [
          [
            [
              81.28255,
              13.561262
            ],
            [
              81.703926,
              12.1226225
            ],
            [
              82.11347,
              10.68223
            ],
            [
              82.511856,
              9.24033
            ],
            [
              82.89886,
              7.7966986
            ],
            [
              83.27537,
              6.3517303
            ],
            [
              83.64197,
              4.9055505
            ],
            [
              83.99902,
              3.4582717
            ],
            [
              84.346535,
              2.0098674
            ],
            [
              84.68527,
              0.56063
            ],
            [
              85.01526,
              -0.8895409
            ],
            [
              85.337,
              -2.3402631
            ],
            [
              85.65064,
              -3.7916448
            ],
            [
              85.78395,
              -4.4207315
            ],
            [
              86.09966,
              -4.292331
            ],
            [
              88.34649,
              -3.3801725
            ],
            [
              90.38969,
              -2.5676649
            ],
            [
              91.5477,
              -2.1245506
            ],
            [
              92.804825,
              -1.6668812
            ],
            [
              93.60682,
              -1.3915339
            ],
            [
              94.553,
              -1.0866523
            ],
            [
              95.198746,
              -0.89221585
            ],
            [
              96.00406,
              -0.6660791
            ],
            [
              96.58155,
              -0.5152808
            ],
            [
              97.33477,
              -0.3328763
            ],
            [
              97.89851,
              -0.20687182
            ],
            [
              98.66519,
              -0.04981995
            ],
            [
              99.26372,
              0.061467905
            ],
            [
              100.11436,
              0.20302448
            ],
            [
              100.810234,
              0.3050179
            ],
            [
              101.85246,
              0.4366544
            ],
            [
              102.75723,
              0.53309107
            ],
            [
              104.21566,
              0.6610883
            ],
            [
              105.60438,
              0.7602737
            ],
            [
              108.17526,
              0.9107257
            ],
            [
              109.353584,
              0.972404
            ],
            [
              109.02616,
              2.421205
            ],
            [
              108.70618,
              3.8707411
            ],
            [
              108.39408,
              5.320902
            ],
            [
              108.08912,
              6.7716417
            ],
            [
              107.791405,
              8.22274
            ],
            [
              107.500626,
              9.674305
            ],
            [
              107.21662,
              11.1261425
            ],
            [
              106.93936,
              12.578231
            ],
            [
              106.6685,
              14.030495
            ],
            [
              106.404144,
              15.482819
            ],
            [
              106.14617,
              16.93523
            ],
            [
              105.894295,
              18.38758
            ],
            [
              105.78722,
              19.016838
            ],
            [
              105.45261,
              19.020792
            ],
            [
              103.03793,
              19.025272
            ],
            [
              100.80755,
              18.980156
            ],
            [
              99.53737,
              18.924685
            ],
            [
              98.15992,
              18.8319
            ],
            [
              97.28461,
              18.75156
            ],
            [
              96.25772,
              18.63272
            ],
            [
              95.56147,
              18.535627
            ],
            [
              94.69923,
              18.395706
            ],
            [
              94.08537,
              18.282385
            ],
            [
              93.2906,
              18.118355
            ],
            [
              92.70024,
              17.98368
            ],
            [
              91.90363,
              17.784367
            ],
            [
              91.2868,
              17.616003
            ],
            [
              90.41767,
              17.357943
            ],
            [
              89.712975,
              17.131088
            ],
            [
              88.66717,
              16.766731
            ],
            [
              87.767296,
              16.428907
            ],
            [
              86.328354,
              15.848727
            ],
            [
              84.9661,
              15.262884
            ],
            [
              82.44537,
              14.112479
            ],
            [
              81.28255,
              13.561262
            ]
          ]
        ]
      },
      "properties": {
        "id": "d46517c4-1c4f-490b-8838-986f1e9c6b21",
        "source": "Copernicus",
        "sensor": "S5P",
        "type": "optical",
        "datetime": "2026-08-18T07:11:43.000000Z",
        "cloud_cover": null,
        "name": "S5P_NRTI_L2__CH4____20260818T071149_20260818T071649_45838_03_020901_20260818T075159.nc",
        "links": [
          {
            "label": "OData詳細",
            "url": "https://catalogue.dataspace.copernicus.eu/odata/v1/Products(d46517c4-1c4f-490b-8838-986f1e9c6b21)"
          },
          {
            "label": "Copernicus Browserで開く",
            "url": "https://browser.dataspace.copernicus.eu/?zoom=8&product=S5P_NRTI_L2__CH4____20260818T071149_20260818T071649_45838_03_020901_20260818T075159.nc"
          }
        ],
        "first_seen": "2026-08-18T10:14:17.015380+00:00"
      }
    },
    {
      "type": "Feature",
      "geometry": {
        "type": "Polygon",
        "coordinates": [
          [
            [
              81.2224,
              13.91145
            ],
            [
              81.64633,
              12.473181
            ],
            [
              82.05833,
              11.033143
            ],
            [
              82.45906,
              9.591576
            ],
            [
              82.84832,
              8.148281
            ],
            [
              83.227005,
              6.703639
            ],
            [
              83.5957,
              5.257774
            ],
            [
              83.954796,
              3.8108003
            ],
            [
              84.30428,
              2.3627014
            ],
            [
              84.64494,
              0.9137599
            ],
            [
              84.976814,
              -0.5361169
            ],
            [
              85.30039,
              -1.986554
            ],
            [
              85.61584,
              -3.4376535
            ],
            [
              85.74994,
              -4.0667133
            ],
            [
              85.82966,
              -4.0366693
            ],
            [
              87.28787,
              -3.4865816
            ],
            [
              89.654076,
              -2.601326
            ],
            [
              91.1355,
              -2.0631382
            ],
            [
              92.46808,
              -1.5997607
            ],
            [
              93.43983,
              -1.2794919
            ],
            [
              94.40851,
              -0.9786792
            ],
            [
              95.17341,
              -0.75582683
            ],
            [
              95.986855,
              -0.533993
            ],
            [
              96.66656,
              -0.36092374
            ],
            [
              97.36414,
              -0.19499956
            ],
            [
              97.42737,
              -0.18054464
            ],
            [
              98.094765,
              -0.033867814
            ],
            [
              98.87836,
              0.12470166
            ],
            [
              99.599976,
              0.25794077
            ],
            [
              100.491936,
              0.40636754
            ],
            [
              101.36065,
              0.53488624
            ],
            [
              102.50578,
              0.68318313
            ],
            [
              103.70978,
              0.8180854
            ],
            [
              105.46373,
              0.9872133
            ],
            [
              107.58601,
              1.1660478
            ],
            [
              109.41539,
              1.3094685
            ],
            [
              109.089775,
              2.7578263
            ],
            [
              108.77162,
              4.206913
            ],
            [
              108.4614,
              5.6566324
            ],
            [
              108.15835,
              7.106928
            ],
            [
              107.862595,
              8.557583
            ],
            [
              107.57384,
              10.008707
            ],
            [
              107.291916,
              11.460101
            ],
            [
              107.0168,
              12.911747
            ],
            [
              106.74816,
              14.363566
            ],
            [
              106.48611,
              15.815445
            ],
            [
              106.23053,
              17.26741
            ],
            [
              105.98114,
              18.719309
            ],
            [
              105.87516,
              19.348469
            ],
            [
              105.78866,
              19.347507
            ],
            [
              104.06578,
              19.318409
            ],
            [
              101.50803,
              19.232182
            ],
            [
              99.89411,
              19.141535
            ],
            [
              98.44165,
              19.026993
            ],
            [
              97.38563,
              18.9192
            ],
            [
              96.33808,
              18.788258
            ],
            [
              95.515785,
              18.666895
            ],
            [
              94.64689,
              18.51969
            ],
            [
              93.92569,
              18.382153
            ],
            [
              93.19035,
              18.227259
            ],
            [
              93.12395,
              18.212534
            ],
            [
              92.4256,
              18.050226
            ],
            [
              91.61168,
              17.84374
            ],
            [
              90.86789,
              17.638662
            ],
            [
              89.955956,
              17.366077
            ],
            [
              89.07518,
              17.081476
            ],
            [
              87.923805,
              16.680279
            ],
            [
              86.72251,
              16.230875
            ],
            [
              84.98286,
              15.535318
            ],
            [
              82.88143,
              14.643459
            ],
            [
              81.2224,
              13.91145
            ]
          ]
        ]
      },
      "properties": {
        "id": "d67d917c-8509-4ce9-a732-eb540989e733",
        "source": "Copernicus",
        "sensor": "S5P",
        "type": "optical",
        "datetime": "2026-08-18T07:11:43.000000Z",
        "cloud_cover": null,
        "name": "S5P_NRTI_L2__SO2____20260818T071149_20260818T071649_45838_03_020800_20260818T075257.nc",
        "links": [
          {
            "label": "OData詳細",
            "url": "https://catalogue.dataspace.copernicus.eu/odata/v1/Products(d67d917c-8509-4ce9-a732-eb540989e733)"
          },
          {
            "label": "Copernicus Browserで開く",
            "url": "https://browser.dataspace.copernicus.eu/?zoom=8&product=S5P_NRTI_L2__SO2____20260818T071149_20260818T071649_45838_03_020800_20260818T075257.nc"
          }
        ],
        "first_seen": "2026-08-18T10:14:17.015380+00:00"
      }
    },
    {
      "type": "Feature",
      "geometry": {
        "type": "Polygon",
        "coordinates": [
          [
            [
              81.15381,
              13.468732
            ],
            [
              81.57535,
              12.030872
            ],
            [
              81.984985,
              10.591248
            ],
            [
              82.38339,
              9.150102
            ],
            [
              82.77034,
              7.7072062
            ],
            [
              83.14672,
              6.262962
            ],
            [
              83.513115,
              4.817496
            ],
            [
              83.8699,
              3.3709226
            ],
            [
              84.21705,
              1.9232112
            ],
            [
              84.55536,
              0.47466138
            ],
            [
              84.884834,
              -0.9748312
            ],
            [
              85.20598,
              -2.4248786
            ],
            [
              85.51894,
              -3.8755908
            ],
            [
              85.65195,
              -4.5044885
            ],
            [
              85.973885,
              -4.37304
            ],
            [
              86.56745,
              -4.1305065
            ],
            [
              88.46304,
              -3.3580546
            ],
            [
              89.214935,
              -3.054818
            ],
            [
              90.74673,
              -2.4495516
            ],
            [
              91.26047,
              -2.2521086
            ],
            [
              92.57912,
              -1.7638799
            ],
            [
              93.32597,
              -1.5022357
            ],
            [
              94.9142,
              -0.99094117
            ],
            [
              95.47815,
              -0.82589334
            ],
            [
              96.79667,
              -0.4757493
            ],
            [
              97.30664,
              -0.35380352
            ],
            [
              98.5938,
              -0.07907752
            ],
            [
              99.130615,
              0.021703953
            ],
            [
              100.59671,
              0.25724787
            ],
            [
              101.2614,
              0.34614837
            ],
            [
              103.04107,
              0.5381023
            ],
            [
              103.51429,
              0.5798085
            ],
            [
              104.88935,
              0.6845029
            ],
            [
              105.54195,
              0.7274411
            ],
            [
              107.57626,
              0.8433852
            ],
            [
              108.350426,
              0.8829354
            ],
            [
              109.56537,
              0.94234395
            ],
            [
              109.23785,
              2.3900058
            ],
            [
              108.9179,
              3.8384151
            ],
            [
              108.60598,
              5.287458
            ],
            [
              108.30134,
              6.737089
            ],
            [
              108.00408,
              8.187084
            ],
            [
              107.71391,
              9.637553
            ],
            [
              107.43067,
              11.088297
            ],
            [
              107.15432,
              12.539296
            ],
            [
              106.884514,
              13.990471
            ],
            [
              106.621376,
              15.441707
            ],
            [
              106.364784,
              16.893028
            ],
            [
              106.11445,
              18.34429
            ],
            [
              106.00808,
              18.97317
            ],
            [
              105.662605,
              18.978743
            ],
            [
              105.022644,
              18.987022
            ],
            [
              102.957825,
              18.992771
            ],
            [
              102.13228,
              18.984253
            ],
            [
              100.444534,
              18.94172
            ],
            [
              99.87797,
              18.918308
            ],
            [
              98.42622,
              18.832142
            ],
            [
              97.60748,
              18.764082
            ],
            [
              95.880936,
              18.56518
            ],
            [
              95.2739,
              18.475409
            ],
            [
              93.86907,
              18.224937
            ],
            [
              93.33143,
              18.11284
            ],
            [
              91.98915,
              17.792713
            ],
            [
              91.435684,
              17.643694
            ],
            [
              89.94288,
              17.191942
            ],
            [
              89.2747,
              16.966772
            ],
            [
              87.50811,
              16.309679
            ],
            [
              87.04289,
              16.123465
            ],
            [
              85.698746,
              15.560148
            ],
            [
              85.0637,
              15.282838
            ],
            [
              83.08897,
              14.385568
            ],
            [
              82.33713,
              14.032979
            ],
            [
              81.15381,
              13.468732
            ]
          ]
        ]
      },
      "properties": {
        "id": "f3675c05-e6d8-4500-ba07-dcdd1109b934",
        "source": "Copernicus",
        "sensor": "S5P",
        "type": "optical",
        "datetime": "2026-08-18T07:11:43.000000Z",
        "cloud_cover": null,
        "name": "S5P_NRTI_L2__O3__PR_20260818T071149_20260818T071649_45838_03_020901_20260818T075203.nc",
        "links": [
          {
            "label": "OData詳細",
            "url": "https://catalogue.dataspace.copernicus.eu/odata/v1/Products(f3675c05-e6d8-4500-ba07-dcdd1109b934)"
          },
          {
            "label": "Copernicus Browserで開く",
            "url": "https://browser.dataspace.copernicus.eu/?zoom=8&product=S5P_NRTI_L2__O3__PR_20260818T071149_20260818T071649_45838_03_020901_20260818T075203.nc"
          }
        ],
        "first_seen": "2026-08-18T10:14:17.015380+00:00"
      }
    },
    {
      "type": "Feature",
      "geometry": {
        "type": "Polygon",
        "coordinates": [
          [
            [
              81.15381,
              13.468732
            ],
            [
              81.57535,
              12.030872
            ],
            [
              81.984985,
              10.591248
            ],
            [
              82.38339,
              9.150102
            ],
            [
              82.77034,
              7.7072062
            ],
            [
              83.14672,
              6.262962
            ],
            [
              83.513115,
              4.817496
            ],
            [
              83.8699,
              3.3709226
            ],
            [
              84.21705,
              1.9232112
            ],
            [
              84.55536,
              0.47466138
            ],
            [
              84.884834,
              -0.9748312
            ],
            [
              85.20598,
              -2.4248786
            ],
            [
              85.51894,
              -3.8755908
            ],
            [
              85.65195,
              -4.5044885
            ],
            [
              85.973885,
              -4.37304
            ],
            [
              86.56745,
              -4.1305065
            ],
            [
              88.46304,
              -3.3580546
            ],
            [
              89.214935,
              -3.054818
            ],
            [
              90.74673,
              -2.4495516
            ],
            [
              91.26047,
              -2.2521086
            ],
            [
              92.57912,
              -1.7638799
            ],
            [
              93.32597,
              -1.5022357
            ],
            [
              94.9142,
              -0.99094117
            ],
            [
              95.47815,
              -0.82589334
            ],
            [
              96.79667,
              -0.4757493
            ],
            [
              97.30664,
              -0.35380352
            ],
            [
              98.5938,
              -0.07907752
            ],
            [
              99.130615,
              0.021703953
            ],
            [
              100.59671,
              0.25724787
            ],
            [
              101.2614,
              0.34614837
            ],
            [
              103.04107,
              0.5381023
            ],
            [
              103.51429,
              0.5798085
            ],
            [
              104.88935,
              0.6845029
            ],
            [
              105.54195,
              0.7274411
            ],
            [
              107.57626,
              0.8433852
            ],
            [
              108.350426,
              0.8829354
            ],
            [
              109.56537,
              0.94234395
            ],
            [
              109.23785,
              2.3900058
            ],
            [
              108.9179,
              3.8384151
            ],
            [
              108.60598,
              5.287458
            ],
            [
              108.30134,
              6.737089
            ],
            [
              108.00408,
              8.187084
            ],
            [
              107.71391,
              9.637553
            ],
            [
              107.43067,
              11.088297
            ],
            [
              107.15432,
              12.539296
            ],
            [
              106.884514,
              13.990471
            ],
            [
              106.621376,
              15.441707
            ],
            [
              106.364784,
              16.893028
            ],
            [
              106.11445,
              18.34429
            ],
            [
              106.00808,
              18.97317
            ],
            [
              105.662605,
              18.978743
            ],
            [
              105.022644,
              18.987022
            ],
            [
              102.957825,
              18.992771
            ],
            [
              102.13228,
              18.984253
            ],
            [
              100.444534,
              18.94172
            ],
            [
              99.87797,
              18.918308
            ],
            [
              98.42622,
              18.832142
            ],
            [
              97.60748,
              18.764082
            ],
            [
              95.880936,
              18.56518
            ],
            [
              95.2739,
              18.475409
            ],
            [
              93.86907,
              18.224937
            ],
            [
              93.33143,
              18.11284
            ],
            [
              91.98915,
              17.792713
            ],
            [
              91.435684,
              17.643694
            ],
            [
              89.94288,
              17.191942
            ],
            [
              89.2747,
              16.966772
            ],
            [
              87.50811,
              16.309679
            ],
            [
              87.04289,
              16.123465
            ],
            [
              85.698746,
              15.560148
            ],
            [
              85.0637,
              15.282838
            ],
            [
              83.08897,
              14.385568
            ],
            [
              82.33713,
              14.032979
            ],
            [
              81.15381,
              13.468732
            ]
          ]
        ]
      },
      "properties": {
        "id": "10645c67-6709-4d39-be74-7a9b0abc2a34",
        "source": "Copernicus",
        "sensor": "S5P",
        "type": "optical",
        "datetime": "2026-08-18T07:10:44.000000Z",
        "cloud_cover": null,
        "name": "S5P_NRTI_L1B_RA_BD6_20260818T071143_20260818T071655_45838_03_030000_20260818T074051.nc",
        "links": [
          {
            "label": "OData詳細",
            "url": "https://catalogue.dataspace.copernicus.eu/odata/v1/Products(10645c67-6709-4d39-be74-7a9b0abc2a34)"
          },
          {
            "label": "Copernicus Browserで開く",
            "url": "https://browser.dataspace.copernicus.eu/?zoom=8&product=S5P_NRTI_L1B_RA_BD6_20260818T071143_20260818T071655_45838_03_030000_20260818T074051.nc"
          }
        ],
        "first_seen": "2026-08-18T10:14:17.015380+00:00"
      }
    },
    {
      "type": "Feature",
      "geometry": {
        "type": "Polygon",
        "coordinates": [
          [
            [
              81.15381,
              13.468732
            ],
            [
              81.57535,
              12.030872
            ],
            [
              81.984985,
              10.591248
            ],
            [
              82.38339,
              9.150102
            ],
            [
              82.77034,
              7.7072062
            ],
            [
              83.14672,
              6.262962
            ],
            [
              83.513115,
              4.817496
            ],
            [
              83.8699,
              3.3709226
            ],
            [
              84.21705,
              1.9232112
            ],
            [
              84.55536,
              0.47466138
            ],
            [
              84.884834,
              -0.9748312
            ],
            [
              85.20598,
              -2.4248786
            ],
            [
              85.51894,
              -3.8755908
            ],
            [
              85.65195,
              -4.5044885
            ],
            [
              85.973885,
              -4.37304
            ],
            [
              86.56745,
              -4.1305065
            ],
            [
              88.46304,
              -3.3580546
            ],
            [
              89.214935,
              -3.054818
            ],
            [
              90.74673,
              -2.4495516
            ],
            [
              91.26047,
              -2.2521086
            ],
            [
              92.57912,
              -1.7638799
            ],
            [
              93.32597,
              -1.5022357
            ],
            [
              94.9142,
              -0.99094117
            ],
            [
              95.47815,
              -0.82589334
            ],
            [
              96.79667,
              -0.4757493
            ],
            [
              97.30664,
              -0.35380352
            ],
            [
              98.5938,
              -0.07907752
            ],
            [
              99.130615,
              0.021703953
            ],
            [
              100.59671,
              0.25724787
            ],
            [
              101.2614,
              0.34614837
            ],
            [
              103.04107,
              0.5381023
            ],
            [
              103.51429,
              0.5798085
            ],
            [
              104.88935,
              0.6845029
            ],
            [
              105.54195,
              0.7274411
            ],
            [
              107.57626,
              0.8433852
            ],
            [
              108.350426,
              0.8829354
            ],
            [
              109.56537,
              0.94234395
            ],
            [
              109.23785,
              2.3900058
            ],
            [
              108.9179,
              3.8384151
            ],
            [
              108.60598,
              5.287458
            ],
            [
              108.30134,
              6.737089
            ],
            [
              108.00408,
              8.187084
            ],
            [
              107.71391,
              9.637553
            ],
            [
              107.43067,
              11.088297
            ],
            [
              107.15432,
              12.539296
            ],
            [
              106.884514,
              13.990471
            ],
            [
              106.621376,
              15.441707
            ],
            [
              106.364784,
              16.893028
            ],
            [
              106.11445,
              18.34429
            ],
            [
              106.00808,
              18.97317
            ],
            [
              105.662605,
              18.978743
            ],
            [
              105.022644,
              18.987022
            ],
            [
              102.957825,
              18.992771
            ],
            [
              102.13228,
              18.984253
            ],
            [
              100.444534,
              18.94172
            ],
            [
              99.87797,
              18.918308
            ],
            [
              98.42622,
              18.832142
            ],
            [
              97.60748,
              18.764082
            ],
            [
              95.880936,
              18.56518
            ],
            [
              95.2739,
              18.475409
            ],
            [
              93.86907,
              18.224937
            ],
            [
              93.33143,
              18.11284
            ],
            [
              91.98915,
              17.792713
            ],
            [
              91.435684,
              17.643694
            ],
            [
              89.94288,
              17.191942
            ],
            [
              89.2747,
              16.966772
            ],
            [
              87.50811,
              16.309679
            ],
            [
              87.04289,
              16.123465
            ],
            [
              85.698746,
              15.560148
            ],
            [
              85.0637,
              15.282838
            ],
            [
              83.08897,
              14.385568
            ],
            [
              82.33713,
              14.032979
            ],
            [
              81.15381,
              13.468732
            ]
          ]
        ]
      },
      "properties": {
        "id": "18f3fefe-0882-48cd-9919-c8d89da15531",
        "source": "Copernicus",
        "sensor": "S5P",
        "type": "optical",
        "datetime": "2026-08-18T07:10:44.000000Z",
        "cloud_cover": null,
        "name": "S5P_NRTI_L1B_RA_BD2_20260818T071143_20260818T071655_45838_03_030000_20260818T074051.nc",
        "links": [
          {
            "label": "OData詳細",
            "url": "https://catalogue.dataspace.copernicus.eu/odata/v1/Products(18f3fefe-0882-48cd-9919-c8d89da15531)"
          },
          {
            "label": "Copernicus Browserで開く",
            "url": "https://browser.dataspace.copernicus.eu/?zoom=8&product=S5P_NRTI_L1B_RA_BD2_20260818T071143_20260818T071655_45838_03_030000_20260818T074051.nc"
          }
        ],
        "first_seen": "2026-08-18T10:14:17.015380+00:00"
      }
    },
    {
      "type": "Feature",
      "geometry": {
        "type": "Polygon",
        "coordinates": [
          [
            [
              81.15381,
              13.468732
            ],
            [
              81.57535,
              12.030872
            ],
            [
              81.984985,
              10.591248
            ],
            [
              82.38339,
              9.150102
            ],
            [
              82.77034,
              7.7072062
            ],
            [
              83.14672,
              6.262962
            ],
            [
              83.513115,
              4.817496
            ],
            [
              83.8699,
              3.3709226
            ],
            [
              84.21705,
              1.9232112
            ],
            [
              84.55536,
              0.47466138
            ],
            [
              84.884834,
              -0.9748312
            ],
            [
              85.20598,
              -2.4248786
            ],
            [
              85.51894,
              -3.8755908
            ],
            [
              85.65195,
              -4.5044885
            ],
            [
              85.973885,
              -4.37304
            ],
            [
              86.56745,
              -4.1305065
            ],
            [
              88.46304,
              -3.3580546
            ],
            [
              89.214935,
              -3.054818
            ],
            [
              90.74673,
              -2.4495516
            ],
            [
              91.26047,
              -2.2521086
            ],
            [
              92.57912,
              -1.7638799
            ],
            [
              93.32597,
              -1.5022357
            ],
            [
              94.9142,
              -0.99094117
            ],
            [
              95.47815,
              -0.82589334
            ],
            [
              96.79667,
              -0.4757493
            ],
            [
              97.30664,
              -0.35380352
            ],
            [
              98.5938,
              -0.07907752
            ],
            [
              99.130615,
              0.021703953
            ],
            [
              100.59671,
              0.25724787
            ],
            [
              101.2614,
              0.34614837
            ],
            [
              103.04107,
              0.5381023
            ],
            [
              103.51429,
              0.5798085
            ],
            [
              104.88935,
              0.6845029
            ],
            [
              105.54195,
              0.7274411
            ],
            [
              107.57626,
              0.8433852
            ],
            [
              108.350426,
              0.8829354
            ],
            [
              109.56537,
              0.94234395
            ],
            [
              109.23785,
              2.3900058
            ],
            [
              108.9179,
              3.8384151
            ],
            [
              108.60598,
              5.287458
            ],
            [
              108.30134,
              6.737089
            ],
            [
              108.00408,
              8.187084
            ],
            [
              107.71391,
              9.637553
            ],
            [
              107.43067,
              11.088297
            ],
            [
              107.15432,
              12.539296
            ],
            [
              106.884514,
              13.990471
            ],
            [
              106.621376,
              15.441707
            ],
            [
              106.364784,
              16.893028
            ],
            [
              106.11445,
              18.34429
            ],
            [
              106.00808,
              18.97317
            ],
            [
              105.662605,
              18.978743
            ],
            [
              105.022644,
              18.987022
            ],
            [
              102.957825,
              18.992771
            ],
            [
              102.13228,
              18.984253
            ],
            [
              100.444534,
              18.94172
            ],
            [
              99.87797,
              18.918308
            ],
            [
              98.42622,
              18.832142
            ],
            [
              97.60748,
              18.764082
            ],
            [
              95.880936,
              18.56518
            ],
            [
              95.2739,
              18.475409
            ],
            [
              93.86907,
              18.224937
            ],
            [
              93.33143,
              18.11284
            ],
            [
              91.98915,
              17.792713
            ],
            [
              91.435684,
              17.643694
            ],
            [
              89.94288,
              17.191942
            ],
            [
              89.2747,
              16.966772
            ],
            [
              87.50811,
              16.309679
            ],
            [
              87.04289,
              16.123465
            ],
            [
              85.698746,
              15.560148
            ],
            [
              85.0637,
              15.282838
            ],
            [
              83.08897,
              14.385568
            ],
            [
              82.33713,
              14.032979
            ],
            [
              81.15381,
              13.468732
            ]
          ]
        ]
      },
      "properties": {
        "id": "27d37ae6-d445-45f6-9339-e6aacda30136",
        "source": "Copernicus",
        "sensor": "S5P",
        "type": "optical",
        "datetime": "2026-08-18T07:10:44.000000Z",
        "cloud_cover": null,
        "name": "S5P_NRTI_L1B_RA_BD3_20260818T071143_20260818T071655_45838_03_030000_20260818T074051.nc",
        "links": [
          {
            "label": "OData詳細",
            "url": "https://catalogue.dataspace.copernicus.eu/odata/v1/Products(27d37ae6-d445-45f6-9339-e6aacda30136)"
          },
          {
            "label": "Copernicus Browserで開く",
            "url": "https://browser.dataspace.copernicus.eu/?zoom=8&product=S5P_NRTI_L1B_RA_BD3_20260818T071143_20260818T071655_45838_03_030000_20260818T074051.nc"
          }
        ],
        "first_seen": "2026-08-18T10:14:17.015380+00:00"
      }
    },
    {
      "type": "Feature",
      "geometry": {
        "type": "Polygon",
        "coordinates": [
          [
            [
              81.15381,
              13.468732
            ],
            [
              81.57535,
              12.030872
            ],
            [
              81.984985,
              10.591248
            ],
            [
              82.38339,
              9.150102
            ],
            [
              82.77034,
              7.7072062
            ],
            [
              83.14672,
              6.262962
            ],
            [
              83.513115,
              4.817496
            ],
            [
              83.8699,
              3.3709226
            ],
            [
              84.21705,
              1.9232112
            ],
            [
              84.55536,
              0.47466138
            ],
            [
              84.884834,
              -0.9748312
            ],
            [
              85.20598,
              -2.4248786
            ],
            [
              85.51894,
              -3.8755908
            ],
            [
              85.65195,
              -4.5044885
            ],
            [
              85.973885,
              -4.37304
            ],
            [
              86.56745,
              -4.1305065
            ],
            [
              88.46304,
              -3.3580546
            ],
            [
              89.214935,
              -3.054818
            ],
            [
              90.74673,
              -2.4495516
            ],
            [
              91.26047,
              -2.2521086
            ],
            [
              92.57912,
              -1.7638799
            ],
            [
              93.32597,
              -1.5022357
            ],
            [
              94.9142,
              -0.99094117
            ],
            [
              95.47815,
              -0.82589334
            ],
            [
              96.79667,
              -0.4757493
            ],
            [
              97.30664,
              -0.35380352
            ],
            [
              98.5938,
              -0.07907752
            ],
            [
              99.130615,
              0.021703953
            ],
            [
              100.59671,
              0.25724787
            ],
            [
              101.2614,
              0.34614837
            ],
            [
              103.04107,
              0.5381023
            ],
            [
              103.51429,
              0.5798085
            ],
            [
              104.88935,
              0.6845029
            ],
            [
              105.54195,
              0.7274411
            ],
            [
              107.57626,
              0.8433852
            ],
            [
              108.350426,
              0.8829354
            ],
            [
              109.56537,
              0.94234395
            ],
            [
              109.23785,
              2.3900058
            ],
            [
              108.9179,
              3.8384151
            ],
            [
              108.60598,
              5.287458
            ],
            [
              108.30134,
              6.737089
            ],
            [
              108.00408,
              8.187084
            ],
            [
              107.71391,
              9.637553
            ],
            [
              107.43067,
              11.088297
            ],
            [
              107.15432,
              12.539296
            ],
            [
              106.884514,
              13.990471
            ],
            [
              106.621376,
              15.441707
            ],
            [
              106.364784,
              16.893028
            ],
            [
              106.11445,
              18.34429
            ],
            [
              106.00808,
              18.97317
            ],
            [
              105.662605,
              18.978743
            ],
            [
              105.022644,
              18.987022
            ],
            [
              102.957825,
              18.992771
            ],
            [
              102.13228,
              18.984253
            ],
            [
              100.444534,
              18.94172
            ],
            [
              99.87797,
              18.918308
            ],
            [
              98.42622,
              18.832142
            ],
            [
              97.60748,
              18.764082
            ],
            [
              95.880936,
              18.56518
            ],
            [
              95.2739,
              18.475409
            ],
            [
              93.86907,
              18.224937
            ],
            [
              93.33143,
              18.11284
            ],
            [
              91.98915,
              17.792713
            ],
            [
              91.435684,
              17.643694
            ],
            [
              89.94288,
              17.191942
            ],
            [
              89.2747,
              16.966772
            ],
            [
              87.50811,
              16.309679
            ],
            [
              87.04289,
              16.123465
            ],
            [
              85.698746,
              15.560148
            ],
            [
              85.0637,
              15.282838
            ],
            [
              83.08897,
              14.385568
            ],
            [
              82.33713,
              14.032979
            ],
            [
              81.15381,
              13.468732
            ]
          ]
        ]
      },
      "properties": {
        "id": "3153ed37-44c5-487d-874c-f0ff315e780b",
        "source": "Copernicus",
        "sensor": "S5P",
        "type": "optical",
        "datetime": "2026-08-18T07:10:44.000000Z",
        "cloud_cover": null,
        "name": "S5P_NRTI_L1B_RA_BD4_20260818T071143_20260818T071655_45838_03_030000_20260818T074051.nc",
        "links": [
          {
            "label": "OData詳細",
            "url": "https://catalogue.dataspace.copernicus.eu/odata/v1/Products(3153ed37-44c5-487d-874c-f0ff315e780b)"
          },
          {
            "label": "Copernicus Browserで開く",
            "url": "https://browser.dataspace.copernicus.eu/?zoom=8&product=S5P_NRTI_L1B_RA_BD4_20260818T071143_20260818T071655_45838_03_030000_20260818T074051.nc"
          }
        ],
        "first_seen": "2026-08-18T10:14:17.015380+00:00"
      }
    },
    {
      "type": "Feature",
      "geometry": {
        "type": "Polygon",
        "coordinates": [
          [
            [
              81.15381,
              13.468732
            ],
            [
              81.57535,
              12.030872
            ],
            [
              81.984985,
              10.591248
            ],
            [
              82.38339,
              9.150102
            ],
            [
              82.77034,
              7.7072062
            ],
            [
              83.14672,
              6.262962
            ],
            [
              83.513115,
              4.817496
            ],
            [
              83.8699,
              3.3709226
            ],
            [
              84.21705,
              1.9232112
            ],
            [
              84.55536,
              0.47466138
            ],
            [
              84.884834,
              -0.9748312
            ],
            [
              85.20598,
              -2.4248786
            ],
            [
              85.51894,
              -3.8755908
            ],
            [
              85.65195,
              -4.5044885
            ],
            [
              85.973885,
              -4.37304
            ],
            [
              86.56745,
              -4.1305065
            ],
            [
              88.46304,
              -3.3580546
            ],
            [
              89.214935,
              -3.054818
            ],
            [
              90.74673,
              -2.4495516
            ],
            [
              91.26047,
              -2.2521086
            ],
            [
              92.57912,
              -1.7638799
            ],
            [
              93.32597,
              -1.5022357
            ],
            [
              94.9142,
              -0.99094117
            ],
            [
              95.47815,
              -0.82589334
            ],
            [
              96.79667,
              -0.4757493
            ],
            [
              97.30664,
              -0.35380352
            ],
            [
              98.5938,
              -0.07907752
            ],
            [
              99.130615,
              0.021703953
            ],
            [
              100.59671,
              0.25724787
            ],
            [
              101.2614,
              0.34614837
            ],
            [
              103.04107,
              0.5381023
            ],
            [
              103.51429,
              0.5798085
            ],
            [
              104.88935,
              0.6845029
            ],
            [
              105.54195,
              0.7274411
            ],
            [
              107.57626,
              0.8433852
            ],
            [
              108.350426,
              0.8829354
            ],
            [
              109.56537,
              0.94234395
            ],
            [
              109.23785,
              2.3900058
            ],
            [
              108.9179,
              3.8384151
            ],
            [
              108.60598,
              5.287458
            ],
            [
              108.30134,
              6.737089
            ],
            [
              108.00408,
              8.187084
            ],
            [
              107.71391,
              9.637553
            ],
            [
              107.43067,
              11.088297
            ],
            [
              107.15432,
              12.539296
            ],
            [
              106.884514,
              13.990471
            ],
            [
              106.621376,
              15.441707
            ],
            [
              106.364784,
              16.893028
            ],
            [
              106.11445,
              18.34429
            ],
            [
              106.00808,
              18.97317
            ],
            [
              105.662605,
              18.978743
            ],
            [
              105.022644,
              18.987022
            ],
            [
              102.957825,
              18.992771
            ],
            [
              102.13228,
              18.984253
            ],
            [
              100.444534,
              18.94172
            ],
            [
              99.87797,
              18.918308
            ],
            [
              98.42622,
              18.832142
            ],
            [
              97.60748,
              18.764082
            ],
            [
              95.880936,
              18.56518
            ],
            [
              95.2739,
              18.475409
            ],
            [
              93.86907,
              18.224937
            ],
            [
              93.33143,
              18.11284
            ],
            [
              91.98915,
              17.792713
            ],
            [
              91.435684,
              17.643694
            ],
            [
              89.94288,
              17.191942
            ],
            [
              89.2747,
              16.966772
            ],
            [
              87.50811,
              16.309679
            ],
            [
              87.04289,
              16.123465
            ],
            [
              85.698746,
              15.560148
            ],
            [
              85.0637,
              15.282838
            ],
            [
              83.08897,
              14.385568
            ],
            [
              82.33713,
              14.032979
            ],
            [
              81.15381,
              13.468732
            ]
          ]
        ]
      },
      "properties": {
        "id": "7d3b13ba-8a14-4377-9d1a-d59dae880d7e",
        "source": "Copernicus",
        "sensor": "S5P",
        "type": "optical",
        "datetime": "2026-08-18T07:10:44.000000Z",
        "cloud_cover": null,
        "name": "S5P_NRTI_L1B_RA_BD5_20260818T071143_20260818T071655_45838_03_030000_20260818T074051.nc",
        "links": [
          {
            "label": "OData詳細",
            "url": "https://catalogue.dataspace.copernicus.eu/odata/v1/Products(7d3b13ba-8a14-4377-9d1a-d59dae880d7e)"
          },
          {
            "label": "Copernicus Browserで開く",
            "url": "https://browser.dataspace.copernicus.eu/?zoom=8&product=S5P_NRTI_L1B_RA_BD5_20260818T071143_20260818T071655_45838_03_030000_20260818T074051.nc"
          }
        ],
        "first_seen": "2026-08-18T10:14:17.015380+00:00"
      }
    },
    {
      "type": "Feature",
      "geometry": {
        "type": "Polygon",
        "coordinates": [
          [
            [
              81.15381,
              13.468732
            ],
            [
              81.57535,
              12.030872
            ],
            [
              81.984985,
              10.591248
            ],
            [
              82.38339,
              9.150102
            ],
            [
              82.77034,
              7.7072062
            ],
            [
              83.14672,
              6.262962
            ],
            [
              83.513115,
              4.817496
            ],
            [
              83.8699,
              3.3709226
            ],
            [
              84.21705,
              1.9232112
            ],
            [
              84.55536,
              0.47466138
            ],
            [
              84.884834,
              -0.9748312
            ],
            [
              85.20598,
              -2.4248786
            ],
            [
              85.51894,
              -3.8755908
            ],
            [
              85.65195,
              -4.5044885
            ],
            [
              85.973885,
              -4.37304
            ],
            [
              86.56745,
              -4.1305065
            ],
            [
              88.46304,
              -3.3580546
            ],
            [
              89.214935,
              -3.054818
            ],
            [
              90.74673,
              -2.4495516
            ],
            [
              91.26047,
              -2.2521086
            ],
            [
              92.57912,
              -1.7638799
            ],
            [
              93.32597,
              -1.5022357
            ],
            [
              94.9142,
              -0.99094117
            ],
            [
              95.47815,
              -0.82589334
            ],
            [
              96.79667,
              -0.4757493
            ],
            [
              97.30664,
              -0.35380352
            ],
            [
              98.5938,
              -0.07907752
            ],
            [
              99.130615,
              0.021703953
            ],
            [
              100.59671,
              0.25724787
            ],
            [
              101.2614,
              0.34614837
            ],
            [
              103.04107,
              0.5381023
            ],
            [
              103.51429,
              0.5798085
            ],
            [
              104.88935,
              0.6845029
            ],
            [
              105.54195,
              0.7274411
            ],
            [
              107.57626,
              0.8433852
            ],
            [
              108.350426,
              0.8829354
            ],
            [
              109.56537,
              0.94234395
            ],
            [
              109.23785,
              2.3900058
            ],
            [
              108.9179,
              3.8384151
            ],
            [
              108.60598,
              5.287458
            ],
            [
              108.30134,
              6.737089
            ],
            [
              108.00408,
              8.187084
            ],
            [
              107.71391,
              9.637553
            ],
            [
              107.43067,
              11.088297
            ],
            [
              107.15432,
              12.539296
            ],
            [
              106.884514,
              13.990471
            ],
            [
              106.621376,
              15.441707
            ],
            [
              106.364784,
              16.893028
            ],
            [
              106.11445,
              18.34429
            ],
            [
              106.00808,
              18.97317
            ],
            [
              105.662605,
              18.978743
            ],
            [
              105.022644,
              18.987022
            ],
            [
              102.957825,
              18.992771
            ],
            [
              102.13228,
              18.984253
            ],
            [
              100.444534,
              18.94172
            ],
            [
              99.87797,
              18.918308
            ],
            [
              98.42622,
              18.832142
            ],
            [
              97.60748,
              18.764082
            ],
            [
              95.880936,
              18.56518
            ],
            [
              95.2739,
              18.475409
            ],
            [
              93.86907,
              18.224937
            ],
            [
              93.33143,
              18.11284
            ],
            [
              91.98915,
              17.792713
            ],
            [
              91.435684,
              17.643694
            ],
            [
              89.94288,
              17.191942
            ],
            [
              89.2747,
              16.966772
            ],
            [
              87.50811,
              16.309679
            ],
            [
              87.04289,
              16.123465
            ],
            [
              85.698746,
              15.560148
            ],
            [
              85.0637,
              15.282838
            ],
            [
              83.08897,
              14.385568
            ],
            [
              82.33713,
              14.032979
            ],
            [
              81.15381,
              13.468732
            ]
          ]
        ]
      },
      "properties": {
        "id": "8f28bc0d-4440-4d55-a77f-0fb6a32c9156",
        "source": "Copernicus",
        "sensor": "S5P",
        "type": "optical",
        "datetime": "2026-08-18T07:10:44.000000Z",
        "cloud_cover": null,
        "name": "S5P_NRTI_L1B_RA_BD1_20260818T071143_20260818T071655_45838_03_030000_20260818T074051.nc",
        "links": [
          {
            "label": "OData詳細",
            "url": "https://catalogue.dataspace.copernicus.eu/odata/v1/Products(8f28bc0d-4440-4d55-a77f-0fb6a32c9156)"
          },
          {
            "label": "Copernicus Browserで開く",
            "url": "https://browser.dataspace.copernicus.eu/?zoom=8&product=S5P_NRTI_L1B_RA_BD1_20260818T071143_20260818T071655_45838_03_030000_20260818T074051.nc"
          }
        ],
        "first_seen": "2026-08-18T10:14:17.015380+00:00"
      }
    },
    {
      "type": "Feature",
      "geometry": {
        "type": "Polygon",
        "coordinates": [
          [
            [
              81.15381,
              13.468732
            ],
            [
              81.57535,
              12.030872
            ],
            [
              81.984985,
              10.591248
            ],
            [
              82.38339,
              9.150102
            ],
            [
              82.77034,
              7.7072062
            ],
            [
              83.14672,
              6.262962
            ],
            [
              83.513115,
              4.817496
            ],
            [
              83.8699,
              3.3709226
            ],
            [
              84.21705,
              1.9232112
            ],
            [
              84.55536,
              0.47466138
            ],
            [
              84.884834,
              -0.9748312
            ],
            [
              85.20598,
              -2.4248786
            ],
            [
              85.51894,
              -3.8755908
            ],
            [
              85.65195,
              -4.5044885
            ],
            [
              85.973885,
              -4.37304
            ],
            [
              86.56745,
              -4.1305065
            ],
            [
              88.46304,
              -3.3580546
            ],
            [
              89.214935,
              -3.054818
            ],
            [
              90.74673,
              -2.4495516
            ],
            [
              91.26047,
              -2.2521086
            ],
            [
              92.57912,
              -1.7638799
            ],
            [
              93.32597,
              -1.5022357
            ],
            [
              94.9142,
              -0.99094117
            ],
            [
              95.47815,
              -0.82589334
            ],
            [
              96.79667,
              -0.4757493
            ],
            [
              97.30664,
              -0.35380352
            ],
            [
              98.5938,
              -0.07907752
            ],
            [
              99.130615,
              0.021703953
            ],
            [
              100.59671,
              0.25724787
            ],
            [
              101.2614,
              0.34614837
            ],
            [
              103.04107,
              0.5381023
            ],
            [
              103.51429,
              0.5798085
            ],
            [
              104.88935,
              0.6845029
            ],
            [
              105.54195,
              0.7274411
            ],
            [
              107.57626,
              0.8433852
            ],
            [
              108.350426,
              0.8829354
            ],
            [
              109.56537,
              0.94234395
            ],
            [
              109.23785,
              2.3900058
            ],
            [
              108.9179,
              3.8384151
            ],
            [
              108.60598,
              5.287458
            ],
            [
              108.30134,
              6.737089
            ],
            [
              108.00408,
              8.187084
            ],
            [
              107.71391,
              9.637553
            ],
            [
              107.43067,
              11.088297
            ],
            [
              107.15432,
              12.539296
            ],
            [
              106.884514,
              13.990471
            ],
            [
              106.621376,
              15.441707
            ],
            [
              106.364784,
              16.893028
            ],
            [
              106.11445,
              18.34429
            ],
            [
              106.00808,
              18.97317
            ],
            [
              105.662605,
              18.978743
            ],
            [
              105.022644,
              18.987022
            ],
            [
              102.957825,
              18.992771
            ],
            [
              102.13228,
              18.984253
            ],
            [
              100.444534,
              18.94172
            ],
            [
              99.87797,
              18.918308
            ],
            [
              98.42622,
              18.832142
            ],
            [
              97.60748,
              18.764082
            ],
            [
              95.880936,
              18.56518
            ],
            [
              95.2739,
              18.475409
            ],
            [
              93.86907,
              18.224937
            ],
            [
              93.33143,
              18.11284
            ],
            [
              91.98915,
              17.792713
            ],
            [
              91.435684,
              17.643694
            ],
            [
              89.94288,
              17.191942
            ],
            [
              89.2747,
              16.966772
            ],
            [
              87.50811,
              16.309679
            ],
            [
              87.04289,
              16.123465
            ],
            [
              85.698746,
              15.560148
            ],
            [
              85.0637,
              15.282838
            ],
            [
              83.08897,
              14.385568
            ],
            [
              82.33713,
              14.032979
            ],
            [
              81.15381,
              13.468732
            ]
          ]
        ]
      },
      "properties": {
        "id": "bcf8ea01-5c5b-4fe0-b5ab-83fa8b7bf2e1",
        "source": "Copernicus",
        "sensor": "S5P",
        "type": "optical",
        "datetime": "2026-08-18T07:10:44.000000Z",
        "cloud_cover": null,
        "name": "S5P_NRTI_L1B_RA_BD7_20260818T071143_20260818T071655_45838_03_030000_20260818T074051.nc",
        "links": [
          {
            "label": "OData詳細",
            "url": "https://catalogue.dataspace.copernicus.eu/odata/v1/Products(bcf8ea01-5c5b-4fe0-b5ab-83fa8b7bf2e1)"
          },
          {
            "label": "Copernicus Browserで開く",
            "url": "https://browser.dataspace.copernicus.eu/?zoom=8&product=S5P_NRTI_L1B_RA_BD7_20260818T071143_20260818T071655_45838_03_030000_20260818T074051.nc"
          }
        ],
        "first_seen": "2026-08-18T10:14:17.015380+00:00"
      }
    },
    {
      "type": "Feature",
      "geometry": {
        "type": "Polygon",
        "coordinates": [
          [
            [
              81.15381,
              13.468732
            ],
            [
              81.57535,
              12.030872
            ],
            [
              81.984985,
              10.591248
            ],
            [
              82.38339,
              9.150102
            ],
            [
              82.77034,
              7.7072062
            ],
            [
              83.14672,
              6.262962
            ],
            [
              83.513115,
              4.817496
            ],
            [
              83.8699,
              3.3709226
            ],
            [
              84.21705,
              1.9232112
            ],
            [
              84.55536,
              0.47466138
            ],
            [
              84.884834,
              -0.9748312
            ],
            [
              85.20598,
              -2.4248786
            ],
            [
              85.51894,
              -3.8755908
            ],
            [
              85.65195,
              -4.5044885
            ],
            [
              85.973885,
              -4.37304
            ],
            [
              86.56745,
              -4.1305065
            ],
            [
              88.46304,
              -3.3580546
            ],
            [
              89.214935,
              -3.054818
            ],
            [
              90.74673,
              -2.4495516
            ],
            [
              91.26047,
              -2.2521086
            ],
            [
              92.57912,
              -1.7638799
            ],
            [
              93.32597,
              -1.5022357
            ],
            [
              94.9142,
              -0.99094117
            ],
            [
              95.47815,
              -0.82589334
            ],
            [
              96.79667,
              -0.4757493
            ],
            [
              97.30664,
              -0.35380352
            ],
            [
              98.5938,
              -0.07907752
            ],
            [
              99.130615,
              0.021703953
            ],
            [
              100.59671,
              0.25724787
            ],
            [
              101.2614,
              0.34614837
            ],
            [
              103.04107,
              0.5381023
            ],
            [
              103.51429,
              0.5798085
            ],
            [
              104.88935,
              0.6845029
            ],
            [
              105.54195,
              0.7274411
            ],
            [
              107.57626,
              0.8433852
            ],
            [
              108.350426,
              0.8829354
            ],
            [
              109.56537,
              0.94234395
            ],
            [
              109.23785,
              2.3900058
            ],
            [
              108.9179,
              3.8384151
            ],
            [
              108.60598,
              5.287458
            ],
            [
              108.30134,
              6.737089
            ],
            [
              108.00408,
              8.187084
            ],
            [
              107.71391,
              9.637553
            ],
            [
              107.43067,
              11.088297
            ],
            [
              107.15432,
              12.539296
            ],
            [
              106.884514,
              13.990471
            ],
            [
              106.621376,
              15.441707
            ],
            [
              106.364784,
              16.893028
            ],
            [
              106.11445,
              18.34429
            ],
            [
              106.00808,
              18.97317
            ],
            [
              105.662605,
              18.978743
            ],
            [
              105.022644,
              18.987022
            ],
            [
              102.957825,
              18.992771
            ],
            [
              102.13228,
              18.984253
            ],
            [
              100.444534,
              18.94172
            ],
            [
              99.87797,
              18.918308
            ],
            [
              98.42622,
              18.832142
            ],
            [
              97.60748,
              18.764082
            ],
            [
              95.880936,
              18.56518
            ],
            [
              95.2739,
              18.475409
            ],
            [
              93.86907,
              18.224937
            ],
            [
              93.33143,
              18.11284
            ],
            [
              91.98915,
              17.792713
            ],
            [
              91.435684,
              17.643694
            ],
            [
              89.94288,
              17.191942
            ],
            [
              89.2747,
              16.966772
            ],
            [
              87.50811,
              16.309679
            ],
            [
              87.04289,
              16.123465
            ],
            [
              85.698746,
              15.560148
            ],
            [
              85.0637,
              15.282838
            ],
            [
              83.08897,
              14.385568
            ],
            [
              82.33713,
              14.032979
            ],
            [
              81.15381,
              13.468732
            ]
          ]
        ]
      },
      "properties": {
        "id": "e42223c5-09f5-499c-846b-4c28019d94ed",
        "source": "Copernicus",
        "sensor": "S5P",
        "type": "optical",
        "datetime": "2026-08-18T07:10:44.000000Z",
        "cloud_cover": null,
        "name": "S5P_NRTI_L1B_RA_BD8_20260818T071143_20260818T071655_45838_03_030000_20260818T074051.nc",
        "links": [
          {
            "label": "OData詳細",
            "url": "https://catalogue.dataspace.copernicus.eu/odata/v1/Products(e42223c5-09f5-499c-846b-4c28019d94ed)"
          },
          {
            "label": "Copernicus Browserで開く",
            "url": "https://browser.dataspace.copernicus.eu/?zoom=8&product=S5P_NRTI_L1B_RA_BD8_20260818T071143_20260818T071655_45838_03_030000_20260818T074051.nc"
          }
        ],
        "first_seen": "2026-08-18T10:14:17.015380+00:00"
      }
    },
    {
      "type": "Feature",
      "geometry": {
        "type": "Polygon",
        "coordinates": [
          [
            [
              -180.0125,
              -70.0125
            ],
            [
              -180.0125,
              70.0125
            ],
            [
              179.9875,
              70.0125
            ],
            [
              179.9875,
              -70.0125
            ],
            [
              -180.0125,
              -70.0125
            ]
          ]
        ]
      },
      "properties": {
        "id": "3b7a9be7-a5a6-4c35-b7f6-955bffd17e44",
        "source": "Copernicus",
        "sensor": "c",
        "type": "optical",
        "datetime": "2026-08-18T07:00:00.000000Z",
        "cloud_cover": null,
        "name": "c_gls_LST_202608180700_GLOBE_GEO_V3.0.1_nc",
        "links": [
          {
            "label": "OData詳細",
            "url": "https://catalogue.dataspace.copernicus.eu/odata/v1/Products(3b7a9be7-a5a6-4c35-b7f6-955bffd17e44)"
          },
          {
            "label": "Copernicus Browserで開く",
            "url": "https://browser.dataspace.copernicus.eu/?zoom=8&product=c_gls_LST_202608180700_GLOBE_GEO_V3.0.1_nc"
          }
        ],
        "first_seen": "2026-08-18T10:14:17.015380+00:00"
      }
    },
    {
      "type": "Feature",
      "geometry": {
        "type": "Polygon",
        "coordinates": [
          [
            [
              -180.0125,
              -70.0125
            ],
            [
              -180.0125,
              70.0125
            ],
            [
              179.9875,
              70.0125
            ],
            [
              179.9875,
              -70.0125
            ],
            [
              -180.0125,
              -70.0125
            ]
          ]
        ]
      },
      "properties": {
        "id": "59dab732-f2e1-4477-856a-a6d0eec9b935",
        "source": "Copernicus",
        "sensor": "c",
        "type": "optical",
        "datetime": "2026-08-18T07:00:00.000000Z",
        "cloud_cover": null,
        "name": "c_gls_LST_202608180700_GLOBE_GEO_V3.0.1_cog",
        "links": [
          {
            "label": "OData詳細",
            "url": "https://catalogue.dataspace.copernicus.eu/odata/v1/Products(59dab732-f2e1-4477-856a-a6d0eec9b935)"
          },
          {
            "label": "Copernicus Browserで開く",
            "url": "https://browser.dataspace.copernicus.eu/?zoom=8&product=c_gls_LST_202608180700_GLOBE_GEO_V3.0.1_cog"
          }
        ],
        "first_seen": "2026-08-18T10:14:17.015380+00:00"
      }
    },
    {
      "type": "Feature",
      "geometry": {
        "type": "Polygon",
        "coordinates": [
          [
            [
              -180.0125,
              -70.0125
            ],
            [
              -180.0125,
              70.0125
            ],
            [
              179.9875,
              70.0125
            ],
            [
              179.9875,
              -70.0125
            ],
            [
              -180.0125,
              -70.0125
            ]
          ]
        ]
      },
      "properties": {
        "id": "117dab59-d823-4d8e-adc5-bcf53049736f",
        "source": "Copernicus",
        "sensor": "c",
        "type": "optical",
        "datetime": "2026-08-18T06:00:00.000000Z",
        "cloud_cover": null,
        "name": "c_gls_LST_202608180600_GLOBE_GEO_V3.0.1_nc",
        "links": [
          {
            "label": "OData詳細",
            "url": "https://catalogue.dataspace.copernicus.eu/odata/v1/Products(117dab59-d823-4d8e-adc5-bcf53049736f)"
          },
          {
            "label": "Copernicus Browserで開く",
            "url": "https://browser.dataspace.copernicus.eu/?zoom=8&product=c_gls_LST_202608180600_GLOBE_GEO_V3.0.1_nc"
          }
        ],
        "first_seen": "2026-08-18T10:14:17.015380+00:00"
      }
    },
    {
      "type": "Feature",
      "geometry": {
        "type": "Polygon",
        "coordinates": [
          [
            [
              -180.0125,
              -70.0125
            ],
            [
              -180.0125,
              70.0125
            ],
            [
              179.9875,
              70.0125
            ],
            [
              179.9875,
              -70.0125
            ],
            [
              -180.0125,
              -70.0125
            ]
          ]
        ]
      },
      "properties": {
        "id": "862dff1b-3caf-47ba-a665-c959ae84e5f0",
        "source": "Copernicus",
        "sensor": "c",
        "type": "optical",
        "datetime": "2026-08-18T06:00:00.000000Z",
        "cloud_cover": null,
        "name": "c_gls_LST_202608180600_GLOBE_GEO_V3.0.1_cog",
        "links": [
          {
            "label": "OData詳細",
            "url": "https://catalogue.dataspace.copernicus.eu/odata/v1/Products(862dff1b-3caf-47ba-a665-c959ae84e5f0)"
          },
          {
            "label": "Copernicus Browserで開く",
            "url": "https://browser.dataspace.copernicus.eu/?zoom=8&product=c_gls_LST_202608180600_GLOBE_GEO_V3.0.1_cog"
          }
        ],
        "first_seen": "2026-08-18T10:14:17.015380+00:00"
      }
    },
    {
      "type": "Feature",
      "geometry": {
        "type": "MultiPolygon",
        "coordinates": [
          [
            [
              [
                180.0,
                -63.9627600968672
              ],
              [
                180.0,
                -62.94878485990169
              ],
              [
                162.512386,
                -58.207752
              ],
              [
                148.279884,
                -49.135546
              ],
              [
                139.157556,
                -38.705586
              ],
              [
                132.714936,
                -27.580474
              ],
              [
                126.419228,
                -12.867816
              ],
              [
                122.132403,
                -1.146427
              ],
              [
                117.886368,
                10.610204
              ],
              [
                113.221161,
                22.283839
              ],
              [
                107.533846,
                33.731251
              ],
              [
                99.841726,
                44.717802
              ],
              [
                88.339162,
                54.764857
              ],
              [
                69.9386,
                62.768645
              ],
              [
                42.524289,
                66.586282
              ],
              [
                13.425194,
                64.368776
              ],
              [
                -7.445224,
                57.304183
              ],
              [
                -20.519037,
                47.691416
              ],
              [
                -19.92549,
                46.886617
              ],
              [
                -7.123925,
                56.357205
              ],
              [
                13.501569,
                63.371696
              ],
              [
                42.387018,
                65.595748
              ],
              [
                69.5408,
                61.851172
              ],
              [
                87.682036,
                54.011076
              ],
              [
                99.022788,
                44.14392
              ],
              [
                106.63834,
                33.286201
              ],
              [
                112.292577,
                21.912719
              ],
              [
                116.945829,
                10.270517
              ],
              [
                121.193262,
                -1.489958
              ],
              [
                125.499953,
                -13.261433
              ],
              [
                131.849937,
                -28.082248
              ],
              [
                138.405796,
                -39.365023
              ],
              [
                147.7435,
                -49.97952
              ],
              [
                162.251287,
                -59.173064
              ],
              [
                180.0,
                -63.9627600968672
              ]
            ]
          ],
          [
            [
              [
                -180.0,
                -62.94878485990169
              ],
              [
                -180.0,
                -63.9627600968672
              ],
              [
                -174.782374,
                -65.370797
              ],
              [
                -144.932059,
                -66.228415
              ],
              [
                -119.362259,
                -61.258013
              ],
              [
                -102.81622,
                -52.657206
              ],
              [
                -92.3828,
                -42.341533
              ],
              [
                -85.254635,
                -31.228384
              ],
              [
                -79.860985,
                -19.718788
              ],
              [
                -75.333459,
                -8.018941
              ],
              [
                -71.115501,
                3.741387
              ],
              [
                -66.75647,
                15.445198
              ],
              [
                -61.761403,
                26.964353
              ],
              [
                -55.41957,
                38.117044
              ],
              [
                -46.465755,
                48.614864
              ],
              [
                -37.794879,
                55.044084
              ],
              [
                -38.390487,
                55.84736
              ],
              [
                -47.061362,
                49.41814
              ],
              [
                -56.179815,
                38.766681
              ],
              [
                -62.630345,
                27.459267
              ],
              [
                -67.673833,
                15.84325
              ],
              [
                -72.052595,
                4.090463
              ],
              [
                -76.274747,
                -7.681335
              ],
              [
                -80.793588,
                -19.357883
              ],
              [
                -86.160099,
                -30.80396
              ],
              [
                -93.224351,
                -41.801355
              ],
              [
                -103.518712,
                -51.945514
              ],
              [
                -119.822412,
                -60.370173
              ],
              [
                -145.122102,
                -65.246639
              ],
              [
                -174.75325,
                -64.371221
              ],
              [
                -180.0,
                -62.94878485990169
              ]
            ]
          ]
        ]
      },
      "properties": {
        "id": "984f58c0-9f72-4aa5-ae00-b525c3634ad4",
        "source": "Copernicus",
        "sensor": "S6B",
        "type": "optical",
        "datetime": "2026-08-18T05:53:59.509362Z",
        "cloud_cover": null,
        "name": "S6B_P4_2__LR______20260818T055359_20260818T074947_20260818T082606_6948_028_189_095_EUM__OPE_NR_G01.SEN6",
        "links": [
          {
            "label": "OData詳細",
            "url": "https://catalogue.dataspace.copernicus.eu/odata/v1/Products(984f58c0-9f72-4aa5-ae00-b525c3634ad4)"
          },
          {
            "label": "Copernicus Browserで開く",
            "url": "https://browser.dataspace.copernicus.eu/?zoom=8&product=S6B_P4_2__LR______20260818T055359_20260818T074947_20260818T082606_6948_028_189_095_EUM__OPE_NR_G01.SEN6"
          }
        ],
        "first_seen": "2026-08-18T10:14:17.015380+00:00"
      }
    },
    {
      "type": "Feature",
      "geometry": {
        "type": "MultiPolygon",
        "coordinates": [
          [
            [
              [
                180.0,
                -63.9627600968672
              ],
              [
                180.0,
                -62.94878485990169
              ],
              [
                162.512386,
                -58.207752
              ],
              [
                148.279884,
                -49.135546
              ],
              [
                139.157556,
                -38.705586
              ],
              [
                132.714936,
                -27.580474
              ],
              [
                126.419228,
                -12.867816
              ],
              [
                122.132403,
                -1.146427
              ],
              [
                117.886368,
                10.610204
              ],
              [
                113.221161,
                22.283839
              ],
              [
                107.533846,
                33.731251
              ],
              [
                99.841726,
                44.717802
              ],
              [
                88.339162,
                54.764857
              ],
              [
                69.9386,
                62.768645
              ],
              [
                42.524289,
                66.586282
              ],
              [
                13.425194,
                64.368776
              ],
              [
                -7.445224,
                57.304183
              ],
              [
                -20.519037,
                47.691416
              ],
              [
                -19.92549,
                46.886617
              ],
              [
                -7.123925,
                56.357205
              ],
              [
                13.501569,
                63.371696
              ],
              [
                42.387018,
                65.595748
              ],
              [
                69.5408,
                61.851172
              ],
              [
                87.682036,
                54.011076
              ],
              [
                99.022788,
                44.14392
              ],
              [
                106.63834,
                33.286201
              ],
              [
                112.292577,
                21.912719
              ],
              [
                116.945829,
                10.270517
              ],
              [
                121.193262,
                -1.489958
              ],
              [
                125.499953,
                -13.261433
              ],
              [
                131.849937,
                -28.082248
              ],
              [
                138.405796,
                -39.365023
              ],
              [
                147.7435,
                -49.97952
              ],
              [
                162.251287,
                -59.173064
              ],
              [
                180.0,
                -63.9627600968672
              ]
            ]
          ],
          [
            [
              [
                -180.0,
                -62.94878485990169
              ],
              [
                -180.0,
                -63.9627600968672
              ],
              [
                -174.782374,
                -65.370797
              ],
              [
                -144.932059,
                -66.228415
              ],
              [
                -119.362259,
                -61.258013
              ],
              [
                -102.81622,
                -52.657206
              ],
              [
                -92.3828,
                -42.341533
              ],
              [
                -85.254635,
                -31.228384
              ],
              [
                -79.860985,
                -19.718788
              ],
              [
                -75.333459,
                -8.018941
              ],
              [
                -71.115501,
                3.741387
              ],
              [
                -66.75647,
                15.445198
              ],
              [
                -61.761403,
                26.964353
              ],
              [
                -55.41957,
                38.117044
              ],
              [
                -46.465755,
                48.614864
              ],
              [
                -37.794879,
                55.044084
              ],
              [
                -38.390487,
                55.84736
              ],
              [
                -47.061362,
                49.41814
              ],
              [
                -56.179815,
                38.766681
              ],
              [
                -62.630345,
                27.459267
              ],
              [
                -67.673833,
                15.84325
              ],
              [
                -72.052595,
                4.090463
              ],
              [
                -76.274747,
                -7.681335
              ],
              [
                -80.793588,
                -19.357883
              ],
              [
                -86.160099,
                -30.80396
              ],
              [
                -93.224351,
                -41.801355
              ],
              [
                -103.518712,
                -51.945514
              ],
              [
                -119.822412,
                -60.370173
              ],
              [
                -145.122102,
                -65.246639
              ],
              [
                -174.75325,
                -64.371221
              ],
              [
                -180.0,
                -62.94878485990169
              ]
            ]
          ]
        ]
      },
      "properties": {
        "id": "dc795f54-cf4d-49a8-9c8e-c7385ba0c11b",
        "source": "Copernicus",
        "sensor": "S6B",
        "type": "optical",
        "datetime": "2026-08-18T05:53:59.509362Z",
        "cloud_cover": null,
        "name": "S6B_P4_1B_LR______20260818T055359_20260818T074947_20260818T082549_6948_028_189_095_EUM__OPE_NR_G01.SEN6",
        "links": [
          {
            "label": "OData詳細",
            "url": "https://catalogue.dataspace.copernicus.eu/odata/v1/Products(dc795f54-cf4d-49a8-9c8e-c7385ba0c11b)"
          },
          {
            "label": "Copernicus Browserで開く",
            "url": "https://browser.dataspace.copernicus.eu/?zoom=8&product=S6B_P4_1B_LR______20260818T055359_20260818T074947_20260818T082549_6948_028_189_095_EUM__OPE_NR_G01.SEN6"
          }
        ],
        "first_seen": "2026-08-18T10:14:17.015380+00:00"
      }
    }
  ]
}